Order_ID,Order_Date,Customer_ID,Restaurant_Name,Food_Category,Order_Value,Delivery_Time,Rating,Payment_Method,City,Order_Status
100001,2025-08-29,C9054,Mumbai Tadka,Beverages,1174,17,3.6,UPI,Mumbai - Colaba,Delivered
100002,2025-02-23,C7477,Marine Drive Meals,North Indian,902,55,4.7,Wallet,Mumbai - Colaba,Cancelled
100003,2025-12-19,C9698,Marine Drive Meals,Pizza,1586,20,3.0,Wallet,Mumbai - Andheri,Delivered
100004,2026-04-21,C7416,Bandra Bites,Healthy Food,1763,84,2.9,Wallet,Mumbai - Powai,Cancelled
100005,2025-12-30,C4995,Borivali Bistro,South Indian,553,82,4.4,Credit Card,Mumbai - Kurla,Cancelled
100006,2025-06-21,C9744,Ghatkopar Grill,Desserts,391,69,2.8,UPI,Mumbai - Bandra,Delivered
100007,2025-10-24,C3538,Marine Drive Meals,North Indian,1057,85,2.9,Debit Card,Mumbai - Bandra,Delivered
100008,2025-12-19,C3572,Chembur Spice House,Biryani,181,78,3.7,Wallet,Mumbai - Vashi,Cancelled
100009,2025-03-29,C8877,Andheri Kitchen,Chinese,1109,64,4.8,UPI,Mumbai - Powai,Delivered
100010,2025-11-25,C7929,Dadar Darbar,Burger,1262,19,4.2,Debit Card,Mumbai - Andheri,Delivered
100011,2025-03-12,C6733,Marine Drive Meals,Burger,1088,65,2.9,Debit Card,Mumbai - Bandra,Delivered
100012,2026-05-24,C8894,Marine Drive Meals,North Indian,773,63,4.3,Credit Card,Mumbai - Andheri,Cancelled
100013,2025-07-10,C1278,Powai Plates,Biryani,628,74,4.0,UPI,Mumbai - Bandra,Delivered
100014,2025-11-30,C9960,Colaba Cafe,Burger,1754,38,4.0,Cash,Mumbai - Mulund,Delayed
100015,2025-11-21,C4179,Mumbai Tadka,Burger,1238,24,4.8,Wallet,Mumbai - Malad,Delivered
100016,2026-01-14,C5860,Chembur Spice House,Pizza,1484,59,4.5,Wallet,Mumbai - Borivali,Delayed
100017,2026-03-22,C5207,Ghatkopar Grill,South Indian,332,83,2.9,Debit Card,Mumbai - Chembur,Delivered
100018,2026-01-01,C7970,Ghatkopar Grill,Healthy Food,684,69,2.7,Credit Card,Mumbai - Kurla,Cancelled
100019,2025-12-17,C2191,Chembur Spice House,North Indian,329,41,4.4,Cash,Mumbai - Chembur,Delayed
100020,2026-01-08,C6146,Ghatkopar Grill,Beverages,462,76,5.0,Debit Card,Mumbai - Powai,Delivered
100021,2026-03-05,C6315,Malad Food Hub,Burger,178,37,3.5,Cash,Mumbai - Ghatkopar,Delivered
100022,2025-12-21,C3843,Malad Food Hub,Pizza,801,40,4.3,UPI,Mumbai - Andheri,Delivered
100023,2026-02-19,C8534,Powai Plates,Chinese,866,58,3.8,Credit Card,Mumbai - Ghatkopar,Delayed
100024,2026-06-04,C8882,Marine Drive Meals,Chinese,632,35,4.4,Wallet,Mumbai - Malad,Delivered
100025,2025-07-19,C2782,Bandra Bites,Burger,129,53,3.7,Credit Card,Mumbai - Andheri,Delivered
100026,2025-10-06,C3225,Borivali Bistro,Healthy Food,1625,74,3.3,UPI,Mumbai - Andheri,Delivered
100027,2025-09-23,C4649,Malad Food Hub,Pizza,1061,56,2.7,Cash,Mumbai - Borivali,Delayed
100028,2025-06-21,C1136,Marine Drive Meals,South Indian,1415,59,3.3,Debit Card,Mumbai - Thane,Delivered
100029,2025-10-05,C5277,Ghatkopar Grill,Burger,628,39,3.1,UPI,Mumbai - Malad,Delivered
100030,2025-02-03,C1065,Borivali Bistro,Pizza,795,24,3.7,Credit Card,Mumbai - Andheri,Delayed
100031,2025-06-19,C7193,Bandra Bites,Beverages,562,16,4.7,Credit Card,Mumbai - Thane,Delivered
100032,2025-11-20,C4597,Colaba Cafe,Chinese,1153,44,4.4,Wallet,Mumbai - Vashi,Delayed
100033,2026-04-16,C4879,Chembur Spice House,Desserts,1562,78,3.6,Credit Card,Mumbai - Dadar,Delivered
100034,2025-05-12,C4527,Kurla Kitchen,South Indian,1781,74,3.9,Wallet,Mumbai - Thane,Delivered
100035,2026-04-19,C2986,Vashi Veg Corner,South Indian,641,82,3.5,Debit Card,Mumbai - Kurla,Cancelled
100036,2025-10-06,C5395,Colaba Cafe,North Indian,1603,21,3.0,Credit Card,Mumbai - Dadar,Delivered
100037,2025-11-13,C6407,Thane Treats,Pizza,1253,37,3.2,Credit Card,Mumbai - Vashi,Cancelled
100038,2025-03-14,C6975,Malad Food Hub,Desserts,1773,18,4.0,Cash,Mumbai - Andheri,Delayed
100039,2026-05-13,C8850,Marine Drive Meals,Desserts,952,68,3.9,Credit Card,Mumbai - Vashi,Cancelled
100040,2026-04-05,C9291,Vashi Veg Corner,South Indian,388,77,4.3,Wallet,Mumbai - Kurla,Delayed
100041,2025-06-15,C2645,Mumbai Tadka,North Indian,544,67,3.5,Debit Card,Mumbai - Andheri,Delivered
100042,2025-05-11,C4746,Dadar Darbar,Beverages,100,63,4.3,Debit Card,Mumbai - Kurla,Delivered
100043,2025-08-24,C8315,Powai Plates,Chinese,814,70,4.1,UPI,Mumbai - Bandra,Delivered
100044,2026-05-27,C8447,Bandra Bites,Beverages,432,85,4.2,Cash,Mumbai - Powai,Cancelled
100045,2025-08-26,C9452,Bandra Bites,Desserts,502,16,2.5,Cash,Mumbai - Malad,Delivered
100046,2025-10-24,C6309,Marine Drive Meals,Biryani,1209,27,4.3,Credit Card,Mumbai - Ghatkopar,Delivered
100047,2025-06-12,C3944,Thane Treats,North Indian,246,16,3.6,Wallet,Mumbai - Borivali,Delayed
100048,2025-06-13,C2765,Borivali Bistro,Pizza,1288,29,2.7,Debit Card,Mumbai - Mulund,Cancelled
100049,2025-05-03,C9011,Ghatkopar Grill,Pizza,246,17,3.3,Cash,Mumbai - Borivali,Delayed
100050,2025-02-17,C5988,Marine Drive Meals,South Indian,1544,45,4.0,Cash,Mumbai - Vashi,Delivered
100051,2026-06-03,C7891,Borivali Bistro,Desserts,570,37,2.7,Wallet,Mumbai - Borivali,Delayed
100052,2025-01-30,C9611,Malad Food Hub,Healthy Food,910,50,4.0,Cash,Mumbai - Colaba,Delivered
100053,2025-04-06,C2530,Bandra Bites,Chinese,401,47,2.7,Credit Card,Mumbai - Andheri,Delivered
100054,2025-01-04,C9334,Ghatkopar Grill,South Indian,399,56,2.9,Debit Card,Mumbai - Kurla,Delayed
100055,2026-05-06,C6220,Vashi Veg Corner,North Indian,1614,75,3.0,Cash,Mumbai - Colaba,Delivered
100056,2026-01-25,C7139,Marine Drive Meals,Biryani,1312,32,4.8,Debit Card,Mumbai - Andheri,Delivered
100057,2026-02-25,C8503,Chembur Spice House,Pizza,449,66,3.2,Debit Card,Mumbai - Vashi,Delivered
100058,2025-09-28,C3538,Andheri Kitchen,Healthy Food,810,25,3.5,Debit Card,Mumbai - Bandra,Delivered
100059,2025-12-01,C8353,Colaba Cafe,Burger,641,68,2.5,Wallet,Mumbai - Dadar,Delayed
100060,2025-11-13,C5048,Colaba Cafe,Burger,1062,44,3.7,Cash,Mumbai - Kurla,Delivered
100061,2026-03-05,C9217,Bandra Bites,Beverages,478,29,3.3,Cash,Mumbai - Thane,Delivered
100062,2025-06-15,C7068,Andheri Kitchen,Healthy Food,552,30,3.5,Credit Card,Mumbai - Kurla,Delivered
100063,2025-02-10,C8972,Andheri Kitchen,Beverages,1752,43,3.7,UPI,Mumbai - Malad,Delivered
100064,2025-10-10,C6327,Thane Treats,Healthy Food,482,51,3.6,Credit Card,Mumbai - Dadar,Delivered
100065,2025-05-25,C4453,Andheri Kitchen,North Indian,1497,31,4.3,Debit Card,Mumbai - Colaba,Delivered
100066,2025-11-26,C7074,Dadar Darbar,Beverages,228,75,3.4,Cash,Mumbai - Kurla,Delivered
100067,2026-01-28,C9527,Kurla Kitchen,South Indian,545,18,3.5,UPI,Mumbai - Andheri,Delivered
100068,2025-07-06,C6423,Dadar Darbar,North Indian,1128,76,4.2,Debit Card,Mumbai - Bandra,Delivered
100069,2026-04-06,C5582,Thane Treats,Burger,1255,51,3.2,Cash,Mumbai - Powai,Delayed
100070,2025-11-07,C8261,Bandra Bites,Beverages,407,35,4.3,UPI,Mumbai - Mulund,Delivered
100071,2025-01-19,C2756,Powai Plates,South Indian,903,77,2.9,Debit Card,Mumbai - Colaba,Delivered
100072,2025-04-28,C5346,Ghatkopar Grill,Biryani,194,65,4.4,Credit Card,Mumbai - Borivali,Delivered
100073,2025-12-21,C7507,Andheri Kitchen,Biryani,940,41,2.6,Wallet,Mumbai - Borivali,Delivered
100074,2025-06-06,C9137,Marine Drive Meals,Pizza,470,39,3.8,Debit Card,Mumbai - Powai,Delayed
100075,2025-10-18,C2832,Ghatkopar Grill,Burger,130,52,3.8,Wallet,Mumbai - Colaba,Delivered
100076,2026-04-10,C2966,Vashi Veg Corner,Chinese,268,53,3.1,Wallet,Mumbai - Andheri,Cancelled
100077,2025-06-25,C5591,Dadar Darbar,Desserts,1254,42,4.6,Credit Card,Mumbai - Ghatkopar,Cancelled
100078,2025-01-02,C1814,Vashi Veg Corner,Chinese,1381,63,4.5,Debit Card,Mumbai - Kurla,Delayed
100079,2026-01-10,C3975,Chembur Spice House,Beverages,1463,72,5.0,UPI,Mumbai - Ghatkopar,Delivered
100080,2025-12-23,C5633,Marine Drive Meals,Pizza,137,37,4.8,UPI,Mumbai - Powai,Delayed
100081,2025-09-04,C1556,Marine Drive Meals,Chinese,1649,48,2.9,Debit Card,Mumbai - Bandra,Delivered
100082,2025-03-05,C4858,Chembur Spice House,Beverages,1027,28,3.6,Credit Card,Mumbai - Vashi,Delivered
100083,2026-02-16,C3138,Borivali Bistro,Biryani,901,82,4.5,UPI,Mumbai - Kurla,Cancelled
100084,2025-09-28,C4502,Dadar Darbar,Biryani,365,68,3.7,UPI,Mumbai - Dadar,Delivered
100085,2025-05-16,C6001,Vashi Veg Corner,Biryani,783,41,3.5,Wallet,Mumbai - Ghatkopar,Delivered
100086,2025-04-25,C6494,Thane Treats,Pizza,1427,50,3.4,UPI,Mumbai - Dadar,Delayed
100087,2025-08-03,C5433,Vashi Veg Corner,Burger,318,75,2.9,Wallet,Mumbai - Powai,Delivered
100088,2025-06-27,C5188,Chembur Spice House,North Indian,948,64,4.9,UPI,Mumbai - Colaba,Delivered
100089,2026-03-25,C3885,Ghatkopar Grill,South Indian,1060,23,2.9,Debit Card,Mumbai - Malad,Delivered
100090,2025-12-11,C1459,Dadar Darbar,Pizza,545,46,3.3,UPI,Mumbai - Dadar,Delayed
100091,2026-01-22,C8767,Chembur Spice House,Biryani,1690,47,2.6,Wallet,Mumbai - Malad,Delayed
100092,2026-03-16,C1211,Andheri Kitchen,South Indian,1624,37,4.8,Debit Card,Mumbai - Malad,Cancelled
100093,2025-05-01,C8904,Thane Treats,Desserts,655,55,4.1,Debit Card,Mumbai - Andheri,Delayed
100094,2025-03-01,C5095,Dadar Darbar,Pizza,183,37,4.6,UPI,Mumbai - Powai,Delivered
100095,2026-03-01,C1013,Ghatkopar Grill,North Indian,1650,62,4.0,Debit Card,Mumbai - Kurla,Delayed
100096,2026-02-04,C9349,Borivali Bistro,North Indian,1041,50,4.5,Wallet,Mumbai - Mulund,Delivered
100097,2025-04-30,C2294,Kurla Kitchen,Pizza,608,59,4.7,Wallet,Mumbai - Bandra,Delayed
100098,2026-02-24,C5408,Bandra Bites,Biryani,1164,41,4.0,Debit Card,Mumbai - Dadar,Delivered
100099,2025-04-02,C2918,Andheri Kitchen,Pizza,1017,29,2.6,UPI,Mumbai - Colaba,Delivered
100100,2026-04-21,C2508,Bandra Bites,Biryani,602,75,4.5,UPI,Mumbai - Mulund,Delayed
100101,2026-03-09,C5589,Dadar Darbar,Chinese,1440,77,4.3,Cash,Mumbai - Malad,Delivered
100102,2025-06-04,C5381,Bandra Bites,South Indian,563,61,2.6,Credit Card,Mumbai - Andheri,Delivered
100103,2026-02-05,C1789,Chembur Spice House,Biryani,1310,59,3.3,Cash,Mumbai - Chembur,Cancelled
100104,2025-10-18,C1379,Vashi Veg Corner,Pizza,692,49,4.4,UPI,Mumbai - Dadar,Delivered
100105,2025-07-21,C4849,Dadar Darbar,Burger,1340,25,5.0,Debit Card,Mumbai - Thane,Delivered
100106,2026-04-18,C7650,Borivali Bistro,Biryani,1609,71,2.7,Wallet,Mumbai - Colaba,Delivered
100107,2025-12-15,C1158,Andheri Kitchen,Biryani,785,54,3.8,Credit Card,Mumbai - Malad,Delayed
100108,2026-01-20,C1829,Mumbai Tadka,Healthy Food,974,56,4.3,Debit Card,Mumbai - Andheri,Cancelled
100109,2025-07-29,C7525,Mumbai Tadka,Burger,1485,60,3.9,Credit Card,Mumbai - Colaba,Delivered
100110,2025-02-25,C9928,Marine Drive Meals,Burger,1693,84,3.4,Wallet,Mumbai - Powai,Delivered
100111,2026-03-16,C3469,Chembur Spice House,Chinese,1639,82,4.9,Wallet,Mumbai - Bandra,Delivered
100112,2025-05-26,C2671,Borivali Bistro,Beverages,950,76,3.1,UPI,Mumbai - Kurla,Delivered
100113,2025-05-18,C5965,Vashi Veg Corner,South Indian,910,67,3.2,UPI,Mumbai - Colaba,Delivered
100114,2025-06-06,C9710,Colaba Cafe,Desserts,1604,83,4.0,Wallet,Mumbai - Malad,Delayed
100115,2025-06-03,C7687,Powai Plates,South Indian,1057,75,3.6,Credit Card,Mumbai - Borivali,Delayed
100116,2025-03-28,C9366,Bandra Bites,Burger,532,75,3.1,Credit Card,Mumbai - Dadar,Delivered
100117,2026-01-01,C1763,Borivali Bistro,Healthy Food,633,65,3.4,Cash,Mumbai - Andheri,Delivered
100118,2026-01-25,C1547,Powai Plates,Chinese,1184,42,3.7,Cash,Mumbai - Borivali,Delivered
100119,2025-05-14,C5089,Powai Plates,South Indian,1793,37,2.6,Credit Card,Mumbai - Powai,Delivered
100120,2025-03-10,C3085,Bandra Bites,Burger,1405,27,3.7,Credit Card,Mumbai - Powai,Delivered
100121,2026-03-22,C2132,Powai Plates,South Indian,1394,16,3.9,UPI,Mumbai - Ghatkopar,Cancelled
100122,2025-06-02,C4846,Malad Food Hub,North Indian,1383,81,3.0,Cash,Mumbai - Ghatkopar,Cancelled
100123,2025-10-30,C4478,Ghatkopar Grill,Beverages,1413,63,2.9,Wallet,Mumbai - Ghatkopar,Delivered
100124,2025-07-14,C4494,Kurla Kitchen,Healthy Food,245,22,4.1,UPI,Mumbai - Thane,Delivered
100125,2025-04-22,C3937,Borivali Bistro,Beverages,303,72,3.6,Credit Card,Mumbai - Bandra,Delivered
100126,2025-03-08,C7314,Borivali Bistro,Beverages,670,52,4.7,Cash,Mumbai - Andheri,Delivered
100127,2025-08-03,C6707,Borivali Bistro,North Indian,1396,51,2.9,Cash,Mumbai - Thane,Delivered
100128,2025-10-29,C4094,Chembur Spice House,North Indian,1529,37,3.5,UPI,Mumbai - Bandra,Delivered
100129,2026-05-08,C4070,Thane Treats,Chinese,1150,15,4.4,UPI,Mumbai - Andheri,Cancelled
100130,2025-01-15,C4502,Powai Plates,Beverages,1748,73,3.4,Credit Card,Mumbai - Colaba,Cancelled
100131,2025-10-19,C5498,Mumbai Tadka,Beverages,1254,18,4.1,Credit Card,Mumbai - Andheri,Cancelled
100132,2025-05-27,C2166,Powai Plates,South Indian,603,74,3.7,UPI,Mumbai - Mulund,Delivered
100133,2025-09-28,C1844,Marine Drive Meals,South Indian,1252,81,2.7,Wallet,Mumbai - Powai,Cancelled
100134,2025-06-11,C1907,Kurla Kitchen,Biryani,966,62,4.2,Wallet,Mumbai - Ghatkopar,Delivered
100135,2025-04-30,C1593,Kurla Kitchen,Desserts,425,61,3.8,Wallet,Mumbai - Vashi,Delivered
100136,2026-05-23,C2458,Ghatkopar Grill,North Indian,604,22,2.6,Cash,Mumbai - Powai,Delayed
100137,2025-01-25,C2482,Andheri Kitchen,Beverages,514,16,3.9,Credit Card,Mumbai - Malad,Cancelled
100138,2025-02-14,C9430,Thane Treats,Burger,1598,36,4.8,Cash,Mumbai - Kurla,Cancelled
100139,2026-04-02,C6048,Bandra Bites,Pizza,1231,33,4.4,UPI,Mumbai - Malad,Delivered
100140,2025-02-17,C1249,Marine Drive Meals,Pizza,1023,46,3.8,Credit Card,Mumbai - Thane,Delivered
100141,2025-08-04,C7477,Chembur Spice House,Burger,1155,15,2.8,Wallet,Mumbai - Kurla,Delivered
100142,2025-12-22,C6868,Kurla Kitchen,Pizza,1264,43,4.5,Debit Card,Mumbai - Colaba,Delivered
100143,2026-04-24,C7173,Malad Food Hub,Healthy Food,1161,31,2.5,UPI,Mumbai - Borivali,Delivered
100144,2025-10-11,C8797,Ghatkopar Grill,North Indian,954,58,4.4,Credit Card,Mumbai - Chembur,Delivered
100145,2025-09-03,C3672,Dadar Darbar,Burger,516,44,4.3,Cash,Mumbai - Andheri,Delivered
100146,2025-06-24,C5315,Bandra Bites,Beverages,1763,72,3.0,Cash,Mumbai - Andheri,Delivered
100147,2025-01-19,C5163,Malad Food Hub,Healthy Food,1284,26,4.5,Credit Card,Mumbai - Ghatkopar,Delivered
100148,2025-03-01,C7360,Ghatkopar Grill,North Indian,1228,64,4.0,Debit Card,Mumbai - Andheri,Delayed
100149,2025-05-23,C5729,Mumbai Tadka,North Indian,520,47,4.1,UPI,Mumbai - Andheri,Delivered
100150,2025-02-09,C2976,Vashi Veg Corner,Burger,1209,46,4.6,Cash,Mumbai - Bandra,Delivered
100151,2025-01-17,C6721,Colaba Cafe,Healthy Food,1032,27,4.4,Cash,Mumbai - Thane,Cancelled
100152,2025-10-10,C3333,Kurla Kitchen,Chinese,1012,44,4.2,Cash,Mumbai - Chembur,Delayed
100153,2025-06-23,C5595,Borivali Bistro,Burger,1310,20,4.1,Credit Card,Mumbai - Andheri,Delivered
100154,2025-08-27,C6010,Ghatkopar Grill,Healthy Food,630,78,2.7,Wallet,Mumbai - Powai,Delayed
100155,2025-03-01,C6832,Malad Food Hub,Burger,342,65,2.9,UPI,Mumbai - Andheri,Delayed
100156,2026-04-04,C2887,Marine Drive Meals,North Indian,1363,67,3.3,Wallet,Mumbai - Bandra,Delivered
100157,2025-05-20,C3120,Andheri Kitchen,Healthy Food,680,50,3.9,Credit Card,Mumbai - Andheri,Delivered
100158,2025-10-27,C8194,Bandra Bites,Pizza,123,83,3.9,Debit Card,Mumbai - Ghatkopar,Cancelled
100159,2025-04-14,C7735,Colaba Cafe,South Indian,1554,72,5.0,Credit Card,Mumbai - Vashi,Delivered
100160,2026-04-07,C9999,Bandra Bites,South Indian,750,58,3.1,Credit Card,Mumbai - Chembur,Delivered
100161,2026-01-13,C1096,Thane Treats,South Indian,644,29,3.3,Credit Card,Mumbai - Malad,Delivered
100162,2026-01-05,C9271,Dadar Darbar,Desserts,1284,45,2.9,Cash,Mumbai - Borivali,Cancelled
100163,2025-09-22,C2751,Powai Plates,Pizza,689,54,4.4,Wallet,Mumbai - Powai,Delivered
100164,2026-01-10,C5709,Dadar Darbar,North Indian,960,77,4.2,Wallet,Mumbai - Kurla,Delivered
100165,2025-01-07,C8558,Thane Treats,Beverages,1342,60,4.3,Wallet,Mumbai - Ghatkopar,Delivered
100166,2025-03-16,C5983,Andheri Kitchen,Chinese,380,21,3.3,UPI,Mumbai - Kurla,Cancelled
100167,2026-06-16,C4599,Malad Food Hub,Chinese,1752,76,3.1,Credit Card,Mumbai - Thane,Cancelled
100168,2025-02-14,C9167,Powai Plates,Pizza,652,48,3.5,UPI,Mumbai - Dadar,Delivered
100169,2026-06-16,C7306,Thane Treats,Beverages,156,77,3.0,Wallet,Mumbai - Borivali,Delayed
100170,2026-06-07,C9577,Thane Treats,Pizza,1125,70,4.3,Credit Card,Mumbai - Chembur,Delivered
100171,2026-01-10,C3460,Malad Food Hub,North Indian,951,51,4.3,UPI,Mumbai - Malad,Delivered
100172,2026-05-06,C9080,Thane Treats,Biryani,1366,50,2.6,Wallet,Mumbai - Malad,Delayed
100173,2026-02-01,C8925,Chembur Spice House,North Indian,1243,31,4.4,Cash,Mumbai - Chembur,Delivered
100174,2025-08-26,C2798,Andheri Kitchen,Chinese,131,83,2.9,UPI,Mumbai - Colaba,Delayed
100175,2025-02-28,C9909,Borivali Bistro,Pizza,1329,65,4.1,Debit Card,Mumbai - Mulund,Delayed
100176,2026-05-03,C6037,Kurla Kitchen,South Indian,476,75,3.7,Wallet,Mumbai - Kurla,Cancelled
100177,2026-02-27,C4909,Mumbai Tadka,Desserts,933,22,4.0,Cash,Mumbai - Kurla,Delivered
100178,2025-04-07,C9947,Marine Drive Meals,South Indian,1462,47,3.6,Debit Card,Mumbai - Bandra,Cancelled
100179,2025-06-27,C9730,Thane Treats,Healthy Food,885,37,2.7,Wallet,Mumbai - Mulund,Delivered
100180,2025-08-13,C1159,Marine Drive Meals,South Indian,1313,53,4.6,Wallet,Mumbai - Colaba,Cancelled
100181,2025-06-25,C6831,Dadar Darbar,Biryani,1763,69,4.6,Debit Card,Mumbai - Borivali,Delivered
100182,2026-05-18,C4809,Borivali Bistro,Desserts,661,41,2.9,UPI,Mumbai - Vashi,Delivered
100183,2025-03-01,C6918,Ghatkopar Grill,Beverages,317,80,4.5,Cash,Mumbai - Andheri,Delivered
100184,2025-03-19,C5088,Kurla Kitchen,South Indian,1336,15,4.8,UPI,Mumbai - Andheri,Delivered
100185,2025-05-23,C2762,Malad Food Hub,Burger,509,46,2.8,Debit Card,Mumbai - Mulund,Delivered
100186,2025-09-10,C7095,Malad Food Hub,Desserts,477,84,3.3,Debit Card,Mumbai - Bandra,Delivered
100187,2025-05-30,C7840,Ghatkopar Grill,Burger,1522,85,4.0,Credit Card,Mumbai - Malad,Delivered
100188,2025-11-21,C2933,Kurla Kitchen,Biryani,256,76,4.4,UPI,Mumbai - Chembur,Delayed
100189,2025-07-03,C8121,Powai Plates,Biryani,1543,24,2.9,Debit Card,Mumbai - Mulund,Delayed
100190,2025-12-08,C5884,Andheri Kitchen,Pizza,517,51,4.3,Debit Card,Mumbai - Borivali,Delivered
100191,2025-09-30,C7414,Borivali Bistro,Healthy Food,163,20,2.5,UPI,Mumbai - Bandra,Delivered
100192,2026-01-04,C4702,Ghatkopar Grill,Pizza,282,50,5.0,Wallet,Mumbai - Andheri,Delivered
100193,2025-09-15,C3105,Powai Plates,Healthy Food,804,35,3.9,Cash,Mumbai - Malad,Cancelled
100194,2026-05-08,C3522,Colaba Cafe,Pizza,1298,42,4.5,Debit Card,Mumbai - Kurla,Delayed
100195,2025-08-02,C5335,Dadar Darbar,Chinese,1653,31,3.1,Wallet,Mumbai - Bandra,Delivered
100196,2025-08-26,C9619,Marine Drive Meals,North Indian,1351,43,3.1,Cash,Mumbai - Thane,Cancelled
100197,2025-02-04,C3278,Mumbai Tadka,Biryani,294,63,3.5,Debit Card,Mumbai - Powai,Delivered
100198,2025-01-05,C3045,Vashi Veg Corner,Desserts,411,57,3.7,UPI,Mumbai - Colaba,Cancelled
100199,2026-01-05,C6759,Dadar Darbar,North Indian,1647,23,4.8,Cash,Mumbai - Powai,Delivered
100200,2025-06-10,C4813,Colaba Cafe,North Indian,686,15,3.3,Wallet,Mumbai - Dadar,Delivered
100201,2026-01-14,C2209,Marine Drive Meals,Desserts,373,42,3.2,Wallet,Mumbai - Thane,Delayed
100202,2025-01-26,C1325,Thane Treats,South Indian,363,18,4.5,Cash,Mumbai - Powai,Delayed
100203,2025-02-10,C2747,Dadar Darbar,Chinese,687,20,3.7,Cash,Mumbai - Chembur,Delivered
100204,2026-03-17,C3345,Bandra Bites,North Indian,675,64,3.3,Debit Card,Mumbai - Mulund,Delivered
100205,2025-04-08,C5248,Ghatkopar Grill,South Indian,1011,73,3.1,Cash,Mumbai - Thane,Delivered
100206,2025-01-22,C2940,Marine Drive Meals,Pizza,1472,59,4.0,Credit Card,Mumbai - Thane,Delivered
100207,2025-01-08,C2547,Chembur Spice House,Beverages,400,21,4.6,Cash,Mumbai - Kurla,Cancelled
100208,2025-11-08,C5687,Malad Food Hub,Chinese,893,35,4.0,Cash,Mumbai - Colaba,Cancelled
100209,2025-05-30,C5921,Andheri Kitchen,North Indian,1226,32,4.5,Credit Card,Mumbai - Mulund,Delivered
100210,2025-12-13,C2155,Ghatkopar Grill,Beverages,350,25,4.0,UPI,Mumbai - Powai,Delivered
100211,2025-04-08,C5708,Colaba Cafe,Biryani,1417,21,4.8,Wallet,Mumbai - Kurla,Cancelled
100212,2026-01-17,C9242,Thane Treats,Beverages,240,41,3.6,Credit Card,Mumbai - Vashi,Delivered
100213,2026-01-31,C6883,Dadar Darbar,Chinese,301,19,4.7,Credit Card,Mumbai - Malad,Delivered
100214,2025-10-18,C3878,Chembur Spice House,Pizza,490,79,2.9,Debit Card,Mumbai - Colaba,Delivered
100215,2025-09-09,C4436,Ghatkopar Grill,North Indian,726,48,4.4,Debit Card,Mumbai - Vashi,Delivered
100216,2026-01-29,C7106,Kurla Kitchen,South Indian,456,35,4.0,Wallet,Mumbai - Malad,Cancelled
100217,2025-06-27,C5515,Marine Drive Meals,Biryani,151,62,3.8,Wallet,Mumbai - Kurla,Cancelled
100218,2026-05-11,C4171,Ghatkopar Grill,Beverages,1547,66,3.5,UPI,Mumbai - Borivali,Delayed
100219,2025-10-24,C6820,Malad Food Hub,Chinese,245,60,5.0,UPI,Mumbai - Powai,Delivered
100220,2026-04-10,C8179,Borivali Bistro,Beverages,617,52,2.7,UPI,Mumbai - Vashi,Delivered
100221,2025-10-14,C6878,Borivali Bistro,Biryani,719,31,3.6,Cash,Mumbai - Powai,Delivered
100222,2026-03-04,C3163,Mumbai Tadka,Chinese,929,34,3.5,Wallet,Mumbai - Borivali,Delivered
100223,2025-11-19,C5828,Colaba Cafe,South Indian,1047,58,3.8,Debit Card,Mumbai - Ghatkopar,Cancelled
100224,2025-10-07,C7557,Marine Drive Meals,North Indian,1071,65,3.9,Cash,Mumbai - Dadar,Cancelled
100225,2025-12-18,C8141,Malad Food Hub,Pizza,1143,28,3.5,Cash,Mumbai - Mulund,Delivered
100226,2025-04-26,C3521,Vashi Veg Corner,Healthy Food,1384,66,4.3,Credit Card,Mumbai - Powai,Cancelled
100227,2026-03-05,C2417,Borivali Bistro,Pizza,1753,75,4.3,UPI,Mumbai - Powai,Delivered
100228,2026-02-02,C8668,Ghatkopar Grill,Desserts,1482,44,4.8,Debit Card,Mumbai - Thane,Delivered
100229,2025-02-11,C7873,Bandra Bites,Beverages,729,79,4.9,Wallet,Mumbai - Bandra,Delivered
100230,2025-06-14,C9703,Mumbai Tadka,Beverages,844,25,3.5,UPI,Mumbai - Dadar,Cancelled
100231,2026-04-09,C2868,Colaba Cafe,South Indian,1321,84,4.3,Credit Card,Mumbai - Dadar,Delayed
100232,2026-01-14,C2883,Andheri Kitchen,Burger,599,79,4.7,Credit Card,Mumbai - Mulund,Delivered
100233,2025-05-09,C3267,Vashi Veg Corner,Chinese,733,41,4.0,Cash,Mumbai - Bandra,Delayed
100234,2026-04-01,C4079,Bandra Bites,Pizza,1147,19,3.3,Credit Card,Mumbai - Andheri,Delayed
100235,2026-02-10,C9672,Chembur Spice House,Desserts,1714,64,3.1,Credit Card,Mumbai - Bandra,Delivered
100236,2025-07-05,C8944,Bandra Bites,Desserts,127,64,3.2,UPI,Mumbai - Malad,Delivered
100237,2025-04-03,C1947,Thane Treats,South Indian,269,45,4.2,Credit Card,Mumbai - Thane,Delivered
100238,2025-08-27,C9851,Powai Plates,Chinese,951,37,2.8,Wallet,Mumbai - Andheri,Delivered
100239,2026-01-04,C6101,Thane Treats,Burger,145,21,3.4,Debit Card,Mumbai - Kurla,Delivered
100240,2026-01-07,C5594,Bandra Bites,Healthy Food,1713,52,2.8,Wallet,Mumbai - Mulund,Delayed
100241,2025-11-15,C7655,Chembur Spice House,Biryani,1425,42,3.7,Wallet,Mumbai - Borivali,Delivered
100242,2025-12-15,C2244,Borivali Bistro,Burger,365,35,2.9,Debit Card,Mumbai - Borivali,Delayed
100243,2025-01-17,C2615,Chembur Spice House,Biryani,274,20,4.3,Debit Card,Mumbai - Chembur,Delivered
100244,2026-05-18,C4836,Colaba Cafe,Beverages,1097,82,3.0,UPI,Mumbai - Borivali,Delayed
100245,2026-05-16,C2056,Vashi Veg Corner,Biryani,1406,29,3.7,UPI,Mumbai - Borivali,Delivered
100246,2025-07-19,C5906,Chembur Spice House,Biryani,691,34,3.5,Debit Card,Mumbai - Vashi,Delayed
100247,2025-11-12,C1190,Bandra Bites,Pizza,814,21,2.7,Debit Card,Mumbai - Chembur,Delivered
100248,2025-02-26,C6466,Powai Plates,Pizza,1173,84,3.3,Credit Card,Mumbai - Ghatkopar,Delivered
100249,2025-02-06,C6673,Kurla Kitchen,Biryani,1652,79,4.5,Credit Card,Mumbai - Bandra,Delivered
100250,2025-12-28,C6413,Powai Plates,Chinese,607,59,4.6,Debit Card,Mumbai - Thane,Cancelled
100251,2025-08-15,C2941,Andheri Kitchen,Biryani,1682,82,2.7,Debit Card,Mumbai - Chembur,Delivered
100252,2025-09-22,C1297,Bandra Bites,North Indian,1752,22,4.7,Cash,Mumbai - Powai,Delayed
100253,2026-03-11,C9860,Malad Food Hub,Healthy Food,1520,50,3.5,Debit Card,Mumbai - Bandra,Delivered
100254,2025-01-27,C7594,Thane Treats,South Indian,1407,75,3.4,Wallet,Mumbai - Powai,Delayed
100255,2025-06-25,C9931,Ghatkopar Grill,Pizza,269,68,2.9,Credit Card,Mumbai - Andheri,Cancelled
100256,2026-02-14,C5049,Andheri Kitchen,South Indian,997,24,3.5,UPI,Mumbai - Vashi,Delivered
100257,2025-03-19,C9263,Dadar Darbar,South Indian,1056,53,2.9,UPI,Mumbai - Dadar,Delivered
100258,2025-11-25,C3807,Andheri Kitchen,Burger,132,47,4.2,Credit Card,Mumbai - Kurla,Delivered
100259,2025-07-21,C4832,Ghatkopar Grill,South Indian,1370,38,2.5,Wallet,Mumbai - Colaba,Delivered
100260,2025-07-20,C9544,Kurla Kitchen,North Indian,1532,78,3.9,Debit Card,Mumbai - Mulund,Delivered
100261,2025-11-22,C9334,Malad Food Hub,Chinese,528,20,3.9,Credit Card,Mumbai - Kurla,Delivered
100262,2025-03-23,C2757,Kurla Kitchen,Beverages,703,68,3.8,UPI,Mumbai - Ghatkopar,Delayed
100263,2026-01-31,C9574,Powai Plates,North Indian,1395,70,4.2,UPI,Mumbai - Thane,Delivered
100264,2025-10-07,C6642,Thane Treats,Pizza,896,22,4.7,Debit Card,Mumbai - Andheri,Delayed
100265,2025-07-26,C4571,Marine Drive Meals,North Indian,229,77,3.6,Wallet,Mumbai - Borivali,Cancelled
100266,2026-05-08,C6976,Ghatkopar Grill,Chinese,1198,74,4.8,Cash,Mumbai - Colaba,Delivered
100267,2025-05-09,C8564,Thane Treats,South Indian,748,55,4.0,Debit Card,Mumbai - Malad,Cancelled
100268,2025-09-16,C8607,Chembur Spice House,Burger,1700,51,3.7,UPI,Mumbai - Powai,Delivered
100269,2025-02-17,C5720,Vashi Veg Corner,Healthy Food,1173,67,4.8,Cash,Mumbai - Kurla,Delivered
100270,2025-01-27,C5335,Andheri Kitchen,Beverages,477,22,4.4,Wallet,Mumbai - Powai,Delivered
100271,2026-04-08,C8847,Mumbai Tadka,Beverages,404,69,3.6,Debit Card,Mumbai - Andheri,Delivered
100272,2025-10-08,C8149,Borivali Bistro,Desserts,190,29,3.6,Debit Card,Mumbai - Colaba,Delivered
100273,2025-03-27,C6951,Andheri Kitchen,Healthy Food,472,51,2.9,Cash,Mumbai - Kurla,Delivered
100274,2026-05-06,C1340,Powai Plates,Beverages,1321,60,2.9,Credit Card,Mumbai - Mulund,Delivered
100275,2025-01-22,C3347,Mumbai Tadka,South Indian,1228,31,4.1,Debit Card,Mumbai - Malad,Delayed
100276,2025-12-16,C1488,Marine Drive Meals,Beverages,808,48,3.3,Cash,Mumbai - Kurla,Delivered
100277,2025-06-07,C1413,Powai Plates,Desserts,1344,29,3.0,Wallet,Mumbai - Andheri,Delivered
100278,2025-04-05,C1815,Mumbai Tadka,Chinese,110,67,2.5,Cash,Mumbai - Vashi,Delayed
100279,2026-05-27,C1787,Chembur Spice House,Healthy Food,948,53,2.5,Cash,Mumbai - Chembur,Delivered
100280,2026-01-27,C5910,Marine Drive Meals,Chinese,737,25,3.4,UPI,Mumbai - Ghatkopar,Delivered
100281,2026-03-03,C4588,Dadar Darbar,Burger,313,42,4.8,Debit Card,Mumbai - Andheri,Delayed
100282,2025-11-03,C3103,Powai Plates,Desserts,646,44,4.2,UPI,Mumbai - Colaba,Delivered
100283,2026-03-26,C3718,Mumbai Tadka,North Indian,507,30,3.6,Wallet,Mumbai - Ghatkopar,Delayed
100284,2025-06-20,C5527,Malad Food Hub,Biryani,939,46,4.4,Wallet,Mumbai - Vashi,Delivered
100285,2026-01-12,C6117,Kurla Kitchen,Beverages,685,43,5.0,Cash,Mumbai - Powai,Delivered
100286,2026-01-03,C9004,Ghatkopar Grill,Biryani,190,60,4.9,Cash,Mumbai - Powai,Delivered
100287,2025-12-13,C2266,Thane Treats,Beverages,422,82,3.2,Debit Card,Mumbai - Andheri,Delivered
100288,2026-04-17,C2035,Thane Treats,Burger,188,78,4.5,Wallet,Mumbai - Bandra,Cancelled
100289,2025-09-15,C9144,Colaba Cafe,Desserts,1283,37,3.1,UPI,Mumbai - Ghatkopar,Cancelled
100290,2025-09-09,C9306,Malad Food Hub,South Indian,880,18,2.9,Wallet,Mumbai - Colaba,Delivered
100291,2025-08-21,C6290,Malad Food Hub,Biryani,1121,77,3.0,Cash,Mumbai - Dadar,Delayed
100292,2025-03-19,C1850,Marine Drive Meals,Beverages,1640,41,3.0,UPI,Mumbai - Andheri,Delivered
100293,2026-03-02,C7091,Malad Food Hub,Pizza,1446,62,4.9,Credit Card,Mumbai - Borivali,Delivered
100294,2026-03-25,C1020,Ghatkopar Grill,North Indian,324,53,5.0,Cash,Mumbai - Ghatkopar,Delivered
100295,2026-04-30,C3471,Marine Drive Meals,Beverages,1468,68,4.0,Cash,Mumbai - Chembur,Delivered
100296,2025-08-15,C6724,Dadar Darbar,Burger,925,49,3.4,Cash,Mumbai - Chembur,Cancelled
100297,2025-04-26,C2973,Colaba Cafe,North Indian,931,31,3.4,Wallet,Mumbai - Kurla,Delivered
100298,2025-11-30,C6748,Bandra Bites,Biryani,293,15,4.9,Wallet,Mumbai - Andheri,Delivered
100299,2025-05-16,C7991,Malad Food Hub,Biryani,1460,36,3.6,Debit Card,Mumbai - Mulund,Delayed
100300,2025-03-12,C1957,Marine Drive Meals,North Indian,347,18,4.3,UPI,Mumbai - Bandra,Delivered
100301,2025-11-13,C2098,Mumbai Tadka,Healthy Food,426,81,2.9,Cash,Mumbai - Chembur,Delayed
100302,2025-08-15,C2966,Borivali Bistro,Biryani,523,56,4.6,Credit Card,Mumbai - Ghatkopar,Delayed
100303,2025-03-06,C1916,Ghatkopar Grill,Burger,633,57,4.6,Credit Card,Mumbai - Powai,Cancelled
100304,2025-05-06,C4018,Kurla Kitchen,North Indian,126,43,4.0,UPI,Mumbai - Chembur,Delayed
100305,2025-05-08,C3937,Mumbai Tadka,Beverages,122,77,3.8,Credit Card,Mumbai - Borivali,Delivered
100306,2026-03-31,C4658,Thane Treats,Beverages,1243,81,3.1,Credit Card,Mumbai - Thane,Delivered
100307,2025-08-20,C9694,Andheri Kitchen,Burger,1293,81,4.3,Debit Card,Mumbai - Borivali,Delivered
100308,2025-11-19,C8009,Vashi Veg Corner,Beverages,333,43,4.7,Cash,Mumbai - Malad,Delivered
100309,2025-05-25,C3627,Andheri Kitchen,Burger,1341,16,4.9,UPI,Mumbai - Malad,Cancelled
100310,2025-05-21,C8980,Ghatkopar Grill,Healthy Food,1709,63,4.3,UPI,Mumbai - Borivali,Delivered
100311,2025-04-16,C7945,Marine Drive Meals,Pizza,1721,35,2.5,Wallet,Mumbai - Malad,Cancelled
100312,2025-04-19,C3443,Malad Food Hub,Biryani,487,44,4.3,UPI,Mumbai - Malad,Delayed
100313,2026-04-19,C4390,Powai Plates,Chinese,1797,65,2.5,Wallet,Mumbai - Powai,Delivered
100314,2025-09-15,C2018,Ghatkopar Grill,Biryani,1063,24,4.8,UPI,Mumbai - Vashi,Delayed
100315,2026-04-05,C1837,Malad Food Hub,Healthy Food,1555,78,4.6,UPI,Mumbai - Colaba,Delayed
100316,2026-01-20,C3524,Kurla Kitchen,Healthy Food,294,21,4.1,Credit Card,Mumbai - Chembur,Delivered
100317,2025-05-29,C3980,Bandra Bites,Biryani,1408,30,4.8,Wallet,Mumbai - Borivali,Delivered
100318,2025-11-04,C8609,Vashi Veg Corner,Beverages,350,42,4.3,Debit Card,Mumbai - Kurla,Delayed
100319,2025-06-08,C5097,Bandra Bites,South Indian,358,58,3.9,UPI,Mumbai - Borivali,Delivered
100320,2025-08-13,C1078,Chembur Spice House,Beverages,1016,18,3.2,Wallet,Mumbai - Thane,Delivered
100321,2025-10-06,C1638,Dadar Darbar,Healthy Food,675,40,4.3,UPI,Mumbai - Kurla,Delivered
100322,2025-06-22,C4885,Ghatkopar Grill,Desserts,594,18,3.6,Cash,Mumbai - Thane,Delivered
100323,2026-05-02,C4480,Chembur Spice House,Biryani,1778,50,3.3,Cash,Mumbai - Vashi,Delivered
100324,2025-09-14,C5672,Dadar Darbar,Burger,1204,31,3.5,UPI,Mumbai - Powai,Cancelled
100325,2025-05-14,C6424,Thane Treats,North Indian,315,20,3.2,Cash,Mumbai - Ghatkopar,Cancelled
100326,2025-03-28,C7962,Andheri Kitchen,Burger,673,37,3.6,Debit Card,Mumbai - Vashi,Cancelled
100327,2026-03-17,C3586,Marine Drive Meals,Beverages,1533,65,3.3,Cash,Mumbai - Thane,Delivered
100328,2025-05-31,C8577,Vashi Veg Corner,Desserts,1515,27,3.5,UPI,Mumbai - Vashi,Delayed
100329,2026-06-19,C2250,Borivali Bistro,Burger,599,40,4.6,UPI,Mumbai - Mulund,Delayed
100330,2025-06-15,C5393,Colaba Cafe,Beverages,189,25,4.1,UPI,Mumbai - Ghatkopar,Delivered
100331,2025-07-23,C5925,Powai Plates,Desserts,748,80,4.2,UPI,Mumbai - Bandra,Delivered
100332,2025-01-20,C4212,Borivali Bistro,South Indian,190,76,3.8,Credit Card,Mumbai - Vashi,Delivered
100333,2025-06-21,C5609,Dadar Darbar,South Indian,1728,15,2.7,Credit Card,Mumbai - Bandra,Delivered
100334,2025-08-03,C4727,Thane Treats,North Indian,160,76,5.0,Wallet,Mumbai - Kurla,Delivered
100335,2026-02-28,C6615,Powai Plates,Pizza,386,25,2.7,UPI,Mumbai - Ghatkopar,Delivered
100336,2026-01-10,C1166,Chembur Spice House,Healthy Food,1108,85,4.6,Cash,Mumbai - Mulund,Delivered
100337,2026-04-17,C1182,Marine Drive Meals,Pizza,366,19,5.0,Cash,Mumbai - Ghatkopar,Delivered
100338,2026-06-13,C9655,Marine Drive Meals,Burger,154,72,2.9,Cash,Mumbai - Chembur,Delivered
100339,2026-05-30,C6708,Borivali Bistro,South Indian,251,16,4.9,Credit Card,Mumbai - Bandra,Delivered
100340,2025-12-21,C9616,Dadar Darbar,Pizza,699,46,4.8,Cash,Mumbai - Thane,Delivered
100341,2025-01-06,C1702,Andheri Kitchen,Desserts,1551,54,3.4,Wallet,Mumbai - Powai,Delivered
100342,2026-06-03,C9126,Ghatkopar Grill,Beverages,743,73,3.7,Debit Card,Mumbai - Borivali,Delivered
100343,2025-01-03,C6882,Vashi Veg Corner,Desserts,1286,56,3.0,Cash,Mumbai - Powai,Delivered
100344,2025-08-27,C3541,Dadar Darbar,South Indian,751,20,3.8,UPI,Mumbai - Ghatkopar,Delayed
100345,2025-05-23,C3644,Mumbai Tadka,Pizza,330,54,4.4,Cash,Mumbai - Kurla,Delivered
100346,2025-06-09,C2076,Bandra Bites,Chinese,1248,82,3.8,UPI,Mumbai - Colaba,Delayed
100347,2026-03-11,C5363,Thane Treats,North Indian,1223,33,3.1,Debit Card,Mumbai - Malad,Delayed
100348,2025-09-16,C8420,Dadar Darbar,South Indian,1189,76,3.8,UPI,Mumbai - Ghatkopar,Cancelled
100349,2026-02-12,C9412,Marine Drive Meals,Desserts,1272,79,3.8,Cash,Mumbai - Chembur,Delayed
100350,2026-02-23,C4679,Vashi Veg Corner,Healthy Food,1174,28,3.9,Credit Card,Mumbai - Dadar,Delivered
100351,2025-10-13,C7188,Bandra Bites,North Indian,548,69,4.1,Debit Card,Mumbai - Dadar,Delayed
100352,2025-12-17,C1846,Dadar Darbar,Biryani,121,47,4.4,Cash,Mumbai - Mulund,Cancelled
100353,2025-12-11,C4666,Kurla Kitchen,Beverages,1716,70,3.2,Debit Card,Mumbai - Malad,Delivered
100354,2026-02-25,C7794,Thane Treats,Healthy Food,980,45,4.1,UPI,Mumbai - Ghatkopar,Delivered
100355,2026-06-14,C7902,Kurla Kitchen,South Indian,1252,25,3.7,UPI,Mumbai - Chembur,Delayed
100356,2026-02-03,C9881,Andheri Kitchen,South Indian,955,25,4.5,UPI,Mumbai - Vashi,Delivered
100357,2025-09-15,C6883,Borivali Bistro,Beverages,585,40,3.0,Debit Card,Mumbai - Ghatkopar,Delayed
100358,2025-11-16,C5292,Colaba Cafe,Chinese,1100,73,2.7,Wallet,Mumbai - Bandra,Delayed
100359,2026-01-06,C2714,Borivali Bistro,Beverages,1232,28,3.7,Credit Card,Mumbai - Andheri,Delivered
100360,2025-10-07,C5464,Ghatkopar Grill,Healthy Food,1422,45,2.7,UPI,Mumbai - Ghatkopar,Delayed
100361,2025-12-30,C1021,Kurla Kitchen,Healthy Food,1656,42,3.7,UPI,Mumbai - Andheri,Delivered
100362,2025-06-08,C6116,Malad Food Hub,Chinese,1099,42,4.5,UPI,Mumbai - Colaba,Cancelled
100363,2026-03-07,C4415,Chembur Spice House,Chinese,1110,41,4.2,UPI,Mumbai - Malad,Delivered
100364,2025-04-20,C8679,Borivali Bistro,Pizza,952,28,3.0,Credit Card,Mumbai - Kurla,Delivered
100365,2025-09-05,C1137,Vashi Veg Corner,Beverages,1048,32,3.9,Credit Card,Mumbai - Thane,Delivered
100366,2025-06-07,C5381,Ghatkopar Grill,Desserts,1193,33,4.3,Wallet,Mumbai - Colaba,Delivered
100367,2026-04-16,C4109,Dadar Darbar,Pizza,1377,40,4.8,Wallet,Mumbai - Bandra,Delivered
100368,2025-06-10,C9676,Chembur Spice House,Biryani,408,51,5.0,Credit Card,Mumbai - Malad,Delayed
100369,2026-06-03,C9559,Thane Treats,Biryani,1469,75,4.7,Debit Card,Mumbai - Colaba,Delivered
100370,2025-05-15,C7312,Malad Food Hub,Healthy Food,1747,49,4.5,Debit Card,Mumbai - Powai,Delivered
100371,2025-12-12,C3035,Ghatkopar Grill,Desserts,142,43,4.0,Credit Card,Mumbai - Andheri,Delayed
100372,2025-01-26,C7216,Chembur Spice House,North Indian,1185,36,2.9,Wallet,Mumbai - Andheri,Delivered
100373,2025-09-22,C8025,Ghatkopar Grill,Biryani,1042,22,3.4,Debit Card,Mumbai - Malad,Cancelled
100374,2025-06-07,C7631,Malad Food Hub,North Indian,278,45,3.2,UPI,Mumbai - Bandra,Cancelled
100375,2025-01-19,C6181,Mumbai Tadka,Chinese,1240,54,3.0,Cash,Mumbai - Dadar,Delivered
100376,2025-10-28,C7954,Borivali Bistro,Pizza,1443,56,3.9,Debit Card,Mumbai - Chembur,Delivered
100377,2025-12-17,C8465,Chembur Spice House,Healthy Food,656,41,3.8,Wallet,Mumbai - Kurla,Delivered
100378,2025-09-05,C3116,Kurla Kitchen,Healthy Food,1328,48,4.7,Credit Card,Mumbai - Vashi,Delivered
100379,2025-10-05,C7364,Colaba Cafe,Biryani,1429,20,3.2,Wallet,Mumbai - Vashi,Delivered
100380,2026-04-09,C7735,Borivali Bistro,Beverages,1504,45,4.3,Credit Card,Mumbai - Chembur,Delivered
100381,2025-06-21,C7454,Bandra Bites,Burger,1481,65,3.1,Wallet,Mumbai - Dadar,Delivered
100382,2025-02-14,C2109,Dadar Darbar,Beverages,1003,21,3.0,Credit Card,Mumbai - Kurla,Delayed
100383,2026-06-16,C6474,Powai Plates,Pizza,275,18,4.2,Credit Card,Mumbai - Kurla,Delayed
100384,2026-02-01,C2570,Vashi Veg Corner,North Indian,541,29,4.6,UPI,Mumbai - Mulund,Delayed
100385,2025-03-11,C6769,Andheri Kitchen,Desserts,1605,62,3.1,UPI,Mumbai - Colaba,Delivered
100386,2025-02-17,C4781,Bandra Bites,South Indian,1722,80,3.4,Debit Card,Mumbai - Dadar,Delivered
100387,2025-06-17,C8827,Chembur Spice House,Desserts,1303,62,3.4,UPI,Mumbai - Vashi,Delivered
100388,2025-07-23,C1656,Andheri Kitchen,Beverages,1426,35,4.8,Debit Card,Mumbai - Andheri,Delivered
100389,2025-01-13,C6111,Kurla Kitchen,Biryani,858,63,2.7,Credit Card,Mumbai - Borivali,Cancelled
100390,2025-06-24,C2631,Marine Drive Meals,Pizza,1563,32,4.9,Debit Card,Mumbai - Chembur,Cancelled
100391,2025-11-19,C1924,Kurla Kitchen,Pizza,497,15,4.2,Debit Card,Mumbai - Vashi,Delivered
100392,2026-01-21,C6047,Malad Food Hub,Beverages,1323,71,3.4,Cash,Mumbai - Kurla,Delivered
100393,2025-02-10,C7803,Vashi Veg Corner,Pizza,1237,64,2.6,Credit Card,Mumbai - Ghatkopar,Cancelled
100394,2025-10-28,C8256,Dadar Darbar,Pizza,1230,73,3.6,UPI,Mumbai - Kurla,Delivered
100395,2025-04-13,C6806,Malad Food Hub,Biryani,1010,70,3.2,Wallet,Mumbai - Thane,Delivered
100396,2025-02-09,C2206,Dadar Darbar,Burger,1268,53,3.9,Cash,Mumbai - Borivali,Delayed
100397,2025-01-21,C7249,Chembur Spice House,Healthy Food,141,75,4.6,UPI,Mumbai - Powai,Cancelled
100398,2025-02-15,C3668,Borivali Bistro,Healthy Food,1128,71,3.4,Cash,Mumbai - Powai,Delivered
100399,2025-04-01,C1369,Chembur Spice House,Chinese,572,41,4.6,Credit Card,Mumbai - Ghatkopar,Delivered
100400,2025-07-27,C1190,Dadar Darbar,Chinese,529,50,3.0,Credit Card,Mumbai - Chembur,Delivered
100401,2026-04-28,C6047,Kurla Kitchen,Healthy Food,331,40,3.1,Credit Card,Mumbai - Dadar,Cancelled
100402,2026-06-04,C1126,Powai Plates,South Indian,1014,38,4.4,Debit Card,Mumbai - Chembur,Delayed
100403,2026-04-09,C6904,Andheri Kitchen,Biryani,1490,81,4.3,UPI,Mumbai - Bandra,Delivered
100404,2026-06-19,C6449,Thane Treats,Biryani,449,31,4.0,Debit Card,Mumbai - Kurla,Cancelled
100405,2025-05-06,C5758,Borivali Bistro,Biryani,129,19,3.2,UPI,Mumbai - Colaba,Delivered
100406,2026-06-21,C8352,Thane Treats,Biryani,277,32,4.3,UPI,Mumbai - Malad,Cancelled
100407,2026-03-24,C7599,Ghatkopar Grill,Desserts,1601,52,4.5,UPI,Mumbai - Ghatkopar,Delivered
100408,2026-06-09,C9212,Thane Treats,South Indian,137,32,3.5,Cash,Mumbai - Chembur,Delivered
100409,2026-03-17,C1386,Mumbai Tadka,North Indian,893,37,3.0,UPI,Mumbai - Chembur,Delayed
100410,2026-02-03,C9405,Vashi Veg Corner,Chinese,1001,76,3.5,Wallet,Mumbai - Colaba,Delivered
100411,2025-02-02,C7942,Mumbai Tadka,Pizza,1677,79,3.2,Credit Card,Mumbai - Malad,Cancelled
100412,2025-06-02,C7139,Colaba Cafe,Pizza,490,16,4.5,Debit Card,Mumbai - Vashi,Cancelled
100413,2026-03-04,C1915,Dadar Darbar,Pizza,583,69,5.0,Debit Card,Mumbai - Malad,Delivered
100414,2025-07-22,C7536,Thane Treats,South Indian,756,35,4.2,Debit Card,Mumbai - Bandra,Delayed
100415,2025-03-06,C4844,Dadar Darbar,Desserts,500,79,3.9,Wallet,Mumbai - Powai,Delivered
100416,2026-04-25,C8701,Vashi Veg Corner,Chinese,141,66,4.2,UPI,Mumbai - Kurla,Delivered
100417,2025-11-16,C2542,Ghatkopar Grill,Burger,110,75,4.4,Cash,Mumbai - Malad,Cancelled
100418,2025-04-29,C6768,Powai Plates,Chinese,347,80,3.6,Wallet,Mumbai - Kurla,Delivered
100419,2026-02-23,C4700,Vashi Veg Corner,Chinese,344,40,3.5,Debit Card,Mumbai - Chembur,Cancelled
100420,2025-07-13,C2699,Mumbai Tadka,Healthy Food,1213,49,4.1,Credit Card,Mumbai - Powai,Delivered
100421,2025-08-25,C9196,Bandra Bites,Pizza,1263,81,4.5,Wallet,Mumbai - Bandra,Delivered
100422,2026-02-08,C3271,Kurla Kitchen,North Indian,1753,65,4.8,UPI,Mumbai - Bandra,Delayed
100423,2025-11-22,C8969,Colaba Cafe,Desserts,299,48,4.5,Cash,Mumbai - Powai,Cancelled
100424,2025-10-19,C8166,Andheri Kitchen,Biryani,928,64,5.0,Wallet,Mumbai - Bandra,Cancelled
100425,2026-01-10,C4675,Marine Drive Meals,Pizza,1570,46,2.9,Debit Card,Mumbai - Kurla,Delivered
100426,2025-10-02,C5714,Borivali Bistro,South Indian,1079,69,2.8,Credit Card,Mumbai - Malad,Cancelled
100427,2026-04-17,C2779,Bandra Bites,Healthy Food,1271,77,4.5,Credit Card,Mumbai - Powai,Cancelled
100428,2025-08-02,C4800,Powai Plates,South Indian,638,31,4.1,Wallet,Mumbai - Andheri,Delayed
100429,2025-03-28,C3317,Thane Treats,North Indian,1242,62,3.1,Credit Card,Mumbai - Vashi,Delivered
100430,2025-01-12,C9904,Borivali Bistro,Burger,1609,52,3.1,Credit Card,Mumbai - Thane,Cancelled
100431,2025-05-27,C3138,Marine Drive Meals,North Indian,1797,66,5.0,Credit Card,Mumbai - Malad,Delivered
100432,2026-01-02,C8933,Marine Drive Meals,Burger,1519,45,4.9,Cash,Mumbai - Andheri,Delivered
100433,2026-03-27,C8366,Vashi Veg Corner,South Indian,498,22,3.3,Debit Card,Mumbai - Kurla,Cancelled
100434,2025-03-14,C6612,Kurla Kitchen,Biryani,972,59,4.1,Credit Card,Mumbai - Vashi,Delivered
100435,2025-10-09,C6105,Malad Food Hub,South Indian,384,49,2.7,Wallet,Mumbai - Colaba,Delivered
100436,2026-04-19,C8705,Kurla Kitchen,Desserts,1328,18,4.1,Debit Card,Mumbai - Andheri,Delivered
100437,2025-08-11,C3496,Colaba Cafe,Burger,1716,51,2.9,Credit Card,Mumbai - Thane,Delivered
100438,2025-04-22,C4009,Ghatkopar Grill,Chinese,989,48,3.8,Credit Card,Mumbai - Ghatkopar,Delivered
100439,2025-01-06,C6558,Bandra Bites,Pizza,1142,29,3.5,Credit Card,Mumbai - Bandra,Delayed
100440,2025-05-18,C6755,Chembur Spice House,Chinese,343,83,4.7,Debit Card,Mumbai - Borivali,Delivered
100441,2026-02-10,C5178,Colaba Cafe,Beverages,693,77,4.0,Cash,Mumbai - Ghatkopar,Delivered
100442,2025-11-08,C7829,Vashi Veg Corner,Pizza,829,71,4.9,Debit Card,Mumbai - Bandra,Delivered
100443,2025-02-04,C3985,Borivali Bistro,Healthy Food,1245,81,4.3,Cash,Mumbai - Mulund,Cancelled
100444,2026-02-14,C8504,Bandra Bites,North Indian,366,21,4.2,UPI,Mumbai - Powai,Cancelled
100445,2025-05-02,C7298,Mumbai Tadka,Biryani,1590,15,3.8,Wallet,Mumbai - Mulund,Delayed
100446,2026-01-31,C1953,Ghatkopar Grill,Beverages,997,50,3.3,Debit Card,Mumbai - Thane,Delayed
100447,2025-11-23,C7904,Kurla Kitchen,Healthy Food,394,18,2.9,Cash,Mumbai - Ghatkopar,Cancelled
100448,2025-12-31,C5143,Powai Plates,Healthy Food,1739,15,4.5,Credit Card,Mumbai - Powai,Cancelled
100449,2025-08-20,C6270,Dadar Darbar,Burger,966,25,3.2,UPI,Mumbai - Thane,Cancelled
100450,2026-02-15,C4310,Borivali Bistro,Beverages,217,71,2.7,Credit Card,Mumbai - Vashi,Cancelled
100451,2026-05-18,C7634,Powai Plates,Beverages,1720,59,3.5,UPI,Mumbai - Borivali,Delivered
100452,2025-05-15,C2026,Ghatkopar Grill,Chinese,1794,40,3.4,Wallet,Mumbai - Mulund,Delivered
100453,2026-01-16,C8803,Vashi Veg Corner,North Indian,1555,66,3.6,Credit Card,Mumbai - Thane,Delivered
100454,2025-03-22,C6818,Bandra Bites,North Indian,778,41,2.8,UPI,Mumbai - Bandra,Delayed
100455,2025-09-20,C6090,Malad Food Hub,Pizza,327,49,4.4,Cash,Mumbai - Thane,Cancelled
100456,2025-12-13,C7229,Thane Treats,Biryani,1735,16,4.6,UPI,Mumbai - Borivali,Delayed
100457,2026-01-21,C1532,Andheri Kitchen,North Indian,1347,28,2.8,Cash,Mumbai - Chembur,Delivered
100458,2025-08-13,C7524,Marine Drive Meals,Chinese,579,74,3.3,Wallet,Mumbai - Colaba,Delivered
100459,2025-01-19,C6565,Thane Treats,Biryani,1476,80,4.2,UPI,Mumbai - Mulund,Delivered
100460,2025-06-18,C5993,Thane Treats,Desserts,1225,45,2.5,Wallet,Mumbai - Colaba,Delivered
100461,2025-08-03,C6641,Bandra Bites,Beverages,1143,44,3.0,Cash,Mumbai - Andheri,Delivered
100462,2025-01-29,C5025,Kurla Kitchen,Biryani,198,36,3.1,Cash,Mumbai - Chembur,Delivered
100463,2025-08-04,C9574,Borivali Bistro,North Indian,740,29,4.2,Debit Card,Mumbai - Ghatkopar,Delivered
100464,2025-02-23,C9823,Malad Food Hub,Chinese,767,56,3.0,Cash,Mumbai - Bandra,Delayed
100465,2025-04-17,C5964,Marine Drive Meals,South Indian,1210,27,2.6,Credit Card,Mumbai - Malad,Delivered
100466,2025-07-27,C6724,Mumbai Tadka,Burger,381,48,2.9,UPI,Mumbai - Powai,Delivered
100467,2026-05-21,C5446,Kurla Kitchen,Healthy Food,115,77,4.3,UPI,Mumbai - Thane,Delivered
100468,2025-04-16,C2983,Dadar Darbar,Burger,234,85,5.0,Debit Card,Mumbai - Andheri,Delayed
100469,2025-12-25,C9409,Borivali Bistro,Chinese,595,60,4.9,Debit Card,Mumbai - Borivali,Delayed
100470,2025-01-29,C1215,Marine Drive Meals,Biryani,1115,84,3.0,UPI,Mumbai - Bandra,Cancelled
100471,2025-11-26,C2055,Marine Drive Meals,Burger,242,21,3.1,Wallet,Mumbai - Chembur,Delivered
100472,2026-05-24,C9920,Ghatkopar Grill,South Indian,474,21,3.3,Cash,Mumbai - Mulund,Cancelled
100473,2025-05-11,C2069,Thane Treats,South Indian,493,80,4.2,Cash,Mumbai - Thane,Delivered
100474,2026-06-03,C7996,Andheri Kitchen,North Indian,454,62,4.3,Credit Card,Mumbai - Bandra,Delivered
100475,2025-01-10,C1117,Andheri Kitchen,North Indian,1226,81,3.7,UPI,Mumbai - Mulund,Delivered
100476,2025-08-13,C6719,Thane Treats,Pizza,1719,65,2.7,Credit Card,Mumbai - Dadar,Cancelled
100477,2025-08-05,C7476,Colaba Cafe,Chinese,782,47,2.9,UPI,Mumbai - Bandra,Delivered
100478,2026-05-09,C6831,Dadar Darbar,Healthy Food,1780,22,3.4,Cash,Mumbai - Bandra,Cancelled
100479,2025-10-22,C2917,Dadar Darbar,Beverages,1608,58,3.0,Cash,Mumbai - Borivali,Delivered
100480,2025-01-17,C6675,Chembur Spice House,Biryani,1006,24,3.1,Credit Card,Mumbai - Powai,Cancelled
100481,2025-05-26,C1965,Bandra Bites,Biryani,1692,31,2.9,Debit Card,Mumbai - Powai,Delayed
100482,2025-11-30,C1392,Vashi Veg Corner,North Indian,864,48,3.7,UPI,Mumbai - Bandra,Delayed
100483,2025-03-01,C8666,Malad Food Hub,Healthy Food,197,21,3.1,Debit Card,Mumbai - Colaba,Delivered
100484,2025-10-12,C6109,Powai Plates,North Indian,353,27,4.0,Debit Card,Mumbai - Vashi,Delivered
100485,2025-01-14,C6999,Malad Food Hub,Chinese,1555,28,4.2,Wallet,Mumbai - Borivali,Delivered
100486,2026-01-14,C4405,Malad Food Hub,Chinese,977,71,4.4,Credit Card,Mumbai - Vashi,Delayed
100487,2025-09-21,C8458,Bandra Bites,Burger,1139,57,3.7,Cash,Mumbai - Colaba,Delivered
100488,2026-04-20,C1039,Borivali Bistro,Beverages,1206,23,2.7,Debit Card,Mumbai - Ghatkopar,Delayed
100489,2026-01-14,C2317,Colaba Cafe,Burger,153,24,5.0,Credit Card,Mumbai - Borivali,Delivered
100490,2025-04-30,C9272,Powai Plates,Desserts,1676,27,3.9,Debit Card,Mumbai - Bandra,Cancelled
100491,2026-04-04,C9371,Malad Food Hub,South Indian,1213,30,4.0,Wallet,Mumbai - Mulund,Delivered
100492,2025-06-25,C8310,Marine Drive Meals,Burger,1741,18,4.4,UPI,Mumbai - Kurla,Delayed
100493,2025-07-13,C6295,Mumbai Tadka,Beverages,1546,85,3.6,Debit Card,Mumbai - Ghatkopar,Delivered
100494,2025-07-03,C9529,Vashi Veg Corner,Healthy Food,224,40,4.9,Cash,Mumbai - Powai,Delayed
100495,2026-04-07,C9900,Andheri Kitchen,Burger,146,74,4.7,Cash,Mumbai - Vashi,Delivered
100496,2025-01-17,C9868,Malad Food Hub,Pizza,1578,29,4.1,Debit Card,Mumbai - Vashi,Delivered
100497,2025-04-21,C5426,Dadar Darbar,Burger,549,51,4.7,UPI,Mumbai - Kurla,Cancelled
100498,2026-05-10,C5754,Andheri Kitchen,Healthy Food,338,18,3.8,Cash,Mumbai - Ghatkopar,Delivered
100499,2025-12-19,C9607,Colaba Cafe,Beverages,754,48,3.8,Credit Card,Mumbai - Ghatkopar,Delivered
100500,2025-01-29,C9870,Ghatkopar Grill,Beverages,741,53,2.6,Debit Card,Mumbai - Powai,Delayed
100501,2025-12-01,C6386,Malad Food Hub,Beverages,1419,85,4.9,Debit Card,Mumbai - Kurla,Delivered
100502,2025-01-18,C7158,Bandra Bites,Burger,184,33,3.5,Wallet,Mumbai - Bandra,Delivered
100503,2026-05-23,C5624,Powai Plates,Biryani,1084,62,4.3,Debit Card,Mumbai - Andheri,Delivered
100504,2025-12-12,C7704,Kurla Kitchen,North Indian,1287,74,4.6,Cash,Mumbai - Thane,Delivered
100505,2026-05-31,C7782,Powai Plates,Chinese,212,32,3.7,Cash,Mumbai - Borivali,Delayed
100506,2026-03-28,C1720,Marine Drive Meals,South Indian,850,37,3.8,UPI,Mumbai - Dadar,Cancelled
100507,2025-06-21,C6254,Ghatkopar Grill,Chinese,725,33,2.5,UPI,Mumbai - Dadar,Delivered
100508,2025-07-13,C1038,Bandra Bites,South Indian,556,33,3.2,UPI,Mumbai - Chembur,Delivered
100509,2026-01-05,C3582,Malad Food Hub,Healthy Food,1532,18,3.2,UPI,Mumbai - Bandra,Delayed
100510,2026-04-25,C3065,Dadar Darbar,Biryani,1707,29,2.7,Wallet,Mumbai - Kurla,Cancelled
100511,2025-05-25,C5562,Mumbai Tadka,Desserts,1606,39,2.8,UPI,Mumbai - Ghatkopar,Delivered
100512,2025-10-31,C1020,Dadar Darbar,Burger,1030,44,4.0,Wallet,Mumbai - Powai,Delivered
100513,2026-06-05,C3453,Mumbai Tadka,Pizza,1060,84,5.0,Wallet,Mumbai - Thane,Delivered
100514,2025-07-02,C9385,Kurla Kitchen,Biryani,1024,17,2.5,Credit Card,Mumbai - Andheri,Cancelled
100515,2025-03-25,C9585,Marine Drive Meals,Biryani,974,53,4.8,Debit Card,Mumbai - Chembur,Cancelled
100516,2026-01-03,C9902,Malad Food Hub,Healthy Food,1121,59,3.8,Debit Card,Mumbai - Bandra,Delayed
100517,2025-04-15,C5328,Mumbai Tadka,South Indian,1323,66,4.7,Credit Card,Mumbai - Powai,Delayed
100518,2026-06-05,C2148,Ghatkopar Grill,Desserts,1676,49,3.1,Cash,Mumbai - Thane,Delayed
100519,2025-07-20,C4126,Kurla Kitchen,Desserts,429,53,4.7,Credit Card,Mumbai - Mulund,Cancelled
100520,2026-04-23,C9107,Powai Plates,South Indian,1677,63,2.5,Debit Card,Mumbai - Colaba,Delivered
100521,2025-07-21,C4635,Ghatkopar Grill,North Indian,499,35,3.3,Wallet,Mumbai - Malad,Delivered
100522,2025-08-02,C7817,Dadar Darbar,South Indian,247,42,4.0,Debit Card,Mumbai - Kurla,Delivered
100523,2025-02-05,C1239,Mumbai Tadka,South Indian,250,53,4.3,UPI,Mumbai - Kurla,Cancelled
100524,2025-11-20,C4610,Chembur Spice House,Burger,484,44,3.8,UPI,Mumbai - Mulund,Delivered
100525,2026-01-05,C3054,Mumbai Tadka,Desserts,1419,31,4.5,Credit Card,Mumbai - Malad,Delivered
100526,2026-03-16,C7708,Mumbai Tadka,Burger,584,84,4.9,Credit Card,Mumbai - Chembur,Delivered
100527,2026-02-11,C8517,Mumbai Tadka,Burger,768,24,3.8,Wallet,Mumbai - Thane,Delivered
100528,2026-05-21,C6182,Mumbai Tadka,North Indian,114,19,2.5,Cash,Mumbai - Chembur,Delivered
100529,2025-04-14,C1707,Colaba Cafe,Healthy Food,1493,73,4.2,Wallet,Mumbai - Kurla,Delayed
100530,2025-04-13,C2806,Vashi Veg Corner,Desserts,498,31,3.1,Credit Card,Mumbai - Ghatkopar,Delivered
100531,2026-04-30,C4442,Borivali Bistro,Burger,1397,78,2.8,Cash,Mumbai - Dadar,Delivered
100532,2025-07-27,C7022,Andheri Kitchen,Pizza,1272,63,2.6,Debit Card,Mumbai - Powai,Cancelled
100533,2025-09-28,C3071,Powai Plates,Healthy Food,420,29,3.5,Debit Card,Mumbai - Borivali,Delayed
100534,2025-12-27,C6002,Dadar Darbar,South Indian,1000,84,4.1,Cash,Mumbai - Malad,Cancelled
100535,2026-03-13,C5027,Ghatkopar Grill,Healthy Food,156,35,4.5,Debit Card,Mumbai - Borivali,Delayed
100536,2025-10-02,C9004,Thane Treats,Beverages,1730,47,3.1,UPI,Mumbai - Borivali,Delivered
100537,2025-07-06,C4933,Colaba Cafe,Beverages,1112,64,4.4,Wallet,Mumbai - Ghatkopar,Cancelled
100538,2025-06-25,C4867,Dadar Darbar,Desserts,315,16,4.7,Cash,Mumbai - Chembur,Delayed
100539,2026-06-25,C4279,Dadar Darbar,Biryani,1681,22,3.5,Wallet,Mumbai - Vashi,Delivered
100540,2025-10-13,C4528,Ghatkopar Grill,Healthy Food,392,25,3.2,UPI,Mumbai - Borivali,Delayed
100541,2025-02-24,C8296,Bandra Bites,Beverages,447,70,4.7,Credit Card,Mumbai - Thane,Delivered
100542,2025-07-07,C2175,Thane Treats,North Indian,338,49,4.2,UPI,Mumbai - Borivali,Delivered
100543,2025-03-11,C9990,Dadar Darbar,Healthy Food,298,39,3.2,Cash,Mumbai - Kurla,Cancelled
100544,2025-07-14,C6024,Borivali Bistro,Biryani,674,23,4.3,Cash,Mumbai - Ghatkopar,Delivered
100545,2026-03-10,C9348,Ghatkopar Grill,South Indian,641,85,5.0,Credit Card,Mumbai - Borivali,Delayed
100546,2026-03-11,C5915,Thane Treats,Beverages,1550,83,3.0,Wallet,Mumbai - Vashi,Delayed
100547,2025-01-18,C9020,Malad Food Hub,South Indian,1760,35,3.5,Credit Card,Mumbai - Andheri,Delayed
100548,2025-07-04,C8418,Ghatkopar Grill,Burger,1717,78,3.5,Credit Card,Mumbai - Borivali,Delayed
100549,2025-06-17,C9075,Marine Drive Meals,Healthy Food,403,57,4.2,Wallet,Mumbai - Dadar,Delivered
100550,2026-03-27,C9013,Thane Treats,Chinese,1486,32,3.3,UPI,Mumbai - Chembur,Delivered
100551,2025-03-17,C2557,Powai Plates,North Indian,1290,77,4.7,UPI,Mumbai - Mulund,Delayed
100552,2025-08-08,C6768,Andheri Kitchen,Biryani,1499,27,2.8,Credit Card,Mumbai - Chembur,Delivered
100553,2026-02-13,C5666,Powai Plates,Healthy Food,1051,75,3.4,Credit Card,Mumbai - Vashi,Delayed
100554,2025-06-04,C6798,Mumbai Tadka,Chinese,738,29,3.2,UPI,Mumbai - Ghatkopar,Delivered
100555,2025-05-13,C3431,Bandra Bites,Biryani,708,79,2.7,Wallet,Mumbai - Andheri,Delivered
100556,2025-03-02,C2029,Andheri Kitchen,South Indian,236,85,3.2,Debit Card,Mumbai - Malad,Delayed
100557,2026-04-07,C4767,Kurla Kitchen,Healthy Food,1617,35,4.6,Debit Card,Mumbai - Vashi,Delayed
100558,2025-03-11,C7047,Marine Drive Meals,Pizza,848,51,4.0,Cash,Mumbai - Powai,Delivered
100559,2026-05-14,C8013,Bandra Bites,Biryani,498,17,4.8,Debit Card,Mumbai - Borivali,Delivered
100560,2026-05-17,C2901,Bandra Bites,Healthy Food,324,79,3.1,Cash,Mumbai - Kurla,Delivered
100561,2025-06-11,C3844,Malad Food Hub,Biryani,924,44,3.0,Cash,Mumbai - Powai,Delivered
100562,2025-08-30,C6541,Bandra Bites,Biryani,998,57,3.3,UPI,Mumbai - Ghatkopar,Delivered
100563,2025-09-16,C1559,Andheri Kitchen,South Indian,942,63,4.7,Cash,Mumbai - Bandra,Cancelled
100564,2025-12-21,C4569,Ghatkopar Grill,Beverages,418,74,3.6,Debit Card,Mumbai - Borivali,Cancelled
100565,2025-01-17,C3056,Mumbai Tadka,Healthy Food,700,40,3.6,Cash,Mumbai - Dadar,Delivered
100566,2025-09-24,C6164,Colaba Cafe,Healthy Food,1100,26,2.5,Wallet,Mumbai - Borivali,Cancelled
100567,2025-01-17,C9905,Chembur Spice House,Beverages,602,71,4.1,UPI,Mumbai - Powai,Delivered
100568,2025-10-09,C5735,Malad Food Hub,Chinese,1568,47,4.3,Credit Card,Mumbai - Thane,Delivered
100569,2025-09-08,C6441,Bandra Bites,Beverages,1518,47,4.4,UPI,Mumbai - Powai,Delivered
100570,2025-08-08,C9160,Marine Drive Meals,Healthy Food,735,50,4.0,Wallet,Mumbai - Ghatkopar,Cancelled
100571,2025-09-18,C7379,Mumbai Tadka,Beverages,464,16,4.0,Cash,Mumbai - Chembur,Delivered
100572,2025-11-22,C7465,Bandra Bites,Burger,1637,68,3.5,Wallet,Mumbai - Bandra,Cancelled
100573,2025-01-16,C8016,Thane Treats,Burger,1388,63,4.5,Wallet,Mumbai - Bandra,Cancelled
100574,2025-09-11,C8522,Vashi Veg Corner,North Indian,333,62,3.9,Wallet,Mumbai - Ghatkopar,Delivered
100575,2025-08-19,C8146,Powai Plates,Burger,1698,59,4.5,Wallet,Mumbai - Vashi,Delivered
100576,2025-12-01,C7339,Kurla Kitchen,South Indian,977,79,3.4,Credit Card,Mumbai - Kurla,Delivered
100577,2025-06-11,C8516,Thane Treats,Beverages,916,70,3.6,Debit Card,Mumbai - Colaba,Delayed
100578,2026-01-04,C9664,Ghatkopar Grill,Desserts,444,19,4.2,Debit Card,Mumbai - Mulund,Delivered
100579,2025-11-08,C6968,Chembur Spice House,Pizza,633,65,3.1,Wallet,Mumbai - Bandra,Delivered
100580,2026-05-25,C3291,Kurla Kitchen,Pizza,1139,43,4.8,Debit Card,Mumbai - Chembur,Delayed
100581,2025-11-14,C8053,Colaba Cafe,Beverages,1503,51,4.1,Debit Card,Mumbai - Colaba,Cancelled
100582,2026-04-07,C9905,Thane Treats,Healthy Food,1749,26,5.0,Credit Card,Mumbai - Dadar,Delayed
100583,2026-03-22,C5775,Marine Drive Meals,Chinese,834,28,4.7,Credit Card,Mumbai - Kurla,Cancelled
100584,2026-01-25,C6821,Ghatkopar Grill,Desserts,471,15,2.5,Cash,Mumbai - Andheri,Cancelled
100585,2025-09-24,C2085,Bandra Bites,North Indian,327,35,4.7,Debit Card,Mumbai - Chembur,Delivered
100586,2025-09-15,C7595,Mumbai Tadka,Pizza,159,53,3.1,Wallet,Mumbai - Andheri,Delivered
100587,2026-05-31,C5929,Bandra Bites,South Indian,888,57,2.9,Wallet,Mumbai - Kurla,Delivered
100588,2026-06-10,C2901,Colaba Cafe,Healthy Food,1243,79,3.4,Wallet,Mumbai - Bandra,Delivered
100589,2025-04-23,C9354,Powai Plates,Burger,1667,33,4.6,UPI,Mumbai - Andheri,Delayed
100590,2025-08-27,C3363,Colaba Cafe,Burger,524,42,3.0,Credit Card,Mumbai - Malad,Delivered
100591,2026-01-22,C5368,Vashi Veg Corner,Pizza,1675,16,3.7,Debit Card,Mumbai - Thane,Delivered
100592,2025-12-02,C1291,Borivali Bistro,South Indian,887,81,2.6,UPI,Mumbai - Malad,Delayed
100593,2026-06-12,C4671,Mumbai Tadka,Pizza,1046,23,3.5,Debit Card,Mumbai - Andheri,Delayed
100594,2026-03-06,C7082,Thane Treats,Beverages,757,34,4.4,Debit Card,Mumbai - Chembur,Delayed
100595,2025-01-29,C5310,Bandra Bites,Pizza,252,56,3.8,Cash,Mumbai - Bandra,Delayed
100596,2025-03-12,C9663,Powai Plates,Chinese,944,26,3.0,Debit Card,Mumbai - Ghatkopar,Delivered
100597,2026-05-21,C4361,Thane Treats,South Indian,723,69,4.4,Debit Card,Mumbai - Ghatkopar,Delivered
100598,2025-01-16,C1264,Malad Food Hub,South Indian,678,44,4.0,Credit Card,Mumbai - Dadar,Cancelled
100599,2025-04-05,C5087,Colaba Cafe,North Indian,319,70,3.3,Cash,Mumbai - Vashi,Delivered
100600,2026-05-19,C1183,Kurla Kitchen,North Indian,1611,42,3.2,Debit Card,Mumbai - Dadar,Delivered
100601,2026-04-06,C1957,Dadar Darbar,Healthy Food,628,50,3.8,UPI,Mumbai - Andheri,Delivered
100602,2026-03-03,C1670,Borivali Bistro,North Indian,1549,37,2.8,Cash,Mumbai - Borivali,Delivered
100603,2025-03-16,C2557,Andheri Kitchen,Burger,403,48,3.7,UPI,Mumbai - Bandra,Delivered
100604,2025-03-08,C7025,Kurla Kitchen,South Indian,261,63,3.3,Credit Card,Mumbai - Mulund,Delivered
100605,2025-10-20,C1833,Mumbai Tadka,Chinese,607,54,4.8,UPI,Mumbai - Vashi,Delayed
100606,2026-02-17,C9580,Andheri Kitchen,Beverages,218,60,2.7,Credit Card,Mumbai - Kurla,Delivered
100607,2025-12-22,C3083,Thane Treats,Chinese,279,46,3.6,UPI,Mumbai - Thane,Delayed
100608,2025-04-19,C2299,Kurla Kitchen,Healthy Food,226,20,2.6,UPI,Mumbai - Bandra,Delivered
100609,2026-04-16,C7137,Borivali Bistro,Desserts,1493,77,3.5,Wallet,Mumbai - Borivali,Delivered
100610,2025-09-15,C4380,Mumbai Tadka,Pizza,321,35,4.5,Credit Card,Mumbai - Dadar,Delayed
100611,2026-03-29,C4729,Powai Plates,Beverages,394,34,3.6,Wallet,Mumbai - Powai,Delivered
100612,2026-04-01,C6403,Vashi Veg Corner,Biryani,1492,26,3.2,Debit Card,Mumbai - Chembur,Delivered
100613,2026-03-21,C2445,Powai Plates,Pizza,1403,16,5.0,Debit Card,Mumbai - Colaba,Delayed
100614,2025-02-22,C2494,Borivali Bistro,Pizza,546,83,3.6,Credit Card,Mumbai - Chembur,Delivered
100615,2025-06-18,C3443,Chembur Spice House,Chinese,805,15,3.3,Credit Card,Mumbai - Chembur,Cancelled
100616,2025-01-11,C5251,Malad Food Hub,Healthy Food,1663,26,3.8,UPI,Mumbai - Vashi,Delayed
100617,2026-05-06,C5472,Ghatkopar Grill,North Indian,253,80,4.1,Debit Card,Mumbai - Powai,Cancelled
100618,2025-01-02,C4452,Dadar Darbar,Healthy Food,799,24,3.3,Wallet,Mumbai - Dadar,Cancelled
100619,2025-12-25,C5449,Kurla Kitchen,Burger,634,26,3.1,UPI,Mumbai - Thane,Delivered
100620,2025-03-28,C4891,Chembur Spice House,Healthy Food,1595,43,4.7,Debit Card,Mumbai - Kurla,Delivered
100621,2026-06-19,C2143,Dadar Darbar,Pizza,577,48,3.7,Cash,Mumbai - Chembur,Delivered
100622,2025-01-08,C4559,Bandra Bites,Biryani,1752,24,4.1,Debit Card,Mumbai - Borivali,Cancelled
100623,2025-02-13,C5536,Andheri Kitchen,Healthy Food,552,16,2.9,Credit Card,Mumbai - Chembur,Cancelled
100624,2025-12-05,C8898,Andheri Kitchen,Desserts,278,24,3.6,Credit Card,Mumbai - Borivali,Delivered
100625,2025-09-14,C5594,Mumbai Tadka,North Indian,422,69,3.2,Cash,Mumbai - Malad,Cancelled
100626,2025-07-07,C3007,Bandra Bites,Beverages,1283,73,3.9,Wallet,Mumbai - Colaba,Cancelled
100627,2025-01-02,C7391,Chembur Spice House,Healthy Food,856,21,3.9,Cash,Mumbai - Andheri,Delivered
100628,2025-11-08,C6202,Kurla Kitchen,Healthy Food,1536,76,4.4,Credit Card,Mumbai - Powai,Delivered
100629,2025-03-24,C9930,Dadar Darbar,South Indian,1303,54,4.3,UPI,Mumbai - Malad,Delivered
100630,2026-05-11,C5801,Borivali Bistro,North Indian,1087,59,3.5,Wallet,Mumbai - Ghatkopar,Delivered
100631,2026-04-29,C9846,Powai Plates,Chinese,1487,69,3.4,Cash,Mumbai - Mulund,Delayed
100632,2026-06-01,C6051,Marine Drive Meals,Beverages,1794,33,4.1,UPI,Mumbai - Dadar,Delivered
100633,2025-09-17,C5195,Marine Drive Meals,South Indian,668,23,2.5,UPI,Mumbai - Thane,Delivered
100634,2026-04-09,C4487,Mumbai Tadka,North Indian,992,46,3.4,Credit Card,Mumbai - Vashi,Delayed
100635,2026-04-02,C9904,Malad Food Hub,Burger,1392,64,4.0,UPI,Mumbai - Dadar,Delayed
100636,2025-07-16,C9797,Ghatkopar Grill,Desserts,1552,45,4.6,Debit Card,Mumbai - Colaba,Cancelled
100637,2025-12-05,C5481,Dadar Darbar,Pizza,307,71,2.7,Debit Card,Mumbai - Borivali,Delivered
100638,2025-02-06,C7538,Andheri Kitchen,Pizza,1546,58,3.8,Wallet,Mumbai - Borivali,Cancelled
100639,2025-08-27,C9653,Powai Plates,Burger,597,32,4.0,Cash,Mumbai - Dadar,Cancelled
100640,2025-06-29,C3891,Powai Plates,Pizza,522,39,4.3,Wallet,Mumbai - Mulund,Delivered
100641,2025-11-24,C1888,Malad Food Hub,Beverages,828,50,3.4,UPI,Mumbai - Thane,Delivered
100642,2025-04-13,C3786,Vashi Veg Corner,Healthy Food,527,42,4.8,Debit Card,Mumbai - Andheri,Delivered
100643,2026-06-19,C2556,Kurla Kitchen,North Indian,185,46,4.7,Debit Card,Mumbai - Mulund,Delivered
100644,2026-01-27,C8938,Chembur Spice House,Healthy Food,1524,80,3.5,Wallet,Mumbai - Kurla,Delivered
100645,2025-05-21,C5859,Bandra Bites,Burger,922,43,4.5,Wallet,Mumbai - Borivali,Delivered
100646,2026-01-28,C1718,Dadar Darbar,Chinese,434,74,4.4,Cash,Mumbai - Powai,Delayed
100647,2025-09-23,C5916,Ghatkopar Grill,Burger,820,49,3.3,Credit Card,Mumbai - Andheri,Delivered
100648,2026-04-07,C4476,Thane Treats,Chinese,1325,23,2.6,UPI,Mumbai - Malad,Delivered
100649,2025-10-02,C6077,Kurla Kitchen,Healthy Food,1360,63,3.6,Cash,Mumbai - Mulund,Delivered
100650,2026-05-25,C5084,Vashi Veg Corner,Desserts,1042,39,4.5,Credit Card,Mumbai - Andheri,Delivered
100651,2026-04-22,C2146,Thane Treats,North Indian,490,55,4.2,Wallet,Mumbai - Dadar,Delivered
100652,2025-02-07,C3913,Powai Plates,Biryani,104,31,4.5,Cash,Mumbai - Powai,Delivered
100653,2025-02-01,C1235,Marine Drive Meals,Desserts,1221,65,2.7,Cash,Mumbai - Dadar,Cancelled
100654,2025-08-07,C8939,Andheri Kitchen,Pizza,295,75,3.5,Credit Card,Mumbai - Thane,Cancelled
100655,2026-02-25,C1568,Colaba Cafe,Chinese,1290,74,3.6,UPI,Mumbai - Powai,Delayed
100656,2025-10-08,C6807,Malad Food Hub,Chinese,672,58,3.7,Wallet,Mumbai - Malad,Delivered
100657,2026-05-21,C1381,Chembur Spice House,North Indian,1383,26,3.5,Credit Card,Mumbai - Mulund,Delivered
100658,2025-04-15,C6006,Thane Treats,Healthy Food,752,77,2.9,UPI,Mumbai - Ghatkopar,Cancelled
100659,2026-05-15,C3424,Borivali Bistro,Desserts,849,57,2.6,Cash,Mumbai - Vashi,Delayed
100660,2025-01-21,C8797,Ghatkopar Grill,Burger,475,21,3.1,UPI,Mumbai - Dadar,Delivered
100661,2025-08-06,C4823,Vashi Veg Corner,South Indian,1638,85,3.7,Debit Card,Mumbai - Dadar,Delivered
100662,2025-11-09,C3374,Dadar Darbar,Pizza,605,32,4.3,UPI,Mumbai - Powai,Cancelled
100663,2026-05-25,C4272,Chembur Spice House,North Indian,771,23,4.2,Wallet,Mumbai - Vashi,Delivered
100664,2025-05-08,C8602,Colaba Cafe,South Indian,1253,24,4.1,Wallet,Mumbai - Chembur,Cancelled
100665,2026-06-18,C9516,Andheri Kitchen,Beverages,817,51,4.0,UPI,Mumbai - Kurla,Delivered
100666,2025-06-11,C2932,Borivali Bistro,Healthy Food,477,42,4.1,Credit Card,Mumbai - Ghatkopar,Delivered
100667,2025-04-17,C6545,Vashi Veg Corner,Desserts,901,66,2.7,UPI,Mumbai - Borivali,Cancelled
100668,2025-08-22,C4387,Thane Treats,Desserts,783,19,4.8,Debit Card,Mumbai - Ghatkopar,Delivered
100669,2025-03-17,C2438,Powai Plates,Beverages,1777,16,3.0,Cash,Mumbai - Dadar,Delayed
100670,2025-10-08,C2503,Malad Food Hub,South Indian,885,59,3.5,Cash,Mumbai - Andheri,Delivered
100671,2025-03-03,C6403,Kurla Kitchen,Beverages,1286,62,2.9,Credit Card,Mumbai - Thane,Delivered
100672,2025-04-27,C3507,Ghatkopar Grill,North Indian,1294,57,3.9,UPI,Mumbai - Kurla,Delivered
100673,2025-06-26,C3625,Thane Treats,Biryani,1260,42,3.9,UPI,Mumbai - Borivali,Delivered
100674,2025-04-05,C1919,Borivali Bistro,Desserts,658,67,3.3,Cash,Mumbai - Malad,Delivered
100675,2025-09-27,C2432,Andheri Kitchen,Burger,504,28,3.0,Wallet,Mumbai - Borivali,Delivered
100676,2026-04-02,C1534,Dadar Darbar,Beverages,407,45,4.0,UPI,Mumbai - Powai,Delivered
100677,2025-09-21,C4044,Vashi Veg Corner,South Indian,795,52,3.5,Debit Card,Mumbai - Borivali,Delivered
100678,2025-03-11,C6293,Malad Food Hub,South Indian,1090,23,2.7,Credit Card,Mumbai - Malad,Delivered
100679,2025-10-31,C4559,Malad Food Hub,Healthy Food,187,84,4.7,Cash,Mumbai - Borivali,Delivered
100680,2026-03-12,C4378,Vashi Veg Corner,Beverages,351,51,2.6,Credit Card,Mumbai - Chembur,Delivered
100681,2026-01-04,C4538,Bandra Bites,Beverages,1468,62,4.5,Cash,Mumbai - Bandra,Delivered
100682,2025-02-11,C4294,Bandra Bites,Beverages,1109,57,5.0,UPI,Mumbai - Ghatkopar,Delivered
100683,2025-06-29,C9010,Thane Treats,Biryani,561,60,2.7,Credit Card,Mumbai - Dadar,Delivered
100684,2025-05-03,C8147,Marine Drive Meals,Chinese,1566,41,4.4,Wallet,Mumbai - Chembur,Delivered
100685,2025-01-18,C7932,Vashi Veg Corner,Burger,283,44,4.6,Credit Card,Mumbai - Powai,Delivered
100686,2025-05-24,C2646,Thane Treats,Chinese,727,68,3.3,Wallet,Mumbai - Thane,Delayed
100687,2026-05-28,C5905,Malad Food Hub,Burger,334,71,3.3,Wallet,Mumbai - Dadar,Delivered
100688,2026-01-06,C5966,Andheri Kitchen,Healthy Food,876,34,3.8,UPI,Mumbai - Thane,Delivered
100689,2025-11-11,C7592,Chembur Spice House,Healthy Food,1744,73,4.7,Cash,Mumbai - Chembur,Delivered
100690,2025-06-29,C3419,Marine Drive Meals,Burger,487,49,5.0,Debit Card,Mumbai - Borivali,Cancelled
100691,2025-03-23,C8289,Vashi Veg Corner,Chinese,528,17,2.6,Cash,Mumbai - Thane,Delayed
100692,2026-05-10,C4084,Marine Drive Meals,South Indian,1191,73,4.7,Cash,Mumbai - Ghatkopar,Delivered
100693,2026-04-05,C2574,Colaba Cafe,Healthy Food,157,48,3.6,Wallet,Mumbai - Malad,Delivered
100694,2025-01-27,C1574,Colaba Cafe,Pizza,755,27,4.6,Cash,Mumbai - Andheri,Delayed
100695,2025-02-19,C6183,Andheri Kitchen,Desserts,943,21,3.7,Wallet,Mumbai - Bandra,Delivered
100696,2025-02-09,C9203,Marine Drive Meals,Desserts,143,32,4.5,Credit Card,Mumbai - Andheri,Delivered
100697,2025-04-14,C2392,Borivali Bistro,Beverages,1375,34,4.5,Debit Card,Mumbai - Powai,Delayed
100698,2025-04-14,C6213,Malad Food Hub,Beverages,731,79,2.9,Cash,Mumbai - Chembur,Delayed
100699,2025-09-11,C1745,Borivali Bistro,Chinese,1006,30,4.7,Credit Card,Mumbai - Bandra,Delivered
100700,2025-01-29,C5879,Chembur Spice House,North Indian,1761,76,4.6,Credit Card,Mumbai - Mulund,Cancelled
100701,2025-07-26,C7588,Andheri Kitchen,Pizza,595,27,2.7,Credit Card,Mumbai - Chembur,Delivered
100702,2025-05-13,C7485,Thane Treats,Burger,708,62,2.5,Wallet,Mumbai - Mulund,Cancelled
100703,2025-05-05,C1099,Ghatkopar Grill,North Indian,783,62,3.9,UPI,Mumbai - Bandra,Cancelled
100704,2025-12-31,C2698,Vashi Veg Corner,Healthy Food,1313,68,4.9,Cash,Mumbai - Chembur,Delivered
100705,2025-11-09,C8376,Marine Drive Meals,Desserts,1684,68,4.1,Credit Card,Mumbai - Vashi,Delayed
100706,2025-02-28,C3786,Bandra Bites,South Indian,821,53,3.3,Debit Card,Mumbai - Kurla,Cancelled
100707,2025-06-29,C5351,Kurla Kitchen,North Indian,309,45,4.0,Credit Card,Mumbai - Vashi,Delivered
100708,2025-07-25,C4430,Powai Plates,Healthy Food,849,83,3.6,Credit Card,Mumbai - Colaba,Cancelled
100709,2026-04-09,C1290,Malad Food Hub,Burger,1022,28,2.8,Debit Card,Mumbai - Ghatkopar,Delayed
100710,2025-05-24,C8719,Ghatkopar Grill,North Indian,879,64,3.5,Credit Card,Mumbai - Dadar,Delivered
100711,2025-10-14,C3877,Marine Drive Meals,Biryani,1726,80,3.6,UPI,Mumbai - Bandra,Delivered
100712,2025-08-14,C2822,Ghatkopar Grill,Burger,1775,65,5.0,Wallet,Mumbai - Andheri,Delivered
100713,2025-03-18,C7794,Andheri Kitchen,Biryani,1101,45,4.3,UPI,Mumbai - Ghatkopar,Delivered
100714,2025-11-06,C5120,Ghatkopar Grill,Pizza,719,82,4.5,Wallet,Mumbai - Colaba,Delayed
100715,2025-10-22,C7125,Thane Treats,Beverages,706,40,4.0,Credit Card,Mumbai - Kurla,Delayed
100716,2026-05-05,C4090,Andheri Kitchen,Biryani,1251,38,3.9,Cash,Mumbai - Vashi,Cancelled
100717,2025-02-04,C3168,Powai Plates,Desserts,1524,39,3.0,Credit Card,Mumbai - Mulund,Delivered
100718,2026-04-19,C2494,Thane Treats,South Indian,395,70,4.3,Wallet,Mumbai - Colaba,Delivered
100719,2025-11-08,C8775,Borivali Bistro,Desserts,1751,33,3.4,Cash,Mumbai - Malad,Delivered
100720,2026-05-05,C7562,Mumbai Tadka,Chinese,470,81,4.2,Cash,Mumbai - Ghatkopar,Delivered
100721,2025-06-27,C3461,Thane Treats,Desserts,671,56,4.1,Credit Card,Mumbai - Dadar,Delayed
100722,2026-02-27,C1233,Colaba Cafe,Pizza,1603,70,3.2,UPI,Mumbai - Ghatkopar,Delayed
100723,2026-01-23,C6450,Andheri Kitchen,Biryani,1212,45,3.3,Wallet,Mumbai - Bandra,Cancelled
100724,2026-01-20,C2403,Marine Drive Meals,Beverages,844,70,4.3,Wallet,Mumbai - Chembur,Delivered
100725,2026-01-28,C6079,Bandra Bites,Beverages,1713,26,3.4,Credit Card,Mumbai - Thane,Delivered
100726,2025-01-15,C1548,Ghatkopar Grill,Beverages,935,42,3.9,Debit Card,Mumbai - Chembur,Delivered
100727,2025-10-09,C9108,Vashi Veg Corner,Desserts,1666,20,4.4,UPI,Mumbai - Vashi,Delivered
100728,2025-06-21,C8060,Thane Treats,South Indian,719,61,4.6,Credit Card,Mumbai - Bandra,Delivered
100729,2025-10-14,C3087,Colaba Cafe,North Indian,478,37,3.2,Debit Card,Mumbai - Malad,Delivered
100730,2025-01-26,C9505,Thane Treats,South Indian,549,23,2.9,Debit Card,Mumbai - Kurla,Delayed
100731,2026-03-21,C8458,Colaba Cafe,Desserts,658,74,3.5,UPI,Mumbai - Thane,Delivered
100732,2025-05-07,C2190,Malad Food Hub,South Indian,439,81,4.2,Wallet,Mumbai - Colaba,Delivered
100733,2025-02-24,C5038,Chembur Spice House,Healthy Food,479,74,4.4,UPI,Mumbai - Ghatkopar,Delivered
100734,2025-02-07,C4358,Powai Plates,Pizza,1402,67,3.3,Wallet,Mumbai - Powai,Delayed
100735,2025-12-12,C1580,Dadar Darbar,South Indian,173,15,2.6,UPI,Mumbai - Borivali,Delayed
100736,2026-01-21,C5377,Thane Treats,North Indian,1103,82,4.4,Credit Card,Mumbai - Kurla,Delivered
100737,2025-05-08,C2945,Borivali Bistro,Healthy Food,115,76,3.1,Credit Card,Mumbai - Kurla,Delivered
100738,2025-09-16,C9374,Mumbai Tadka,Burger,1262,60,4.3,Credit Card,Mumbai - Chembur,Delayed
100739,2025-08-15,C1012,Borivali Bistro,Biryani,716,53,4.3,Wallet,Mumbai - Ghatkopar,Cancelled
100740,2025-01-03,C4847,Andheri Kitchen,South Indian,1575,83,2.5,Credit Card,Mumbai - Kurla,Delivered
100741,2025-09-20,C6666,Bandra Bites,South Indian,1476,77,3.4,Credit Card,Mumbai - Vashi,Delivered
100742,2026-05-27,C1649,Malad Food Hub,Biryani,834,34,3.2,Credit Card,Mumbai - Borivali,Delivered
100743,2025-08-17,C5672,Malad Food Hub,North Indian,1003,29,4.7,Credit Card,Mumbai - Chembur,Delayed
100744,2025-09-11,C6498,Powai Plates,Burger,1223,20,3.9,Wallet,Mumbai - Colaba,Delayed
100745,2025-07-03,C7502,Colaba Cafe,Pizza,1747,24,3.2,Cash,Mumbai - Chembur,Delivered
100746,2025-07-06,C9851,Vashi Veg Corner,Beverages,285,38,4.8,Cash,Mumbai - Powai,Delivered
100747,2025-09-18,C6338,Mumbai Tadka,Beverages,244,49,4.3,Wallet,Mumbai - Bandra,Cancelled
100748,2025-10-31,C4486,Thane Treats,Healthy Food,1102,45,3.7,Debit Card,Mumbai - Thane,Delivered
100749,2025-11-19,C4002,Thane Treats,Burger,543,19,4.5,Credit Card,Mumbai - Bandra,Delivered
100750,2025-10-14,C7605,Kurla Kitchen,Desserts,1421,61,4.5,UPI,Mumbai - Bandra,Delivered
100751,2025-03-06,C8094,Bandra Bites,Pizza,1134,80,4.4,Wallet,Mumbai - Bandra,Delivered
100752,2025-06-15,C8798,Chembur Spice House,Pizza,945,76,3.5,Cash,Mumbai - Malad,Delivered
100753,2025-03-17,C4173,Ghatkopar Grill,Chinese,847,84,3.1,Cash,Mumbai - Chembur,Delivered
100754,2026-06-01,C6056,Vashi Veg Corner,Pizza,973,68,3.8,Credit Card,Mumbai - Dadar,Delivered
100755,2025-02-02,C8297,Chembur Spice House,Burger,308,26,4.3,Credit Card,Mumbai - Vashi,Delayed
100756,2025-02-17,C2993,Andheri Kitchen,Biryani,271,45,2.8,Debit Card,Mumbai - Powai,Delayed
100757,2026-05-14,C6297,Mumbai Tadka,Burger,819,78,3.7,Credit Card,Mumbai - Mulund,Delivered
100758,2025-06-15,C2937,Powai Plates,Chinese,1595,64,3.2,Wallet,Mumbai - Borivali,Delivered
100759,2025-07-13,C8130,Dadar Darbar,Healthy Food,1155,47,4.4,Cash,Mumbai - Chembur,Delivered
100760,2025-05-31,C5016,Powai Plates,Healthy Food,228,19,4.8,Debit Card,Mumbai - Mulund,Delivered
100761,2025-12-29,C1552,Colaba Cafe,Healthy Food,491,48,3.1,Credit Card,Mumbai - Vashi,Delivered
100762,2026-03-11,C6646,Marine Drive Meals,Desserts,487,77,2.8,Wallet,Mumbai - Borivali,Cancelled
100763,2025-08-11,C3442,Kurla Kitchen,Burger,241,83,2.8,Wallet,Mumbai - Andheri,Delivered
100764,2026-06-11,C4389,Malad Food Hub,Chinese,1649,67,3.8,Debit Card,Mumbai - Kurla,Cancelled
100765,2026-05-02,C5869,Ghatkopar Grill,Beverages,163,47,4.6,Debit Card,Mumbai - Mulund,Delayed
100766,2026-02-02,C9036,Kurla Kitchen,Beverages,758,37,4.5,Wallet,Mumbai - Malad,Delivered
100767,2025-05-24,C2057,Thane Treats,Burger,726,62,5.0,Debit Card,Mumbai - Colaba,Delivered
100768,2025-09-15,C6263,Andheri Kitchen,Chinese,981,77,3.1,Cash,Mumbai - Vashi,Cancelled
100769,2025-03-31,C4112,Powai Plates,Burger,179,73,3.3,Cash,Mumbai - Malad,Delivered
100770,2026-01-27,C1035,Marine Drive Meals,Burger,338,40,3.9,UPI,Mumbai - Bandra,Cancelled
100771,2025-11-02,C9580,Borivali Bistro,Pizza,543,85,4.8,Wallet,Mumbai - Vashi,Delivered
100772,2025-08-17,C9502,Ghatkopar Grill,Desserts,1211,48,3.9,Debit Card,Mumbai - Bandra,Delivered
100773,2025-10-19,C5509,Colaba Cafe,Burger,875,49,3.1,Credit Card,Mumbai - Dadar,Delivered
100774,2025-07-03,C1026,Powai Plates,Desserts,290,64,4.7,Wallet,Mumbai - Kurla,Delivered
100775,2025-02-03,C5103,Malad Food Hub,South Indian,908,53,4.0,Debit Card,Mumbai - Thane,Cancelled
100776,2026-03-07,C2095,Kurla Kitchen,South Indian,925,61,3.9,Debit Card,Mumbai - Kurla,Cancelled
100777,2025-07-01,C9276,Thane Treats,South Indian,1609,76,4.9,Credit Card,Mumbai - Thane,Cancelled
100778,2025-09-29,C4282,Mumbai Tadka,Desserts,1288,84,4.4,Debit Card,Mumbai - Thane,Delayed
100779,2026-06-13,C8076,Chembur Spice House,Burger,877,60,4.6,Cash,Mumbai - Ghatkopar,Delivered
100780,2026-04-20,C6167,Vashi Veg Corner,Desserts,978,34,4.6,UPI,Mumbai - Chembur,Delivered
100781,2025-02-19,C3971,Kurla Kitchen,Burger,1187,29,3.1,Wallet,Mumbai - Mulund,Delayed
100782,2026-01-14,C2688,Borivali Bistro,Desserts,1446,81,2.5,Credit Card,Mumbai - Mulund,Cancelled
100783,2026-05-07,C7755,Malad Food Hub,Burger,1304,46,3.0,Wallet,Mumbai - Kurla,Delayed
100784,2025-12-27,C6597,Malad Food Hub,Desserts,1524,42,3.6,Cash,Mumbai - Andheri,Delayed
100785,2026-03-16,C8751,Ghatkopar Grill,Desserts,446,54,3.9,Wallet,Mumbai - Powai,Delivered
100786,2026-02-06,C9869,Powai Plates,Chinese,844,55,4.5,UPI,Mumbai - Vashi,Delivered
100787,2026-06-14,C4466,Borivali Bistro,Biryani,1297,18,3.8,Wallet,Mumbai - Colaba,Cancelled
100788,2025-11-19,C5890,Powai Plates,Beverages,457,77,3.4,Credit Card,Mumbai - Colaba,Cancelled
100789,2025-12-01,C9056,Bandra Bites,Pizza,1172,78,2.6,Cash,Mumbai - Mulund,Delivered
100790,2026-03-08,C8106,Kurla Kitchen,Pizza,601,80,4.9,Wallet,Mumbai - Mulund,Delivered
100791,2025-12-03,C5445,Colaba Cafe,Healthy Food,1272,85,3.1,Credit Card,Mumbai - Borivali,Cancelled
100792,2026-02-17,C5092,Bandra Bites,Beverages,381,65,4.5,Cash,Mumbai - Kurla,Delayed
100793,2025-06-13,C1023,Ghatkopar Grill,Biryani,744,78,3.1,Wallet,Mumbai - Borivali,Delivered
100794,2025-04-16,C4589,Kurla Kitchen,Biryani,1175,27,2.6,Credit Card,Mumbai - Dadar,Delayed
100795,2025-05-05,C4764,Ghatkopar Grill,North Indian,1712,18,2.9,Wallet,Mumbai - Colaba,Delivered
100796,2025-12-29,C1854,Mumbai Tadka,Desserts,1391,58,2.6,Cash,Mumbai - Vashi,Delivered
100797,2025-02-08,C1765,Malad Food Hub,Pizza,644,44,4.3,Wallet,Mumbai - Andheri,Delivered
100798,2025-08-17,C1251,Bandra Bites,Pizza,210,33,3.9,Debit Card,Mumbai - Kurla,Delivered
100799,2025-11-03,C9440,Vashi Veg Corner,Biryani,851,68,4.8,Cash,Mumbai - Vashi,Delivered
100800,2026-05-11,C9282,Kurla Kitchen,Chinese,1349,83,4.5,Cash,Mumbai - Kurla,Delayed
100801,2025-07-02,C7254,Powai Plates,Chinese,1130,78,4.5,Cash,Mumbai - Borivali,Cancelled
100802,2025-10-07,C1136,Kurla Kitchen,Pizza,1374,38,4.2,Cash,Mumbai - Bandra,Delivered
100803,2026-03-03,C8689,Marine Drive Meals,South Indian,1210,53,4.7,Credit Card,Mumbai - Vashi,Delayed
100804,2025-07-23,C9519,Vashi Veg Corner,South Indian,1732,52,4.3,Wallet,Mumbai - Bandra,Delivered
100805,2025-07-12,C5409,Ghatkopar Grill,Biryani,1602,19,2.5,Debit Card,Mumbai - Borivali,Cancelled
100806,2025-05-11,C5900,Ghatkopar Grill,Chinese,951,27,4.2,Credit Card,Mumbai - Kurla,Delivered
100807,2026-02-04,C9579,Powai Plates,Burger,425,49,4.7,UPI,Mumbai - Kurla,Delivered
100808,2026-01-10,C9077,Ghatkopar Grill,South Indian,1315,77,3.2,UPI,Mumbai - Mulund,Delayed
100809,2025-04-25,C5084,Ghatkopar Grill,Beverages,1273,83,3.8,Wallet,Mumbai - Chembur,Delayed
100810,2025-06-03,C8719,Malad Food Hub,Healthy Food,1326,38,3.5,Cash,Mumbai - Ghatkopar,Delivered
100811,2025-10-23,C9992,Kurla Kitchen,Burger,388,61,2.6,UPI,Mumbai - Colaba,Delivered
100812,2025-01-12,C9752,Colaba Cafe,South Indian,114,70,4.5,UPI,Mumbai - Dadar,Delayed
100813,2026-04-29,C8948,Vashi Veg Corner,Pizza,1288,44,3.4,Cash,Mumbai - Thane,Delivered
100814,2025-02-10,C3006,Chembur Spice House,Beverages,144,16,2.6,Cash,Mumbai - Malad,Delivered
100815,2025-07-29,C3667,Mumbai Tadka,Healthy Food,1289,80,2.9,UPI,Mumbai - Borivali,Delivered
100816,2026-04-14,C9595,Vashi Veg Corner,Beverages,241,22,2.9,Debit Card,Mumbai - Powai,Delivered
100817,2025-04-16,C2014,Vashi Veg Corner,North Indian,814,73,3.8,UPI,Mumbai - Colaba,Cancelled
100818,2025-05-04,C2530,Vashi Veg Corner,North Indian,1070,33,4.7,Wallet,Mumbai - Thane,Delivered
100819,2026-02-20,C2490,Malad Food Hub,North Indian,1366,65,2.6,Cash,Mumbai - Vashi,Delivered
100820,2025-02-12,C8206,Ghatkopar Grill,Burger,1274,62,3.3,UPI,Mumbai - Vashi,Delivered
100821,2026-01-07,C8536,Mumbai Tadka,Healthy Food,1336,49,3.2,UPI,Mumbai - Borivali,Delivered
100822,2026-02-12,C5430,Dadar Darbar,Burger,557,21,3.6,Wallet,Mumbai - Kurla,Delivered
100823,2026-06-18,C1805,Thane Treats,Desserts,190,22,3.3,Cash,Mumbai - Ghatkopar,Delayed
100824,2025-06-18,C8675,Kurla Kitchen,Beverages,674,61,3.8,Cash,Mumbai - Thane,Delayed
100825,2025-05-08,C8546,Colaba Cafe,Burger,1785,28,4.2,Debit Card,Mumbai - Borivali,Cancelled
100826,2025-12-31,C5090,Colaba Cafe,Chinese,1135,67,2.6,Cash,Mumbai - Chembur,Delivered
100827,2025-01-12,C6091,Malad Food Hub,Beverages,498,59,4.1,Credit Card,Mumbai - Colaba,Delivered
100828,2025-04-16,C7525,Kurla Kitchen,Chinese,1475,68,3.4,Credit Card,Mumbai - Dadar,Delivered
100829,2025-03-07,C4152,Kurla Kitchen,South Indian,656,56,3.1,Credit Card,Mumbai - Ghatkopar,Delayed
100830,2025-03-22,C1236,Mumbai Tadka,Chinese,1498,32,4.1,Credit Card,Mumbai - Ghatkopar,Delayed
100831,2025-10-26,C5463,Mumbai Tadka,Biryani,1655,48,3.7,UPI,Mumbai - Kurla,Delayed
100832,2026-03-20,C9929,Chembur Spice House,Beverages,617,79,3.5,Debit Card,Mumbai - Borivali,Delivered
100833,2025-05-09,C2334,Chembur Spice House,North Indian,459,40,4.8,Cash,Mumbai - Dadar,Delivered
100834,2025-01-24,C1543,Borivali Bistro,South Indian,479,37,3.4,Cash,Mumbai - Ghatkopar,Cancelled
100835,2026-05-15,C1772,Thane Treats,North Indian,456,60,3.3,UPI,Mumbai - Vashi,Delayed
100836,2025-10-20,C6634,Colaba Cafe,Chinese,1545,55,2.8,Cash,Mumbai - Powai,Delivered
100837,2025-08-13,C5367,Mumbai Tadka,Burger,1515,64,3.1,Debit Card,Mumbai - Vashi,Delivered
100838,2025-04-07,C4181,Borivali Bistro,Biryani,1701,81,3.7,Cash,Mumbai - Dadar,Cancelled
100839,2025-02-12,C2595,Andheri Kitchen,Burger,296,65,3.6,Credit Card,Mumbai - Mulund,Delayed
100840,2025-02-15,C1395,Marine Drive Meals,Pizza,1405,69,3.4,Cash,Mumbai - Powai,Cancelled
100841,2025-11-26,C3641,Malad Food Hub,Pizza,336,64,3.0,Debit Card,Mumbai - Andheri,Cancelled
100842,2025-02-11,C7346,Thane Treats,Healthy Food,289,19,2.6,Credit Card,Mumbai - Malad,Delayed
100843,2026-05-04,C2278,Marine Drive Meals,Chinese,640,19,3.2,Credit Card,Mumbai - Kurla,Delivered
100844,2026-05-13,C1489,Colaba Cafe,Chinese,1591,55,3.3,Wallet,Mumbai - Powai,Delivered
100845,2026-05-04,C4135,Mumbai Tadka,Healthy Food,962,26,4.1,Debit Card,Mumbai - Kurla,Delivered
100846,2025-10-05,C1145,Marine Drive Meals,Desserts,295,41,3.8,UPI,Mumbai - Borivali,Delivered
100847,2026-03-20,C3301,Bandra Bites,Desserts,800,52,4.4,UPI,Mumbai - Kurla,Delivered
100848,2025-08-25,C3433,Chembur Spice House,Beverages,728,53,3.9,Credit Card,Mumbai - Colaba,Delayed
100849,2025-09-17,C5015,Malad Food Hub,Desserts,1547,54,3.3,Wallet,Mumbai - Bandra,Delivered
100850,2025-09-20,C2080,Borivali Bistro,Healthy Food,648,58,3.6,UPI,Mumbai - Vashi,Delivered
100851,2025-04-12,C8542,Marine Drive Meals,Pizza,1072,71,4.8,UPI,Mumbai - Malad,Delayed
100852,2025-07-01,C1277,Bandra Bites,Desserts,1514,84,3.1,Debit Card,Mumbai - Ghatkopar,Delivered
100853,2025-06-03,C8065,Colaba Cafe,Pizza,1539,39,5.0,Cash,Mumbai - Powai,Delivered
100854,2025-02-14,C3831,Malad Food Hub,North Indian,711,26,4.3,Cash,Mumbai - Chembur,Cancelled
100855,2025-07-18,C8451,Dadar Darbar,North Indian,861,67,3.2,Credit Card,Mumbai - Bandra,Delivered
100856,2026-01-08,C6397,Kurla Kitchen,Biryani,367,55,3.9,UPI,Mumbai - Borivali,Delayed
100857,2026-03-23,C1820,Chembur Spice House,Chinese,1121,60,4.1,Cash,Mumbai - Colaba,Delivered
100858,2026-04-08,C7142,Colaba Cafe,North Indian,1670,21,4.3,UPI,Mumbai - Andheri,Delivered
100859,2025-04-26,C3040,Colaba Cafe,Desserts,965,37,4.2,Credit Card,Mumbai - Thane,Cancelled
100860,2026-06-24,C8508,Kurla Kitchen,Burger,1668,27,4.2,Wallet,Mumbai - Andheri,Delivered
100861,2025-07-06,C8831,Chembur Spice House,Desserts,1358,53,4.7,Wallet,Mumbai - Bandra,Cancelled
100862,2025-03-07,C9416,Ghatkopar Grill,Chinese,1484,29,3.9,UPI,Mumbai - Andheri,Delivered
100863,2026-02-08,C9115,Borivali Bistro,Desserts,664,18,3.5,Cash,Mumbai - Andheri,Delivered
100864,2025-01-19,C7388,Ghatkopar Grill,Pizza,720,70,4.2,Credit Card,Mumbai - Powai,Delivered
100865,2025-08-27,C9505,Dadar Darbar,Pizza,125,46,3.7,Wallet,Mumbai - Ghatkopar,Delivered
100866,2026-03-27,C1785,Vashi Veg Corner,South Indian,929,45,4.3,UPI,Mumbai - Kurla,Cancelled
100867,2026-05-15,C9859,Dadar Darbar,Healthy Food,1714,84,3.0,Cash,Mumbai - Vashi,Delivered
100868,2025-05-17,C2642,Colaba Cafe,Healthy Food,1567,67,4.4,Debit Card,Mumbai - Malad,Delayed
100869,2025-06-18,C3888,Kurla Kitchen,Healthy Food,599,33,4.5,Debit Card,Mumbai - Vashi,Delayed
100870,2025-10-25,C3359,Vashi Veg Corner,Biryani,1506,51,3.3,UPI,Mumbai - Borivali,Delivered
100871,2025-06-13,C6271,Mumbai Tadka,Desserts,569,30,4.1,UPI,Mumbai - Colaba,Cancelled
100872,2025-04-05,C8130,Chembur Spice House,Beverages,888,49,4.6,Debit Card,Mumbai - Andheri,Delivered
100873,2026-03-28,C3539,Bandra Bites,Burger,538,71,2.6,Wallet,Mumbai - Chembur,Cancelled
100874,2026-03-24,C9894,Bandra Bites,Beverages,743,81,3.7,Credit Card,Mumbai - Dadar,Cancelled
100875,2025-09-24,C4514,Chembur Spice House,Biryani,675,74,2.6,UPI,Mumbai - Powai,Delayed
100876,2026-06-11,C6466,Vashi Veg Corner,South Indian,164,84,3.3,Credit Card,Mumbai - Borivali,Cancelled
100877,2025-10-04,C4412,Vashi Veg Corner,North Indian,398,72,4.6,Debit Card,Mumbai - Thane,Delivered
100878,2026-03-12,C8927,Dadar Darbar,Biryani,705,75,4.8,Debit Card,Mumbai - Borivali,Delivered
100879,2025-01-22,C4552,Bandra Bites,South Indian,363,16,4.5,Cash,Mumbai - Colaba,Delivered
100880,2026-04-15,C7131,Thane Treats,Biryani,1611,55,3.6,Debit Card,Mumbai - Powai,Delivered
100881,2025-05-20,C8714,Borivali Bistro,Desserts,1163,69,4.6,Credit Card,Mumbai - Chembur,Cancelled
100882,2025-01-14,C1917,Bandra Bites,Burger,1175,63,3.7,Cash,Mumbai - Colaba,Delivered
100883,2026-03-28,C8603,Marine Drive Meals,Biryani,1190,30,3.6,UPI,Mumbai - Chembur,Delivered
100884,2025-07-30,C3807,Bandra Bites,South Indian,251,71,2.7,Cash,Mumbai - Dadar,Cancelled
100885,2025-08-15,C5681,Kurla Kitchen,Biryani,704,56,4.3,Debit Card,Mumbai - Malad,Delivered
100886,2026-03-13,C9553,Andheri Kitchen,Biryani,418,26,5.0,UPI,Mumbai - Colaba,Cancelled
100887,2025-04-12,C3876,Malad Food Hub,Chinese,771,55,4.1,Debit Card,Mumbai - Ghatkopar,Delivered
100888,2025-12-30,C7752,Borivali Bistro,Biryani,1495,56,3.2,Credit Card,Mumbai - Bandra,Delayed
100889,2025-11-26,C7167,Marine Drive Meals,Chinese,886,62,3.0,Debit Card,Mumbai - Andheri,Delivered
100890,2026-03-04,C6764,Chembur Spice House,North Indian,1590,66,2.6,Debit Card,Mumbai - Kurla,Delivered
100891,2025-10-09,C4197,Chembur Spice House,Desserts,515,20,4.8,Cash,Mumbai - Kurla,Delivered
100892,2025-10-03,C5822,Colaba Cafe,Desserts,1555,85,2.6,UPI,Mumbai - Malad,Delayed
100893,2026-02-03,C3027,Mumbai Tadka,Healthy Food,591,77,3.4,Cash,Mumbai - Chembur,Delivered
100894,2025-05-18,C7691,Vashi Veg Corner,North Indian,1743,83,3.0,UPI,Mumbai - Andheri,Delivered
100895,2026-06-04,C2873,Borivali Bistro,Healthy Food,723,33,3.4,Debit Card,Mumbai - Thane,Delivered
100896,2025-08-10,C3838,Chembur Spice House,Chinese,1532,59,2.7,Debit Card,Mumbai - Vashi,Cancelled
100897,2025-11-26,C5243,Bandra Bites,North Indian,653,69,4.5,Debit Card,Mumbai - Mulund,Delivered
100898,2025-03-08,C3647,Ghatkopar Grill,Healthy Food,388,73,5.0,UPI,Mumbai - Powai,Delivered
100899,2025-09-17,C7329,Ghatkopar Grill,North Indian,206,47,4.5,Credit Card,Mumbai - Borivali,Delivered
100900,2026-06-01,C5510,Marine Drive Meals,North Indian,624,84,4.8,Cash,Mumbai - Mulund,Delivered
100901,2025-06-03,C8080,Chembur Spice House,Desserts,304,73,3.4,UPI,Mumbai - Bandra,Delayed
100902,2025-03-22,C8342,Ghatkopar Grill,Biryani,362,68,3.7,Cash,Mumbai - Vashi,Cancelled
100903,2025-06-28,C8852,Thane Treats,Desserts,192,45,4.7,Wallet,Mumbai - Colaba,Cancelled
100904,2025-03-31,C8691,Andheri Kitchen,Pizza,1424,63,4.9,Wallet,Mumbai - Kurla,Delivered
100905,2026-04-30,C8890,Dadar Darbar,South Indian,149,44,2.8,Cash,Mumbai - Bandra,Cancelled
100906,2025-05-24,C5541,Andheri Kitchen,South Indian,1542,45,2.7,Debit Card,Mumbai - Andheri,Cancelled
100907,2025-02-17,C3691,Mumbai Tadka,Chinese,1129,70,3.7,UPI,Mumbai - Powai,Delivered
100908,2025-12-23,C4432,Bandra Bites,Pizza,220,60,2.8,Wallet,Mumbai - Malad,Delivered
100909,2025-05-06,C1829,Kurla Kitchen,South Indian,1388,51,4.0,Debit Card,Mumbai - Bandra,Cancelled
100910,2025-12-11,C2695,Kurla Kitchen,Chinese,1164,32,3.7,Cash,Mumbai - Powai,Delayed
100911,2026-03-16,C4368,Mumbai Tadka,Pizza,1564,16,3.0,Debit Card,Mumbai - Ghatkopar,Delivered
100912,2026-03-10,C7153,Bandra Bites,Burger,715,78,3.5,Debit Card,Mumbai - Malad,Delivered
100913,2025-11-02,C8408,Chembur Spice House,Biryani,904,80,3.8,Cash,Mumbai - Kurla,Delivered
100914,2025-12-13,C5066,Powai Plates,Chinese,1277,69,3.4,Credit Card,Mumbai - Mulund,Delivered
100915,2026-05-17,C8111,Powai Plates,Chinese,961,50,4.4,Credit Card,Mumbai - Ghatkopar,Delayed
100916,2025-03-18,C9291,Bandra Bites,Chinese,1237,64,2.8,Cash,Mumbai - Powai,Delivered
100917,2025-08-03,C1378,Bandra Bites,Healthy Food,681,65,3.6,Debit Card,Mumbai - Kurla,Delivered
100918,2025-11-22,C7696,Thane Treats,Beverages,261,15,4.3,Debit Card,Mumbai - Powai,Cancelled
100919,2025-12-11,C5742,Thane Treats,North Indian,252,66,4.6,Wallet,Mumbai - Kurla,Delayed
100920,2026-03-30,C1393,Chembur Spice House,Beverages,907,72,4.7,UPI,Mumbai - Ghatkopar,Cancelled
100921,2025-02-27,C1685,Marine Drive Meals,Beverages,839,56,4.3,Credit Card,Mumbai - Borivali,Delivered
100922,2026-05-26,C6998,Colaba Cafe,Burger,907,55,4.5,UPI,Mumbai - Mulund,Delivered
100923,2025-01-01,C5494,Andheri Kitchen,Healthy Food,812,44,3.8,Debit Card,Mumbai - Chembur,Cancelled
100924,2025-11-11,C5355,Borivali Bistro,Healthy Food,1780,63,3.3,Cash,Mumbai - Colaba,Delivered
100925,2025-05-03,C1371,Malad Food Hub,Chinese,1176,23,4.5,Wallet,Mumbai - Dadar,Delayed
100926,2026-01-21,C6806,Andheri Kitchen,Beverages,1181,61,3.9,Wallet,Mumbai - Kurla,Delayed
100927,2025-12-31,C8577,Chembur Spice House,Pizza,1329,19,3.7,UPI,Mumbai - Colaba,Cancelled
100928,2026-03-02,C8219,Colaba Cafe,North Indian,1266,50,4.4,Wallet,Mumbai - Dadar,Delivered
100929,2026-03-05,C1882,Ghatkopar Grill,Pizza,1137,82,2.8,Wallet,Mumbai - Powai,Delivered
100930,2026-01-27,C5347,Chembur Spice House,South Indian,439,44,4.9,Cash,Mumbai - Malad,Cancelled
100931,2025-01-11,C3149,Vashi Veg Corner,Desserts,1353,16,3.5,UPI,Mumbai - Bandra,Delivered
100932,2025-12-04,C4976,Chembur Spice House,Desserts,128,77,2.9,Cash,Mumbai - Mulund,Delivered
100933,2026-01-20,C2626,Chembur Spice House,Pizza,1759,62,4.4,Debit Card,Mumbai - Mulund,Delayed
100934,2025-01-24,C7030,Vashi Veg Corner,Chinese,304,30,4.1,Credit Card,Mumbai - Chembur,Delivered
100935,2026-01-23,C2705,Malad Food Hub,Chinese,702,26,3.9,Credit Card,Mumbai - Ghatkopar,Delayed
100936,2025-12-03,C4635,Bandra Bites,Pizza,451,46,3.7,Credit Card,Mumbai - Bandra,Delivered
100937,2025-10-20,C5768,Ghatkopar Grill,Chinese,435,28,3.4,Wallet,Mumbai - Powai,Delivered
100938,2025-08-13,C9323,Bandra Bites,Desserts,1336,41,3.1,Wallet,Mumbai - Thane,Delivered
100939,2026-02-27,C1882,Malad Food Hub,Burger,296,45,3.4,Debit Card,Mumbai - Colaba,Delivered
100940,2025-02-13,C4388,Borivali Bistro,Burger,833,74,4.1,Wallet,Mumbai - Mulund,Delivered
100941,2025-08-28,C2420,Thane Treats,Healthy Food,443,46,3.6,UPI,Mumbai - Dadar,Delayed
100942,2025-02-21,C5263,Bandra Bites,South Indian,734,29,3.6,Credit Card,Mumbai - Thane,Cancelled
100943,2025-07-28,C5890,Borivali Bistro,Beverages,482,43,2.7,Wallet,Mumbai - Bandra,Delivered
100944,2026-05-19,C5316,Andheri Kitchen,Pizza,1695,30,4.9,Wallet,Mumbai - Borivali,Delayed
100945,2025-06-04,C3615,Borivali Bistro,Biryani,1119,19,4.7,Wallet,Mumbai - Chembur,Delayed
100946,2025-03-16,C2740,Dadar Darbar,Burger,589,52,2.6,Debit Card,Mumbai - Kurla,Delayed
100947,2026-03-26,C7414,Chembur Spice House,South Indian,1574,80,4.7,Wallet,Mumbai - Colaba,Cancelled
100948,2026-03-04,C6053,Colaba Cafe,South Indian,1087,41,3.2,UPI,Mumbai - Chembur,Cancelled
100949,2025-08-09,C6517,Powai Plates,Beverages,1500,60,4.3,Wallet,Mumbai - Bandra,Delayed
100950,2025-03-04,C7622,Bandra Bites,North Indian,1206,58,4.5,Cash,Mumbai - Colaba,Cancelled
100951,2025-06-18,C1675,Dadar Darbar,Desserts,1251,19,3.5,Cash,Mumbai - Malad,Delayed
100952,2026-01-16,C1260,Vashi Veg Corner,Healthy Food,884,85,3.7,Cash,Mumbai - Powai,Delivered
100953,2026-04-05,C7602,Mumbai Tadka,Desserts,560,47,4.0,Cash,Mumbai - Thane,Delivered
100954,2026-06-18,C7542,Malad Food Hub,Biryani,354,73,4.0,Credit Card,Mumbai - Powai,Delivered
100955,2026-05-09,C9718,Andheri Kitchen,Pizza,662,60,2.6,Wallet,Mumbai - Ghatkopar,Delayed
100956,2025-04-07,C3185,Andheri Kitchen,Pizza,718,78,4.3,Debit Card,Mumbai - Ghatkopar,Cancelled
100957,2026-04-23,C6089,Vashi Veg Corner,North Indian,149,84,2.6,Cash,Mumbai - Thane,Cancelled
100958,2026-04-30,C6365,Kurla Kitchen,Chinese,1491,75,3.8,Credit Card,Mumbai - Vashi,Delivered
100959,2025-11-08,C5041,Malad Food Hub,North Indian,1564,49,4.5,Cash,Mumbai - Ghatkopar,Delivered
100960,2025-11-15,C2985,Marine Drive Meals,North Indian,1135,21,4.5,Wallet,Mumbai - Vashi,Delivered
100961,2026-04-08,C7711,Mumbai Tadka,Healthy Food,705,58,3.8,Debit Card,Mumbai - Kurla,Delivered
100962,2025-07-23,C4316,Powai Plates,Biryani,1159,81,3.4,Credit Card,Mumbai - Vashi,Delivered
100963,2026-03-05,C1516,Mumbai Tadka,Burger,318,16,3.6,Wallet,Mumbai - Dadar,Delivered
100964,2025-02-21,C3050,Thane Treats,Beverages,1593,51,2.7,Credit Card,Mumbai - Mulund,Cancelled
100965,2025-06-17,C4272,Vashi Veg Corner,Healthy Food,1526,84,3.5,UPI,Mumbai - Ghatkopar,Delivered
100966,2025-01-16,C7184,Colaba Cafe,Chinese,741,23,3.2,UPI,Mumbai - Malad,Delivered
100967,2026-04-29,C3535,Malad Food Hub,Healthy Food,441,16,2.9,Cash,Mumbai - Andheri,Delivered
100968,2025-07-18,C5311,Kurla Kitchen,Desserts,413,81,2.9,Cash,Mumbai - Bandra,Delayed
100969,2025-05-23,C8512,Dadar Darbar,North Indian,1799,26,4.6,Credit Card,Mumbai - Andheri,Delivered
100970,2026-05-02,C4195,Malad Food Hub,Beverages,594,46,4.6,Wallet,Mumbai - Mulund,Delivered
100971,2026-06-04,C6286,Malad Food Hub,Desserts,746,19,4.0,Cash,Mumbai - Colaba,Delayed
100972,2025-01-16,C5559,Powai Plates,Pizza,1002,18,3.3,UPI,Mumbai - Andheri,Delayed
100973,2025-05-29,C7045,Borivali Bistro,South Indian,1241,68,3.6,UPI,Mumbai - Chembur,Delayed
100974,2025-11-25,C3498,Borivali Bistro,Pizza,831,47,2.8,UPI,Mumbai - Borivali,Cancelled
100975,2025-05-27,C9064,Powai Plates,Burger,1209,53,4.0,Debit Card,Mumbai - Colaba,Delivered
100976,2025-02-10,C9401,Ghatkopar Grill,Beverages,1124,53,3.9,Cash,Mumbai - Malad,Delayed
100977,2026-05-11,C9810,Borivali Bistro,Pizza,901,34,3.5,Debit Card,Mumbai - Thane,Delivered
100978,2026-05-03,C9249,Malad Food Hub,Beverages,508,44,4.6,Cash,Mumbai - Malad,Delivered
100979,2025-12-10,C5212,Vashi Veg Corner,North Indian,982,51,3.6,Wallet,Mumbai - Vashi,Cancelled
100980,2026-02-06,C2836,Chembur Spice House,Beverages,1532,28,3.2,Cash,Mumbai - Thane,Delayed
100981,2025-01-04,C5078,Chembur Spice House,Chinese,1484,61,2.8,Cash,Mumbai - Mulund,Cancelled
100982,2026-02-04,C6733,Chembur Spice House,Desserts,1200,15,3.3,Cash,Mumbai - Thane,Delivered
100983,2026-06-13,C5934,Marine Drive Meals,Burger,375,17,3.4,Wallet,Mumbai - Bandra,Delivered
100984,2025-06-14,C9013,Thane Treats,Chinese,449,45,3.1,Debit Card,Mumbai - Powai,Delivered
100985,2025-08-17,C7909,Mumbai Tadka,Burger,1428,53,4.9,Debit Card,Mumbai - Bandra,Delivered
100986,2025-07-08,C5537,Kurla Kitchen,Biryani,1077,67,4.5,Debit Card,Mumbai - Chembur,Cancelled
100987,2025-12-10,C2400,Kurla Kitchen,Biryani,1168,36,3.2,Debit Card,Mumbai - Andheri,Delivered
100988,2025-03-07,C9728,Borivali Bistro,Biryani,173,29,3.5,Debit Card,Mumbai - Bandra,Delivered
100989,2025-09-21,C2730,Borivali Bistro,Burger,437,42,3.9,UPI,Mumbai - Powai,Delivered
100990,2025-06-18,C9047,Marine Drive Meals,Beverages,787,39,4.7,UPI,Mumbai - Colaba,Cancelled
100991,2026-01-22,C6920,Ghatkopar Grill,Biryani,307,64,3.1,Credit Card,Mumbai - Kurla,Delayed
100992,2025-01-31,C3386,Ghatkopar Grill,Beverages,833,43,3.7,Cash,Mumbai - Kurla,Delivered
100993,2025-08-26,C4743,Mumbai Tadka,Chinese,132,63,3.9,Wallet,Mumbai - Malad,Delivered
100994,2025-01-16,C3122,Colaba Cafe,Healthy Food,1107,28,3.9,Wallet,Mumbai - Thane,Delivered
100995,2026-02-20,C3623,Mumbai Tadka,Beverages,1143,33,4.7,Wallet,Mumbai - Colaba,Delayed
100996,2026-03-22,C6875,Thane Treats,Desserts,617,84,2.8,Debit Card,Mumbai - Powai,Delivered
100997,2026-01-29,C7063,Kurla Kitchen,Burger,1000,58,4.8,Wallet,Mumbai - Vashi,Delivered
100998,2026-04-06,C8327,Andheri Kitchen,Burger,756,52,2.9,Wallet,Mumbai - Powai,Delivered
100999,2025-01-10,C9946,Chembur Spice House,Pizza,500,81,4.5,Wallet,Mumbai - Kurla,Delivered
101000,2026-03-19,C1792,Dadar Darbar,South Indian,1083,21,2.5,Debit Card,Mumbai - Malad,Cancelled
101001,2025-12-24,C6428,Colaba Cafe,North Indian,1709,73,4.0,Wallet,Mumbai - Ghatkopar,Delivered
101002,2025-04-17,C3490,Andheri Kitchen,North Indian,197,81,4.6,UPI,Mumbai - Borivali,Delayed
101003,2025-04-23,C2209,Colaba Cafe,Biryani,1466,85,4.4,Cash,Mumbai - Andheri,Delayed
101004,2026-06-25,C8987,Marine Drive Meals,Biryani,1432,18,4.3,Wallet,Mumbai - Dadar,Cancelled
101005,2025-10-21,C2220,Colaba Cafe,Pizza,1300,77,3.6,Credit Card,Mumbai - Thane,Delayed
101006,2025-07-25,C1743,Andheri Kitchen,Desserts,713,53,4.8,Debit Card,Mumbai - Borivali,Delivered
101007,2025-08-14,C9135,Borivali Bistro,Burger,1139,30,2.9,Wallet,Mumbai - Borivali,Cancelled
101008,2026-01-11,C4033,Andheri Kitchen,Beverages,837,71,3.6,UPI,Mumbai - Vashi,Cancelled
101009,2026-04-15,C4415,Kurla Kitchen,South Indian,632,74,4.5,Cash,Mumbai - Thane,Cancelled
101010,2026-02-27,C9219,Bandra Bites,Chinese,1538,63,4.8,Credit Card,Mumbai - Dadar,Delivered
101011,2025-05-05,C8520,Dadar Darbar,Chinese,1490,50,4.3,UPI,Mumbai - Colaba,Cancelled
101012,2025-01-31,C1324,Kurla Kitchen,South Indian,595,73,4.4,Wallet,Mumbai - Borivali,Delivered
101013,2025-01-27,C5607,Chembur Spice House,Biryani,1513,40,3.7,Debit Card,Mumbai - Ghatkopar,Cancelled
101014,2025-07-08,C7003,Powai Plates,North Indian,354,55,4.1,Cash,Mumbai - Malad,Cancelled
101015,2025-01-01,C7759,Ghatkopar Grill,Healthy Food,1172,59,4.7,Credit Card,Mumbai - Mulund,Delivered
101016,2025-06-29,C9332,Dadar Darbar,Desserts,1714,74,3.5,Credit Card,Mumbai - Chembur,Cancelled
101017,2025-11-28,C5501,Andheri Kitchen,Chinese,1342,66,4.8,Debit Card,Mumbai - Chembur,Delivered
101018,2026-01-09,C7881,Mumbai Tadka,South Indian,838,32,4.6,UPI,Mumbai - Mulund,Delivered
101019,2025-09-22,C1691,Dadar Darbar,Burger,634,25,3.3,Cash,Mumbai - Powai,Cancelled
101020,2025-03-06,C1215,Andheri Kitchen,Healthy Food,613,63,2.9,Credit Card,Mumbai - Dadar,Cancelled
101021,2025-10-30,C6997,Dadar Darbar,Biryani,246,65,3.2,Credit Card,Mumbai - Bandra,Delivered
101022,2026-05-08,C2489,Dadar Darbar,Burger,695,50,4.5,Wallet,Mumbai - Ghatkopar,Delivered
101023,2025-02-12,C6574,Kurla Kitchen,Pizza,172,59,4.8,Debit Card,Mumbai - Kurla,Delivered
101024,2025-06-09,C1702,Malad Food Hub,Healthy Food,286,44,2.7,Credit Card,Mumbai - Ghatkopar,Delivered
101025,2025-03-27,C5572,Vashi Veg Corner,Beverages,435,45,4.8,Debit Card,Mumbai - Thane,Delivered
101026,2025-08-31,C8848,Colaba Cafe,South Indian,1366,41,3.3,Wallet,Mumbai - Dadar,Delivered
101027,2026-01-22,C2829,Malad Food Hub,South Indian,514,64,4.0,Debit Card,Mumbai - Bandra,Delivered
101028,2025-05-30,C1728,Thane Treats,Beverages,475,30,3.9,Credit Card,Mumbai - Dadar,Delivered
101029,2025-08-28,C2273,Powai Plates,South Indian,988,70,4.7,UPI,Mumbai - Ghatkopar,Delayed
101030,2026-05-19,C9647,Mumbai Tadka,Burger,1480,24,3.6,Debit Card,Mumbai - Mulund,Delivered
101031,2025-01-01,C1658,Thane Treats,North Indian,713,34,3.9,Debit Card,Mumbai - Colaba,Delivered
101032,2025-06-19,C5029,Thane Treats,Burger,493,46,4.1,Wallet,Mumbai - Powai,Delivered
101033,2025-09-07,C6219,Kurla Kitchen,South Indian,490,85,3.4,Debit Card,Mumbai - Borivali,Cancelled
101034,2025-07-08,C2265,Ghatkopar Grill,Biryani,1154,79,4.8,Cash,Mumbai - Chembur,Delivered
101035,2026-01-11,C4965,Thane Treats,Chinese,1354,50,3.1,Debit Card,Mumbai - Powai,Delivered
101036,2025-06-11,C5931,Marine Drive Meals,Pizza,160,40,3.9,UPI,Mumbai - Powai,Delivered
101037,2025-01-08,C4804,Bandra Bites,South Indian,681,67,3.1,Credit Card,Mumbai - Ghatkopar,Cancelled
101038,2025-03-21,C4835,Bandra Bites,Beverages,1763,55,2.8,UPI,Mumbai - Powai,Delivered
101039,2025-12-22,C3737,Thane Treats,Desserts,691,47,3.2,Credit Card,Mumbai - Malad,Delivered
101040,2025-12-12,C9207,Mumbai Tadka,Burger,967,69,4.1,UPI,Mumbai - Thane,Delivered
101041,2026-06-23,C6609,Andheri Kitchen,Pizza,1200,57,4.5,Debit Card,Mumbai - Borivali,Delivered
101042,2025-01-15,C8896,Dadar Darbar,North Indian,936,20,2.6,Credit Card,Mumbai - Malad,Delayed
101043,2026-04-04,C7584,Bandra Bites,South Indian,1622,72,4.4,Cash,Mumbai - Chembur,Delayed
101044,2025-06-24,C3396,Vashi Veg Corner,Healthy Food,1589,74,3.5,Cash,Mumbai - Thane,Cancelled
101045,2025-11-21,C5069,Bandra Bites,Chinese,477,55,3.3,UPI,Mumbai - Chembur,Delivered
101046,2026-05-08,C6585,Chembur Spice House,Biryani,1733,20,3.1,Debit Card,Mumbai - Dadar,Delivered
101047,2025-07-30,C5322,Colaba Cafe,Beverages,1064,58,2.6,Wallet,Mumbai - Kurla,Cancelled
101048,2025-11-22,C1932,Powai Plates,Desserts,174,81,3.6,Debit Card,Mumbai - Chembur,Cancelled
101049,2026-01-13,C3946,Dadar Darbar,Chinese,295,72,2.7,Wallet,Mumbai - Thane,Delivered
101050,2025-02-28,C7627,Kurla Kitchen,North Indian,777,41,3.9,Debit Card,Mumbai - Borivali,Delivered
101051,2025-05-26,C9960,Mumbai Tadka,North Indian,250,78,3.0,Credit Card,Mumbai - Kurla,Delivered
101052,2026-01-24,C9053,Marine Drive Meals,Biryani,759,43,2.8,Cash,Mumbai - Ghatkopar,Delivered
101053,2025-11-11,C8198,Colaba Cafe,Biryani,1310,20,4.9,Credit Card,Mumbai - Powai,Delivered
101054,2025-08-11,C6501,Powai Plates,Burger,1128,53,3.7,Credit Card,Mumbai - Mulund,Cancelled
101055,2025-05-19,C9261,Powai Plates,Beverages,339,73,2.9,Debit Card,Mumbai - Colaba,Delayed
101056,2025-11-05,C8630,Colaba Cafe,Burger,1714,81,4.4,UPI,Mumbai - Thane,Delivered
101057,2026-02-14,C3366,Borivali Bistro,Burger,1042,30,2.7,Debit Card,Mumbai - Powai,Delivered
101058,2025-01-26,C5188,Vashi Veg Corner,Desserts,525,21,4.5,Credit Card,Mumbai - Borivali,Delayed
101059,2026-02-25,C5064,Kurla Kitchen,Desserts,1231,78,3.7,Credit Card,Mumbai - Bandra,Delivered
101060,2025-01-14,C1010,Bandra Bites,Desserts,1698,82,4.3,UPI,Mumbai - Powai,Delivered
101061,2026-06-15,C4172,Dadar Darbar,Chinese,1265,66,4.2,Wallet,Mumbai - Andheri,Delivered
101062,2025-12-01,C5620,Mumbai Tadka,Burger,722,85,4.9,UPI,Mumbai - Borivali,Delivered
101063,2025-02-17,C6997,Thane Treats,Desserts,1521,19,4.8,Debit Card,Mumbai - Dadar,Delivered
101064,2025-11-20,C3193,Mumbai Tadka,Biryani,1361,74,2.7,Credit Card,Mumbai - Andheri,Delivered
101065,2026-04-28,C6962,Marine Drive Meals,Burger,1036,54,4.9,Debit Card,Mumbai - Bandra,Delayed
101066,2026-05-25,C9657,Mumbai Tadka,Desserts,243,75,4.2,Debit Card,Mumbai - Kurla,Delivered
101067,2025-11-09,C6664,Borivali Bistro,Desserts,1033,30,4.8,Debit Card,Mumbai - Chembur,Delivered
101068,2026-03-26,C3761,Colaba Cafe,North Indian,236,31,4.0,UPI,Mumbai - Chembur,Delivered
101069,2025-04-04,C8179,Malad Food Hub,Pizza,165,81,3.5,Wallet,Mumbai - Kurla,Cancelled
101070,2025-05-04,C9900,Powai Plates,Desserts,534,80,3.8,UPI,Mumbai - Mulund,Delivered
101071,2025-12-16,C9302,Chembur Spice House,Chinese,1313,63,4.9,Cash,Mumbai - Vashi,Delivered
101072,2025-04-26,C2503,Powai Plates,Biryani,1175,56,2.8,Cash,Mumbai - Vashi,Delivered
101073,2026-01-17,C6226,Malad Food Hub,North Indian,1564,58,3.6,Debit Card,Mumbai - Ghatkopar,Delayed
101074,2025-04-09,C1737,Mumbai Tadka,Desserts,789,25,3.5,Credit Card,Mumbai - Powai,Delivered
101075,2025-05-22,C9785,Marine Drive Meals,Pizza,1222,21,2.5,Credit Card,Mumbai - Thane,Delivered
101076,2026-01-03,C8874,Malad Food Hub,Beverages,1325,39,3.9,Debit Card,Mumbai - Colaba,Delivered
101077,2026-06-03,C7455,Dadar Darbar,Beverages,1221,79,2.8,UPI,Mumbai - Borivali,Delayed
101078,2025-03-02,C9404,Chembur Spice House,Desserts,675,73,3.7,Cash,Mumbai - Colaba,Delivered
101079,2025-09-23,C7995,Thane Treats,Chinese,697,74,3.4,UPI,Mumbai - Vashi,Delivered
101080,2026-03-08,C5043,Kurla Kitchen,Healthy Food,830,34,4.3,Credit Card,Mumbai - Ghatkopar,Cancelled
101081,2025-09-26,C5481,Powai Plates,Healthy Food,1733,79,3.6,Credit Card,Mumbai - Dadar,Delivered
101082,2026-03-24,C9879,Marine Drive Meals,Beverages,1302,43,4.8,Cash,Mumbai - Malad,Delivered
101083,2026-03-22,C8865,Malad Food Hub,Chinese,547,23,3.3,Debit Card,Mumbai - Kurla,Cancelled
101084,2025-12-13,C8721,Mumbai Tadka,Chinese,687,31,4.0,Wallet,Mumbai - Thane,Delivered
101085,2026-01-16,C3339,Ghatkopar Grill,South Indian,1237,57,3.7,Wallet,Mumbai - Dadar,Delivered
101086,2025-09-16,C4951,Kurla Kitchen,Desserts,1670,41,3.0,Wallet,Mumbai - Mulund,Delivered
101087,2025-11-27,C1894,Marine Drive Meals,South Indian,282,77,3.3,UPI,Mumbai - Borivali,Delivered
101088,2025-09-07,C9250,Ghatkopar Grill,Chinese,212,83,5.0,Wallet,Mumbai - Bandra,Cancelled
101089,2025-11-08,C2588,Malad Food Hub,Healthy Food,1159,31,4.7,Cash,Mumbai - Thane,Delivered
101090,2025-08-16,C7861,Ghatkopar Grill,Chinese,1304,42,3.1,Credit Card,Mumbai - Chembur,Cancelled
101091,2026-03-06,C7615,Bandra Bites,North Indian,1015,33,2.8,Debit Card,Mumbai - Andheri,Delayed
101092,2025-12-06,C2699,Dadar Darbar,Pizza,523,15,2.6,Wallet,Mumbai - Bandra,Delivered
101093,2025-05-20,C3211,Kurla Kitchen,Chinese,484,69,3.3,Wallet,Mumbai - Powai,Cancelled
101094,2025-08-14,C9642,Powai Plates,Healthy Food,1375,53,3.1,Wallet,Mumbai - Powai,Delivered
101095,2025-01-18,C4496,Thane Treats,Healthy Food,773,21,4.3,Credit Card,Mumbai - Colaba,Cancelled
101096,2025-03-08,C5281,Ghatkopar Grill,South Indian,1386,25,4.9,Wallet,Mumbai - Bandra,Cancelled
101097,2025-04-07,C9053,Borivali Bistro,Chinese,1740,62,4.5,UPI,Mumbai - Thane,Cancelled
101098,2026-04-24,C3791,Thane Treats,Desserts,1792,73,3.4,Debit Card,Mumbai - Bandra,Delivered
101099,2025-09-26,C5755,Colaba Cafe,Desserts,1241,57,4.1,Cash,Mumbai - Kurla,Cancelled
101100,2025-12-19,C7062,Andheri Kitchen,Chinese,1446,72,3.1,UPI,Mumbai - Andheri,Delivered
101101,2025-10-25,C9325,Thane Treats,North Indian,760,46,4.2,Debit Card,Mumbai - Mulund,Delayed
101102,2025-11-27,C4250,Chembur Spice House,Healthy Food,1075,31,4.4,Cash,Mumbai - Thane,Cancelled
101103,2025-03-13,C5202,Vashi Veg Corner,Healthy Food,1421,76,4.4,Cash,Mumbai - Kurla,Cancelled
101104,2026-03-04,C7365,Bandra Bites,Beverages,936,65,4.2,Debit Card,Mumbai - Borivali,Delivered
101105,2026-02-06,C5309,Borivali Bistro,South Indian,1772,54,4.7,Credit Card,Mumbai - Kurla,Delivered
101106,2026-01-13,C1651,Bandra Bites,South Indian,288,81,4.4,Wallet,Mumbai - Andheri,Cancelled
101107,2025-02-10,C6390,Malad Food Hub,Pizza,1281,84,4.5,UPI,Mumbai - Powai,Delivered
101108,2025-02-08,C5050,Ghatkopar Grill,North Indian,787,47,5.0,Debit Card,Mumbai - Thane,Cancelled
101109,2026-02-21,C6567,Dadar Darbar,Biryani,1714,40,4.5,UPI,Mumbai - Thane,Delivered
101110,2026-06-23,C6023,Colaba Cafe,Beverages,1261,83,2.6,Wallet,Mumbai - Vashi,Cancelled
101111,2025-02-12,C3011,Mumbai Tadka,Beverages,1730,82,3.2,Cash,Mumbai - Colaba,Delivered
101112,2025-10-21,C2442,Chembur Spice House,Healthy Food,140,48,3.6,Wallet,Mumbai - Borivali,Delayed
101113,2025-01-24,C5627,Dadar Darbar,Desserts,1725,44,2.8,Debit Card,Mumbai - Bandra,Delivered
101114,2025-10-20,C7247,Andheri Kitchen,South Indian,637,85,3.0,Wallet,Mumbai - Dadar,Cancelled
101115,2025-06-12,C9934,Vashi Veg Corner,South Indian,1360,47,3.0,Credit Card,Mumbai - Dadar,Delivered
101116,2025-03-22,C1158,Malad Food Hub,Desserts,1800,44,2.9,Cash,Mumbai - Malad,Delivered
101117,2025-12-24,C3346,Andheri Kitchen,Biryani,571,78,3.6,UPI,Mumbai - Andheri,Delayed
101118,2025-08-15,C7248,Powai Plates,North Indian,404,27,4.7,UPI,Mumbai - Andheri,Cancelled
101119,2025-07-15,C5151,Powai Plates,Biryani,869,28,2.9,Cash,Mumbai - Bandra,Delivered
101120,2026-06-20,C2392,Colaba Cafe,Beverages,1620,56,3.0,Credit Card,Mumbai - Borivali,Cancelled
101121,2026-01-03,C8361,Chembur Spice House,Healthy Food,1108,60,2.7,Cash,Mumbai - Mulund,Cancelled
101122,2026-03-20,C7141,Ghatkopar Grill,Pizza,942,49,5.0,Wallet,Mumbai - Colaba,Cancelled
101123,2025-02-19,C4606,Vashi Veg Corner,Chinese,191,17,2.6,Credit Card,Mumbai - Ghatkopar,Delivered
101124,2025-10-06,C3943,Mumbai Tadka,Biryani,362,31,2.9,Debit Card,Mumbai - Malad,Delayed
101125,2025-01-29,C8651,Bandra Bites,Pizza,1790,75,3.0,Debit Card,Mumbai - Bandra,Delivered
101126,2026-01-18,C7143,Malad Food Hub,North Indian,943,84,3.7,Cash,Mumbai - Bandra,Delivered
101127,2025-03-11,C2121,Kurla Kitchen,Pizza,444,32,3.8,Cash,Mumbai - Mulund,Delivered
101128,2025-03-31,C1266,Marine Drive Meals,Pizza,1023,59,3.9,Credit Card,Mumbai - Malad,Delivered
101129,2026-02-03,C5246,Chembur Spice House,Pizza,977,81,4.8,Wallet,Mumbai - Powai,Delayed
101130,2025-07-03,C8080,Ghatkopar Grill,Beverages,674,44,4.7,Wallet,Mumbai - Andheri,Delivered
101131,2026-04-03,C2654,Vashi Veg Corner,South Indian,716,52,2.9,Cash,Mumbai - Kurla,Delayed
101132,2025-08-08,C1590,Borivali Bistro,Beverages,1052,16,3.0,Cash,Mumbai - Vashi,Delayed
101133,2026-04-27,C4575,Vashi Veg Corner,Healthy Food,1546,69,4.7,Debit Card,Mumbai - Andheri,Delivered
101134,2025-07-24,C5361,Dadar Darbar,North Indian,1227,65,4.2,Credit Card,Mumbai - Bandra,Delivered
101135,2025-12-20,C2355,Colaba Cafe,Biryani,472,68,3.9,Debit Card,Mumbai - Thane,Cancelled
101136,2025-10-12,C6492,Colaba Cafe,Pizza,1527,19,3.5,Credit Card,Mumbai - Kurla,Delivered
101137,2025-02-19,C7910,Bandra Bites,South Indian,1570,75,3.7,Credit Card,Mumbai - Powai,Delivered
101138,2025-06-06,C4057,Malad Food Hub,Chinese,1741,73,3.7,Cash,Mumbai - Malad,Delivered
101139,2025-05-17,C3174,Malad Food Hub,Beverages,769,70,4.6,Debit Card,Mumbai - Andheri,Delivered
101140,2025-04-04,C4141,Bandra Bites,South Indian,448,22,3.1,Debit Card,Mumbai - Borivali,Cancelled
101141,2026-02-02,C7393,Thane Treats,Chinese,442,30,3.1,Cash,Mumbai - Bandra,Delivered
101142,2025-01-21,C4023,Marine Drive Meals,South Indian,1655,54,5.0,Debit Card,Mumbai - Thane,Delivered
101143,2026-03-14,C3868,Dadar Darbar,South Indian,955,78,3.3,Credit Card,Mumbai - Malad,Delivered
101144,2025-06-17,C4564,Chembur Spice House,South Indian,300,61,2.6,UPI,Mumbai - Mulund,Cancelled
101145,2025-07-02,C1406,Powai Plates,Burger,604,50,3.8,Credit Card,Mumbai - Thane,Delivered
101146,2026-01-30,C3401,Marine Drive Meals,Biryani,545,45,4.1,Debit Card,Mumbai - Chembur,Cancelled
101147,2025-09-09,C2570,Colaba Cafe,North Indian,926,81,3.6,Cash,Mumbai - Powai,Cancelled
101148,2025-08-25,C5327,Borivali Bistro,North Indian,835,81,2.7,Cash,Mumbai - Andheri,Delivered
101149,2025-07-12,C9606,Powai Plates,Chinese,962,46,4.7,UPI,Mumbai - Powai,Delivered
101150,2026-01-30,C3161,Borivali Bistro,Chinese,1399,66,3.9,Wallet,Mumbai - Chembur,Delivered
101151,2025-01-14,C9644,Malad Food Hub,Healthy Food,1029,49,3.0,UPI,Mumbai - Colaba,Delivered
101152,2025-03-22,C4078,Marine Drive Meals,Chinese,1273,52,2.8,Debit Card,Mumbai - Powai,Delivered
101153,2025-12-29,C7712,Kurla Kitchen,Desserts,652,31,4.9,Debit Card,Mumbai - Bandra,Cancelled
101154,2025-09-25,C2127,Andheri Kitchen,Healthy Food,1197,52,4.0,UPI,Mumbai - Andheri,Delivered
101155,2026-03-07,C6813,Ghatkopar Grill,Biryani,1498,28,3.1,Debit Card,Mumbai - Bandra,Delivered
101156,2025-02-19,C3683,Bandra Bites,Biryani,763,62,2.9,Credit Card,Mumbai - Bandra,Delivered
101157,2025-04-09,C4862,Borivali Bistro,Desserts,1263,82,3.3,Debit Card,Mumbai - Borivali,Delayed
101158,2025-12-28,C7175,Malad Food Hub,Beverages,295,57,4.6,UPI,Mumbai - Kurla,Delivered
101159,2025-03-11,C9045,Ghatkopar Grill,Chinese,1564,22,4.2,Wallet,Mumbai - Andheri,Delayed
101160,2026-04-30,C2606,Bandra Bites,Healthy Food,1286,57,3.3,Debit Card,Mumbai - Mulund,Delivered
101161,2026-03-31,C3965,Powai Plates,Desserts,1418,40,4.7,Wallet,Mumbai - Kurla,Delivered
101162,2025-02-10,C6877,Kurla Kitchen,Desserts,1608,17,4.6,Credit Card,Mumbai - Ghatkopar,Cancelled
101163,2025-11-03,C5716,Malad Food Hub,Healthy Food,970,26,4.9,Credit Card,Mumbai - Thane,Cancelled
101164,2026-06-20,C8873,Powai Plates,Beverages,748,38,4.8,Credit Card,Mumbai - Thane,Delayed
101165,2025-01-31,C3012,Vashi Veg Corner,Chinese,1582,31,3.2,Wallet,Mumbai - Malad,Delayed
101166,2025-03-06,C9214,Colaba Cafe,Beverages,1715,62,4.0,Wallet,Mumbai - Dadar,Delivered
101167,2025-02-07,C7126,Ghatkopar Grill,Desserts,424,83,4.9,Credit Card,Mumbai - Ghatkopar,Delivered
101168,2026-05-11,C5737,Mumbai Tadka,Healthy Food,818,20,4.8,Debit Card,Mumbai - Colaba,Cancelled
101169,2026-04-02,C1056,Malad Food Hub,Healthy Food,921,34,3.8,Credit Card,Mumbai - Dadar,Delivered
101170,2025-09-07,C8329,Vashi Veg Corner,Pizza,1752,22,4.3,Credit Card,Mumbai - Thane,Delivered
101171,2025-08-24,C2906,Dadar Darbar,Healthy Food,635,46,3.2,Debit Card,Mumbai - Chembur,Delayed
101172,2026-02-08,C2264,Malad Food Hub,Pizza,1221,46,4.9,UPI,Mumbai - Andheri,Cancelled
101173,2025-04-11,C3140,Dadar Darbar,Chinese,1305,44,4.5,Wallet,Mumbai - Kurla,Delayed
101174,2026-02-25,C6432,Kurla Kitchen,Chinese,177,21,2.8,Credit Card,Mumbai - Kurla,Delayed
101175,2025-07-06,C2779,Malad Food Hub,Burger,1219,41,3.6,UPI,Mumbai - Malad,Delivered
101176,2026-03-03,C2000,Borivali Bistro,Desserts,549,81,2.7,Wallet,Mumbai - Ghatkopar,Cancelled
101177,2025-05-28,C7680,Malad Food Hub,Chinese,1453,65,3.3,UPI,Mumbai - Mulund,Cancelled
101178,2025-01-17,C5691,Marine Drive Meals,Healthy Food,365,81,4.8,UPI,Mumbai - Colaba,Cancelled
101179,2025-09-20,C3686,Mumbai Tadka,Beverages,1618,77,3.7,UPI,Mumbai - Bandra,Delivered
101180,2026-01-01,C2173,Chembur Spice House,Beverages,307,37,2.9,Debit Card,Mumbai - Chembur,Cancelled
101181,2025-10-16,C4592,Thane Treats,Burger,832,43,3.0,UPI,Mumbai - Kurla,Delivered
101182,2025-08-16,C6714,Andheri Kitchen,Biryani,995,40,4.1,Wallet,Mumbai - Kurla,Cancelled
101183,2026-06-13,C8314,Bandra Bites,South Indian,791,24,3.3,UPI,Mumbai - Bandra,Delivered
101184,2025-05-13,C5957,Chembur Spice House,Biryani,1680,85,3.6,UPI,Mumbai - Colaba,Delivered
101185,2025-02-27,C3259,Borivali Bistro,Pizza,384,77,3.7,Wallet,Mumbai - Colaba,Delayed
101186,2025-05-05,C5540,Ghatkopar Grill,Healthy Food,163,40,4.7,Debit Card,Mumbai - Colaba,Delivered
101187,2025-10-18,C5652,Dadar Darbar,Biryani,1099,19,3.3,Cash,Mumbai - Andheri,Delayed
101188,2025-01-31,C3453,Marine Drive Meals,Burger,1439,54,3.9,Cash,Mumbai - Powai,Cancelled
101189,2025-11-25,C6732,Colaba Cafe,Burger,1244,19,3.5,Cash,Mumbai - Vashi,Delivered
101190,2025-10-22,C4235,Kurla Kitchen,North Indian,1337,75,2.6,Cash,Mumbai - Mulund,Cancelled
101191,2025-01-16,C4361,Kurla Kitchen,Pizza,279,76,2.6,Wallet,Mumbai - Kurla,Delivered
101192,2025-02-04,C1211,Ghatkopar Grill,Desserts,1067,70,2.8,UPI,Mumbai - Thane,Delivered
101193,2025-09-22,C6748,Andheri Kitchen,Healthy Food,958,69,2.7,Debit Card,Mumbai - Malad,Delivered
101194,2026-03-01,C7599,Vashi Veg Corner,Pizza,1038,30,4.1,Wallet,Mumbai - Ghatkopar,Delivered
101195,2025-06-25,C7080,Colaba Cafe,South Indian,667,21,4.5,UPI,Mumbai - Colaba,Delivered
101196,2025-01-31,C5332,Thane Treats,Beverages,1291,31,3.5,Credit Card,Mumbai - Andheri,Delayed
101197,2025-05-12,C1990,Powai Plates,Desserts,1157,17,4.0,Wallet,Mumbai - Thane,Delivered
101198,2025-09-18,C5440,Powai Plates,Burger,1453,35,5.0,Credit Card,Mumbai - Malad,Delayed
101199,2025-09-06,C4540,Powai Plates,Chinese,921,65,3.7,Cash,Mumbai - Colaba,Delivered
101200,2025-11-27,C3391,Vashi Veg Corner,Burger,712,62,3.5,Wallet,Mumbai - Vashi,Delivered
101201,2026-06-07,C7785,Ghatkopar Grill,Desserts,1543,23,4.5,Wallet,Mumbai - Powai,Delivered
101202,2025-10-05,C7500,Marine Drive Meals,Healthy Food,1150,40,3.9,Debit Card,Mumbai - Chembur,Delivered
101203,2026-06-04,C5079,Colaba Cafe,Biryani,1251,41,3.4,Debit Card,Mumbai - Vashi,Delayed
101204,2026-05-27,C7539,Andheri Kitchen,Healthy Food,975,51,3.6,Credit Card,Mumbai - Chembur,Cancelled
101205,2026-04-04,C5861,Chembur Spice House,Desserts,563,18,3.1,UPI,Mumbai - Chembur,Delivered
101206,2026-06-07,C6752,Bandra Bites,North Indian,1722,34,3.9,Credit Card,Mumbai - Ghatkopar,Delivered
101207,2025-05-08,C5887,Mumbai Tadka,Burger,891,39,4.1,Credit Card,Mumbai - Bandra,Delivered
101208,2025-05-02,C9267,Chembur Spice House,Biryani,855,48,3.7,Cash,Mumbai - Bandra,Delivered
101209,2025-02-28,C6967,Chembur Spice House,South Indian,135,50,4.3,Cash,Mumbai - Malad,Delivered
101210,2026-06-09,C2335,Dadar Darbar,South Indian,1404,16,2.8,UPI,Mumbai - Andheri,Delivered
101211,2026-01-28,C4181,Marine Drive Meals,Desserts,1467,32,4.6,UPI,Mumbai - Dadar,Cancelled
101212,2025-03-16,C5143,Mumbai Tadka,Healthy Food,384,20,4.1,Wallet,Mumbai - Andheri,Delivered
101213,2026-02-07,C2594,Bandra Bites,Pizza,955,62,5.0,Cash,Mumbai - Kurla,Cancelled
101214,2025-01-03,C3695,Thane Treats,Beverages,153,60,3.7,Cash,Mumbai - Malad,Delivered
101215,2026-03-30,C6076,Dadar Darbar,South Indian,1598,59,4.1,Wallet,Mumbai - Kurla,Cancelled
101216,2025-08-06,C2976,Vashi Veg Corner,South Indian,1723,63,4.1,Wallet,Mumbai - Dadar,Delivered
101217,2025-04-20,C6750,Vashi Veg Corner,Burger,1296,59,3.1,UPI,Mumbai - Thane,Delayed
101218,2026-03-10,C7615,Colaba Cafe,Healthy Food,1703,36,3.7,Cash,Mumbai - Thane,Delayed
101219,2025-08-03,C7263,Chembur Spice House,North Indian,1356,27,3.6,Cash,Mumbai - Mulund,Delivered
101220,2025-02-18,C4536,Mumbai Tadka,Pizza,978,35,2.9,Debit Card,Mumbai - Bandra,Delayed
101221,2025-01-26,C9440,Marine Drive Meals,Desserts,803,27,3.3,UPI,Mumbai - Mulund,Cancelled
101222,2025-08-23,C3500,Andheri Kitchen,Pizza,1536,43,3.6,UPI,Mumbai - Bandra,Delayed
101223,2025-07-28,C8093,Bandra Bites,South Indian,1081,66,4.7,Wallet,Mumbai - Bandra,Delivered
101224,2025-12-04,C7822,Malad Food Hub,Beverages,1211,19,4.9,Debit Card,Mumbai - Vashi,Delivered
101225,2025-08-02,C9744,Ghatkopar Grill,Pizza,1475,36,3.6,Cash,Mumbai - Powai,Delayed
101226,2025-09-18,C5668,Chembur Spice House,Desserts,1214,67,3.8,Wallet,Mumbai - Borivali,Delivered
101227,2025-01-11,C1690,Malad Food Hub,Beverages,505,79,3.2,Credit Card,Mumbai - Bandra,Cancelled
101228,2025-05-08,C3419,Thane Treats,Chinese,1464,48,3.9,Cash,Mumbai - Andheri,Delivered
101229,2026-05-14,C3956,Malad Food Hub,Burger,121,77,3.8,Debit Card,Mumbai - Colaba,Delayed
101230,2026-02-19,C2007,Powai Plates,North Indian,189,32,2.6,Credit Card,Mumbai - Powai,Delivered
101231,2026-03-04,C5492,Dadar Darbar,Chinese,497,72,2.7,UPI,Mumbai - Malad,Delivered
101232,2025-02-07,C6525,Dadar Darbar,Beverages,701,50,4.2,Credit Card,Mumbai - Thane,Delivered
101233,2026-03-07,C2574,Dadar Darbar,Biryani,1366,27,3.7,Debit Card,Mumbai - Borivali,Cancelled
101234,2026-02-19,C5706,Ghatkopar Grill,Biryani,1665,82,2.8,Debit Card,Mumbai - Mulund,Delivered
101235,2025-02-28,C5722,Colaba Cafe,Desserts,1426,65,5.0,Credit Card,Mumbai - Ghatkopar,Delivered
101236,2026-03-21,C5216,Colaba Cafe,Biryani,1647,62,3.6,Credit Card,Mumbai - Andheri,Delivered
101237,2025-04-22,C9886,Malad Food Hub,South Indian,1654,68,4.5,Debit Card,Mumbai - Mulund,Cancelled
101238,2025-09-16,C1208,Thane Treats,Beverages,266,54,4.3,Credit Card,Mumbai - Thane,Delivered
101239,2026-01-03,C8452,Borivali Bistro,Chinese,270,44,3.8,Cash,Mumbai - Thane,Delayed
101240,2025-01-23,C6874,Chembur Spice House,North Indian,450,43,3.1,Cash,Mumbai - Thane,Delivered
101241,2025-05-20,C3189,Thane Treats,Desserts,1657,67,2.6,Wallet,Mumbai - Borivali,Delivered
101242,2026-05-26,C5161,Thane Treats,Pizza,940,58,3.8,Debit Card,Mumbai - Bandra,Delayed
101243,2026-02-16,C6871,Dadar Darbar,Desserts,1258,70,2.9,Credit Card,Mumbai - Powai,Delivered
101244,2025-07-11,C8288,Andheri Kitchen,Chinese,1292,54,3.7,Wallet,Mumbai - Malad,Delivered
101245,2026-02-15,C8880,Powai Plates,Desserts,579,45,3.7,Cash,Mumbai - Bandra,Delayed
101246,2025-07-06,C2581,Chembur Spice House,Desserts,1659,77,3.6,Credit Card,Mumbai - Dadar,Delayed
101247,2026-04-22,C8676,Borivali Bistro,Desserts,531,15,4.7,UPI,Mumbai - Thane,Delivered
101248,2026-05-26,C4320,Marine Drive Meals,Desserts,1318,32,3.9,Wallet,Mumbai - Malad,Delayed
101249,2025-03-08,C2065,Mumbai Tadka,Burger,470,72,3.7,Debit Card,Mumbai - Thane,Delivered
101250,2026-06-19,C1982,Dadar Darbar,Healthy Food,1727,17,3.0,UPI,Mumbai - Vashi,Delivered
101251,2026-03-09,C4552,Ghatkopar Grill,Healthy Food,1199,16,3.4,Wallet,Mumbai - Borivali,Delivered
101252,2026-01-21,C4458,Malad Food Hub,Biryani,821,28,4.2,UPI,Mumbai - Ghatkopar,Delivered
101253,2026-03-01,C3463,Vashi Veg Corner,North Indian,1086,70,4.2,Cash,Mumbai - Mulund,Delivered
101254,2025-11-29,C5936,Thane Treats,North Indian,306,49,3.5,Debit Card,Mumbai - Dadar,Delivered
101255,2025-12-18,C3202,Andheri Kitchen,South Indian,912,51,3.4,Debit Card,Mumbai - Kurla,Delivered
101256,2026-06-10,C8249,Colaba Cafe,Biryani,772,24,3.6,Credit Card,Mumbai - Malad,Cancelled
101257,2025-11-11,C6070,Chembur Spice House,South Indian,387,43,3.6,Wallet,Mumbai - Bandra,Cancelled
101258,2026-06-15,C6053,Chembur Spice House,Chinese,1424,33,3.3,Credit Card,Mumbai - Bandra,Delivered
101259,2025-03-23,C6708,Powai Plates,Beverages,967,42,4.6,Cash,Mumbai - Vashi,Delivered
101260,2025-11-23,C3936,Andheri Kitchen,Chinese,309,85,3.0,UPI,Mumbai - Kurla,Delivered
101261,2025-07-11,C2785,Colaba Cafe,Beverages,369,60,2.9,Credit Card,Mumbai - Andheri,Delivered
101262,2026-04-11,C4412,Andheri Kitchen,Biryani,274,68,3.5,Wallet,Mumbai - Vashi,Delayed
101263,2025-06-19,C6484,Chembur Spice House,Healthy Food,1158,56,3.4,Credit Card,Mumbai - Powai,Delivered
101264,2026-01-11,C6852,Chembur Spice House,Biryani,252,38,3.2,Wallet,Mumbai - Vashi,Delivered
101265,2025-03-09,C9141,Andheri Kitchen,Beverages,1744,39,3.9,Wallet,Mumbai - Mulund,Delayed
101266,2026-03-27,C3318,Bandra Bites,Chinese,701,71,3.0,Debit Card,Mumbai - Malad,Delivered
101267,2026-03-16,C3887,Dadar Darbar,North Indian,311,76,4.0,Credit Card,Mumbai - Borivali,Delivered
101268,2025-09-11,C6091,Colaba Cafe,Burger,696,53,4.3,Credit Card,Mumbai - Powai,Delayed
101269,2025-12-31,C1094,Borivali Bistro,Burger,1284,80,5.0,UPI,Mumbai - Dadar,Delivered
101270,2026-02-08,C2762,Powai Plates,Healthy Food,1772,82,3.3,Debit Card,Mumbai - Bandra,Cancelled
101271,2026-02-23,C6075,Malad Food Hub,Pizza,203,73,4.6,Credit Card,Mumbai - Thane,Cancelled
101272,2025-02-17,C4827,Mumbai Tadka,Healthy Food,1133,77,4.3,UPI,Mumbai - Kurla,Delayed
101273,2026-01-31,C6210,Andheri Kitchen,South Indian,1471,59,4.2,Credit Card,Mumbai - Andheri,Delayed
101274,2026-06-24,C3964,Marine Drive Meals,Beverages,1711,40,4.1,Wallet,Mumbai - Borivali,Cancelled
101275,2025-05-25,C1814,Borivali Bistro,Pizza,1131,18,3.9,Debit Card,Mumbai - Vashi,Delivered
101276,2025-05-10,C8801,Colaba Cafe,Beverages,516,82,2.9,Cash,Mumbai - Colaba,Delivered
101277,2025-12-06,C2925,Vashi Veg Corner,North Indian,242,26,4.3,Credit Card,Mumbai - Dadar,Delayed
101278,2026-04-09,C4582,Dadar Darbar,Beverages,1644,26,4.2,UPI,Mumbai - Bandra,Delivered
101279,2025-11-01,C4675,Bandra Bites,Healthy Food,591,59,4.8,Debit Card,Mumbai - Ghatkopar,Delivered
101280,2026-04-10,C2522,Malad Food Hub,Burger,1552,49,2.8,Credit Card,Mumbai - Vashi,Delayed
101281,2026-05-07,C1217,Malad Food Hub,Biryani,1702,53,3.0,Credit Card,Mumbai - Kurla,Delayed
101282,2025-03-05,C5153,Colaba Cafe,Chinese,1624,40,3.9,Cash,Mumbai - Dadar,Delivered
101283,2025-02-01,C6076,Thane Treats,Biryani,343,78,4.4,Wallet,Mumbai - Powai,Delivered
101284,2025-03-05,C3651,Borivali Bistro,Biryani,1529,81,3.6,Cash,Mumbai - Mulund,Cancelled
101285,2026-03-24,C4717,Chembur Spice House,North Indian,1062,30,2.6,Credit Card,Mumbai - Bandra,Delivered
101286,2025-03-14,C2033,Dadar Darbar,Biryani,1371,60,2.8,UPI,Mumbai - Powai,Delivered
101287,2026-02-23,C5855,Chembur Spice House,Burger,107,18,4.8,Credit Card,Mumbai - Powai,Delivered
101288,2026-01-28,C3578,Kurla Kitchen,Chinese,221,64,4.6,Wallet,Mumbai - Ghatkopar,Cancelled
101289,2025-05-26,C2252,Andheri Kitchen,North Indian,286,33,2.8,UPI,Mumbai - Dadar,Delivered
101290,2025-03-22,C9729,Borivali Bistro,Biryani,817,20,4.2,Wallet,Mumbai - Thane,Delayed
101291,2025-02-19,C8027,Thane Treats,North Indian,1769,46,2.9,Cash,Mumbai - Ghatkopar,Cancelled
101292,2025-11-30,C7335,Ghatkopar Grill,Desserts,1043,31,4.4,Credit Card,Mumbai - Kurla,Cancelled
101293,2025-11-16,C8979,Mumbai Tadka,Beverages,1270,62,4.6,Cash,Mumbai - Vashi,Delivered
101294,2026-06-03,C4194,Andheri Kitchen,Burger,1201,33,4.8,Cash,Mumbai - Dadar,Cancelled
101295,2025-06-05,C1580,Andheri Kitchen,North Indian,1073,31,4.6,Wallet,Mumbai - Mulund,Delivered
101296,2025-01-26,C3427,Andheri Kitchen,North Indian,1480,43,4.4,Cash,Mumbai - Vashi,Delivered
101297,2025-07-22,C6125,Kurla Kitchen,Beverages,1534,57,4.8,UPI,Mumbai - Dadar,Delayed
101298,2025-09-28,C2306,Vashi Veg Corner,Pizza,1096,17,3.7,Wallet,Mumbai - Mulund,Cancelled
101299,2025-10-24,C7123,Chembur Spice House,South Indian,717,60,4.5,Debit Card,Mumbai - Vashi,Cancelled
101300,2025-08-26,C5075,Andheri Kitchen,Burger,604,18,3.8,Cash,Mumbai - Ghatkopar,Delayed
101301,2025-03-31,C4716,Powai Plates,South Indian,797,67,3.2,Credit Card,Mumbai - Powai,Delivered
101302,2026-04-08,C8267,Ghatkopar Grill,Desserts,789,72,3.7,Wallet,Mumbai - Malad,Delivered
101303,2025-02-23,C3213,Colaba Cafe,Biryani,744,27,4.8,Debit Card,Mumbai - Thane,Delivered
101304,2025-02-25,C3732,Colaba Cafe,Biryani,1454,85,4.2,Cash,Mumbai - Colaba,Cancelled
101305,2025-10-03,C5167,Andheri Kitchen,Biryani,759,43,2.7,UPI,Mumbai - Bandra,Delayed
101306,2026-03-20,C9528,Vashi Veg Corner,Pizza,104,58,3.4,UPI,Mumbai - Thane,Delivered
101307,2026-02-21,C2700,Borivali Bistro,South Indian,361,37,2.7,Wallet,Mumbai - Thane,Delayed
101308,2026-04-20,C3542,Dadar Darbar,Pizza,1415,72,4.7,Cash,Mumbai - Mulund,Delivered
101309,2025-04-15,C5198,Ghatkopar Grill,Burger,1179,15,4.9,Credit Card,Mumbai - Colaba,Delivered
101310,2026-01-17,C4059,Marine Drive Meals,North Indian,1682,49,4.2,Wallet,Mumbai - Andheri,Delivered
101311,2026-05-06,C7813,Kurla Kitchen,Chinese,133,79,2.5,Wallet,Mumbai - Ghatkopar,Cancelled
101312,2025-05-22,C8804,Kurla Kitchen,Healthy Food,1563,30,4.2,Cash,Mumbai - Chembur,Delayed
101313,2026-04-16,C2150,Dadar Darbar,North Indian,1408,69,3.3,Cash,Mumbai - Vashi,Delivered
101314,2026-05-05,C6403,Borivali Bistro,Biryani,740,24,3.9,Debit Card,Mumbai - Dadar,Delivered
101315,2026-02-22,C9652,Colaba Cafe,Healthy Food,452,67,3.0,UPI,Mumbai - Borivali,Delivered
101316,2025-04-15,C3938,Ghatkopar Grill,Biryani,828,39,4.7,Debit Card,Mumbai - Powai,Delivered
101317,2026-05-19,C1254,Kurla Kitchen,South Indian,458,62,4.1,Debit Card,Mumbai - Vashi,Delivered
101318,2025-08-11,C4525,Thane Treats,Healthy Food,1367,48,4.0,Cash,Mumbai - Dadar,Delivered
101319,2025-08-21,C9434,Mumbai Tadka,North Indian,644,38,2.5,UPI,Mumbai - Bandra,Delivered
101320,2026-01-04,C6853,Dadar Darbar,Beverages,607,24,5.0,Credit Card,Mumbai - Borivali,Delivered
101321,2026-05-13,C3857,Bandra Bites,Chinese,1224,23,4.4,Credit Card,Mumbai - Kurla,Delivered
101322,2026-06-13,C7988,Ghatkopar Grill,North Indian,810,58,4.8,UPI,Mumbai - Bandra,Delivered
101323,2025-10-28,C4554,Ghatkopar Grill,Pizza,291,30,3.5,Cash,Mumbai - Powai,Delayed
101324,2025-02-15,C4913,Colaba Cafe,North Indian,525,19,3.9,Wallet,Mumbai - Borivali,Delivered
101325,2025-11-26,C1280,Mumbai Tadka,Pizza,761,50,4.7,Debit Card,Mumbai - Mulund,Delayed
101326,2025-09-08,C4494,Andheri Kitchen,Desserts,1069,19,4.6,Debit Card,Mumbai - Mulund,Delayed
101327,2025-08-04,C6967,Powai Plates,Desserts,1174,79,3.0,Credit Card,Mumbai - Dadar,Delayed
101328,2025-11-21,C2059,Malad Food Hub,Desserts,1670,65,2.8,Wallet,Mumbai - Ghatkopar,Delivered
101329,2025-09-09,C4587,Dadar Darbar,North Indian,1563,41,3.9,Cash,Mumbai - Colaba,Delivered
101330,2026-05-03,C9880,Ghatkopar Grill,Desserts,1268,29,3.0,Debit Card,Mumbai - Powai,Delivered
101331,2026-05-22,C6549,Chembur Spice House,Chinese,1731,71,2.6,UPI,Mumbai - Colaba,Delayed
101332,2025-04-22,C3334,Colaba Cafe,Pizza,622,34,3.0,Credit Card,Mumbai - Colaba,Delivered
101333,2025-11-14,C3440,Colaba Cafe,Burger,1029,50,2.9,Wallet,Mumbai - Chembur,Delivered
101334,2026-04-07,C4007,Ghatkopar Grill,Healthy Food,1146,58,4.8,Credit Card,Mumbai - Bandra,Delayed
101335,2025-03-29,C8585,Borivali Bistro,South Indian,925,73,3.5,UPI,Mumbai - Chembur,Delayed
101336,2025-10-30,C9685,Colaba Cafe,Healthy Food,1503,43,4.1,Wallet,Mumbai - Malad,Delayed
101337,2025-05-02,C2920,Thane Treats,North Indian,1736,53,3.8,Wallet,Mumbai - Powai,Delivered
101338,2026-03-12,C8196,Chembur Spice House,Biryani,931,27,4.7,UPI,Mumbai - Dadar,Delayed
101339,2025-12-23,C7429,Malad Food Hub,Pizza,388,59,3.3,Debit Card,Mumbai - Bandra,Cancelled
101340,2025-11-13,C7087,Dadar Darbar,Biryani,112,82,2.5,Credit Card,Mumbai - Mulund,Delivered
101341,2026-01-03,C8684,Borivali Bistro,Burger,959,53,4.1,UPI,Mumbai - Chembur,Delivered
101342,2025-10-24,C2569,Marine Drive Meals,Healthy Food,771,61,2.5,Credit Card,Mumbai - Malad,Delivered
101343,2026-05-26,C3492,Borivali Bistro,Chinese,1376,36,3.7,Cash,Mumbai - Dadar,Delivered
101344,2025-01-15,C3442,Ghatkopar Grill,South Indian,201,46,2.6,Cash,Mumbai - Chembur,Delivered
101345,2026-06-22,C5617,Borivali Bistro,Beverages,1288,50,2.8,Credit Card,Mumbai - Colaba,Delivered
101346,2026-01-28,C5226,Marine Drive Meals,Beverages,1224,43,2.6,Wallet,Mumbai - Ghatkopar,Delivered
101347,2025-08-17,C3904,Chembur Spice House,Biryani,795,30,4.9,Wallet,Mumbai - Kurla,Delivered
101348,2025-03-04,C3825,Borivali Bistro,Biryani,623,34,5.0,Wallet,Mumbai - Powai,Delivered
101349,2025-09-11,C6656,Borivali Bistro,Desserts,1742,79,2.8,Cash,Mumbai - Bandra,Delivered
101350,2025-05-25,C5801,Marine Drive Meals,Healthy Food,1498,50,4.1,Credit Card,Mumbai - Colaba,Delivered
101351,2025-09-16,C2740,Colaba Cafe,Healthy Food,968,54,3.0,Credit Card,Mumbai - Borivali,Cancelled
101352,2025-06-28,C1965,Kurla Kitchen,Beverages,390,38,4.6,Credit Card,Mumbai - Ghatkopar,Delivered
101353,2025-06-21,C3734,Kurla Kitchen,Biryani,894,59,4.2,Wallet,Mumbai - Vashi,Cancelled
101354,2026-01-08,C4182,Mumbai Tadka,Beverages,144,74,4.2,Debit Card,Mumbai - Powai,Delivered
101355,2025-12-26,C2163,Kurla Kitchen,Beverages,157,66,3.1,Credit Card,Mumbai - Mulund,Cancelled
101356,2025-09-24,C8677,Chembur Spice House,Beverages,318,26,4.5,UPI,Mumbai - Borivali,Delivered
101357,2025-02-01,C4231,Chembur Spice House,Burger,1263,68,4.6,Cash,Mumbai - Ghatkopar,Delivered
101358,2025-05-21,C5275,Vashi Veg Corner,Biryani,1517,35,2.6,Cash,Mumbai - Kurla,Cancelled
101359,2026-05-25,C3586,Ghatkopar Grill,Biryani,308,46,4.2,Wallet,Mumbai - Ghatkopar,Delivered
101360,2025-07-13,C4935,Malad Food Hub,Chinese,1709,78,4.1,Wallet,Mumbai - Dadar,Delayed
101361,2025-08-10,C3010,Borivali Bistro,Biryani,1137,40,3.2,Wallet,Mumbai - Colaba,Delivered
101362,2026-04-06,C2725,Powai Plates,Biryani,1686,35,3.0,Cash,Mumbai - Powai,Delivered
101363,2025-03-31,C1839,Borivali Bistro,North Indian,910,47,4.2,Wallet,Mumbai - Mulund,Delivered
101364,2026-02-15,C1292,Dadar Darbar,Biryani,680,57,3.0,Credit Card,Mumbai - Mulund,Delivered
101365,2025-10-21,C1470,Mumbai Tadka,Beverages,1776,83,4.7,Wallet,Mumbai - Thane,Delivered
101366,2025-06-29,C6641,Mumbai Tadka,Burger,515,74,4.7,Cash,Mumbai - Powai,Delayed
101367,2025-07-01,C1185,Dadar Darbar,Chinese,603,57,4.4,UPI,Mumbai - Powai,Delivered
101368,2026-06-23,C8888,Dadar Darbar,Biryani,1243,60,3.9,Wallet,Mumbai - Chembur,Cancelled
101369,2026-05-05,C2334,Colaba Cafe,Burger,396,34,2.9,Wallet,Mumbai - Ghatkopar,Delivered
101370,2025-03-29,C3162,Andheri Kitchen,Beverages,1435,23,4.8,Debit Card,Mumbai - Borivali,Cancelled
101371,2025-04-08,C2309,Bandra Bites,Biryani,515,44,3.1,Wallet,Mumbai - Kurla,Delivered
101372,2026-03-25,C8474,Dadar Darbar,South Indian,474,79,3.0,Debit Card,Mumbai - Dadar,Delivered
101373,2025-04-14,C7628,Thane Treats,South Indian,375,23,3.1,UPI,Mumbai - Malad,Delivered
101374,2025-07-03,C3959,Mumbai Tadka,Chinese,1180,35,4.9,Credit Card,Mumbai - Kurla,Delivered
101375,2026-03-14,C3967,Marine Drive Meals,Chinese,1662,51,3.6,Debit Card,Mumbai - Dadar,Delivered
101376,2025-12-18,C2214,Chembur Spice House,Burger,348,79,3.3,Cash,Mumbai - Andheri,Delayed
101377,2025-02-22,C6708,Vashi Veg Corner,Burger,478,63,2.6,Debit Card,Mumbai - Mulund,Delayed
101378,2026-03-13,C4981,Colaba Cafe,Desserts,934,26,4.1,Credit Card,Mumbai - Dadar,Delivered
101379,2025-02-04,C4852,Thane Treats,South Indian,406,17,3.2,Cash,Mumbai - Ghatkopar,Delivered
101380,2025-07-04,C1328,Mumbai Tadka,Biryani,1163,77,4.2,UPI,Mumbai - Vashi,Delivered
101381,2025-03-04,C5320,Malad Food Hub,South Indian,1268,36,2.9,Debit Card,Mumbai - Mulund,Delivered
101382,2026-01-06,C4161,Thane Treats,South Indian,1049,64,3.1,UPI,Mumbai - Ghatkopar,Delivered
101383,2025-01-07,C5662,Malad Food Hub,North Indian,298,56,4.9,Cash,Mumbai - Vashi,Cancelled
101384,2025-06-10,C7261,Andheri Kitchen,South Indian,769,57,4.7,Debit Card,Mumbai - Chembur,Delayed
101385,2026-03-16,C6419,Andheri Kitchen,Pizza,128,25,4.1,Cash,Mumbai - Vashi,Delivered
101386,2026-03-20,C3810,Thane Treats,Beverages,1577,75,3.2,Wallet,Mumbai - Malad,Delayed
101387,2026-02-14,C7339,Chembur Spice House,Healthy Food,1318,52,4.8,Wallet,Mumbai - Mulund,Delivered
101388,2025-06-13,C8245,Mumbai Tadka,Desserts,1245,72,3.7,UPI,Mumbai - Malad,Delayed
101389,2025-01-23,C4208,Kurla Kitchen,Healthy Food,1015,30,4.4,Debit Card,Mumbai - Malad,Cancelled
101390,2025-11-25,C3345,Vashi Veg Corner,Pizza,925,48,3.5,Wallet,Mumbai - Kurla,Cancelled
101391,2026-01-16,C6935,Kurla Kitchen,Chinese,1551,56,4.1,Cash,Mumbai - Ghatkopar,Delivered
101392,2026-02-21,C9545,Powai Plates,Pizza,1682,61,2.5,Debit Card,Mumbai - Mulund,Delayed
101393,2026-03-20,C8731,Malad Food Hub,Desserts,1538,36,4.9,Cash,Mumbai - Ghatkopar,Delivered
101394,2025-08-20,C7562,Andheri Kitchen,Chinese,872,36,4.5,Cash,Mumbai - Bandra,Delivered
101395,2026-06-10,C6434,Malad Food Hub,Burger,1729,74,4.2,Debit Card,Mumbai - Malad,Cancelled
101396,2025-06-05,C5126,Andheri Kitchen,Beverages,774,44,4.5,UPI,Mumbai - Bandra,Cancelled
101397,2025-03-14,C8500,Colaba Cafe,Healthy Food,1552,32,4.4,UPI,Mumbai - Colaba,Delayed
101398,2026-01-08,C3413,Dadar Darbar,South Indian,181,40,2.9,Debit Card,Mumbai - Vashi,Delivered
101399,2026-01-17,C2381,Bandra Bites,Pizza,1020,68,3.7,UPI,Mumbai - Bandra,Cancelled
101400,2026-04-11,C1577,Colaba Cafe,Healthy Food,1080,82,4.1,Wallet,Mumbai - Mulund,Cancelled
101401,2025-02-18,C3421,Vashi Veg Corner,Biryani,416,72,4.8,Wallet,Mumbai - Vashi,Delivered
101402,2025-10-13,C1994,Bandra Bites,Burger,133,64,2.8,Credit Card,Mumbai - Mulund,Delivered
101403,2025-03-23,C1829,Colaba Cafe,Burger,646,32,5.0,Credit Card,Mumbai - Borivali,Delivered
101404,2025-07-17,C2249,Chembur Spice House,North Indian,1297,42,4.5,Cash,Mumbai - Dadar,Delivered
101405,2026-04-19,C7360,Borivali Bistro,Chinese,1250,73,4.8,Wallet,Mumbai - Mulund,Cancelled
101406,2025-12-29,C4777,Dadar Darbar,Biryani,474,74,5.0,UPI,Mumbai - Chembur,Delivered
101407,2026-03-04,C2898,Borivali Bistro,Burger,1377,58,2.9,Debit Card,Mumbai - Borivali,Delivered
101408,2026-05-22,C7560,Mumbai Tadka,Healthy Food,495,26,3.4,Credit Card,Mumbai - Ghatkopar,Delivered
101409,2026-02-12,C1327,Bandra Bites,Chinese,250,43,4.4,Credit Card,Mumbai - Malad,Delivered
101410,2025-02-09,C1991,Powai Plates,Pizza,704,75,4.1,Debit Card,Mumbai - Dadar,Delivered
101411,2025-06-16,C4564,Vashi Veg Corner,Chinese,1556,79,4.0,Debit Card,Mumbai - Kurla,Delayed
101412,2026-05-03,C3395,Ghatkopar Grill,North Indian,1520,80,3.7,Debit Card,Mumbai - Ghatkopar,Delivered
101413,2026-05-20,C2284,Chembur Spice House,Desserts,442,54,3.3,Wallet,Mumbai - Borivali,Delivered
101414,2025-04-18,C9201,Malad Food Hub,North Indian,907,39,3.2,Wallet,Mumbai - Thane,Cancelled
101415,2026-03-08,C5143,Powai Plates,Healthy Food,1682,15,4.9,Debit Card,Mumbai - Vashi,Delivered
101416,2026-05-07,C6998,Powai Plates,Chinese,884,29,3.9,Debit Card,Mumbai - Chembur,Delivered
101417,2026-05-09,C8405,Powai Plates,Biryani,694,76,4.8,Wallet,Mumbai - Borivali,Delivered
101418,2025-12-12,C3564,Chembur Spice House,Pizza,133,33,3.7,Credit Card,Mumbai - Mulund,Delivered
101419,2026-06-01,C6416,Thane Treats,Desserts,1406,19,4.6,UPI,Mumbai - Andheri,Cancelled
101420,2025-03-26,C7621,Kurla Kitchen,Chinese,1758,40,3.0,Wallet,Mumbai - Mulund,Delayed
101421,2025-05-13,C2606,Mumbai Tadka,Biryani,1314,47,4.3,Credit Card,Mumbai - Thane,Delayed
101422,2025-08-27,C1606,Thane Treats,Burger,1155,19,3.6,UPI,Mumbai - Kurla,Delivered
101423,2026-06-08,C2852,Malad Food Hub,Chinese,1484,36,4.1,Wallet,Mumbai - Colaba,Cancelled
101424,2026-04-18,C5194,Bandra Bites,Biryani,235,49,4.1,Cash,Mumbai - Bandra,Delivered
101425,2026-03-11,C4053,Mumbai Tadka,Pizza,588,34,3.7,Debit Card,Mumbai - Dadar,Delivered
101426,2026-05-18,C8231,Marine Drive Meals,Burger,128,48,2.7,Debit Card,Mumbai - Dadar,Delivered
101427,2025-08-20,C9549,Dadar Darbar,Pizza,563,30,3.6,Credit Card,Mumbai - Dadar,Delayed
101428,2025-06-25,C4247,Kurla Kitchen,Beverages,1240,30,3.3,Cash,Mumbai - Mulund,Delivered
101429,2025-05-04,C1963,Vashi Veg Corner,Beverages,269,78,3.0,Wallet,Mumbai - Malad,Delivered
101430,2026-04-29,C4942,Ghatkopar Grill,Chinese,720,59,3.7,Debit Card,Mumbai - Borivali,Delivered
101431,2026-05-13,C3421,Colaba Cafe,South Indian,100,57,4.3,UPI,Mumbai - Malad,Delivered
101432,2025-06-14,C4698,Bandra Bites,Beverages,1624,52,4.5,Debit Card,Mumbai - Mulund,Cancelled
101433,2026-05-07,C6916,Ghatkopar Grill,Healthy Food,1274,42,3.9,Debit Card,Mumbai - Ghatkopar,Delayed
101434,2025-01-07,C3984,Colaba Cafe,Chinese,1791,18,3.3,UPI,Mumbai - Andheri,Delivered
101435,2025-11-20,C4874,Dadar Darbar,Desserts,909,69,3.5,Wallet,Mumbai - Kurla,Delivered
101436,2026-06-13,C5173,Ghatkopar Grill,Chinese,1154,19,3.6,Credit Card,Mumbai - Thane,Delivered
101437,2025-07-21,C6318,Vashi Veg Corner,Burger,1708,51,4.1,Cash,Mumbai - Chembur,Cancelled
101438,2026-04-04,C1075,Ghatkopar Grill,Pizza,847,18,3.3,Debit Card,Mumbai - Vashi,Delivered
101439,2025-11-10,C8255,Colaba Cafe,Desserts,819,75,4.2,Cash,Mumbai - Dadar,Delayed
101440,2025-11-07,C3777,Vashi Veg Corner,Pizza,575,51,4.3,Cash,Mumbai - Ghatkopar,Cancelled
101441,2025-07-31,C6974,Dadar Darbar,Biryani,993,68,4.7,Debit Card,Mumbai - Malad,Delivered
101442,2025-07-28,C3533,Kurla Kitchen,North Indian,1301,46,2.9,UPI,Mumbai - Bandra,Delivered
101443,2025-05-07,C3082,Kurla Kitchen,Desserts,817,76,4.1,Credit Card,Mumbai - Colaba,Delivered
101444,2026-04-25,C2539,Vashi Veg Corner,Burger,1031,45,3.0,Debit Card,Mumbai - Borivali,Cancelled
101445,2026-04-01,C9206,Andheri Kitchen,South Indian,1788,49,2.7,Credit Card,Mumbai - Colaba,Cancelled
101446,2025-11-25,C1122,Andheri Kitchen,South Indian,618,60,3.7,Debit Card,Mumbai - Colaba,Delayed
101447,2025-03-14,C2764,Malad Food Hub,South Indian,632,26,2.9,Debit Card,Mumbai - Malad,Delivered
101448,2025-06-23,C1780,Marine Drive Meals,Pizza,575,68,4.7,Cash,Mumbai - Mulund,Delivered
101449,2025-03-30,C7298,Kurla Kitchen,Burger,152,37,4.9,Wallet,Mumbai - Ghatkopar,Delayed
101450,2025-12-03,C9311,Bandra Bites,Pizza,797,74,3.6,Credit Card,Mumbai - Ghatkopar,Delivered
101451,2025-11-06,C7240,Malad Food Hub,South Indian,1211,83,3.6,Debit Card,Mumbai - Bandra,Delayed
101452,2026-01-16,C4220,Vashi Veg Corner,Beverages,845,63,4.8,Credit Card,Mumbai - Bandra,Delivered
101453,2025-04-02,C2161,Powai Plates,Healthy Food,678,16,2.7,UPI,Mumbai - Colaba,Delivered
101454,2025-08-19,C5922,Thane Treats,North Indian,1298,59,3.8,Cash,Mumbai - Kurla,Delivered
101455,2026-06-23,C8598,Thane Treats,South Indian,1588,52,4.1,Wallet,Mumbai - Malad,Delivered
101456,2026-03-22,C5774,Kurla Kitchen,Beverages,1159,20,2.5,Wallet,Mumbai - Chembur,Delivered
101457,2025-10-21,C9190,Chembur Spice House,Burger,1360,73,3.9,Credit Card,Mumbai - Thane,Delivered
101458,2025-04-10,C5831,Mumbai Tadka,Healthy Food,1059,45,4.2,Debit Card,Mumbai - Chembur,Cancelled
101459,2025-02-01,C2418,Chembur Spice House,Pizza,478,83,3.4,Wallet,Mumbai - Ghatkopar,Delayed
101460,2025-04-26,C4765,Thane Treats,North Indian,274,48,3.0,Debit Card,Mumbai - Ghatkopar,Delivered
101461,2026-03-03,C5654,Bandra Bites,Beverages,190,30,4.1,UPI,Mumbai - Malad,Delivered
101462,2025-11-15,C5606,Powai Plates,Pizza,1619,47,4.8,Cash,Mumbai - Thane,Delivered
101463,2025-12-06,C2713,Chembur Spice House,North Indian,175,68,2.8,Cash,Mumbai - Colaba,Delivered
101464,2025-05-06,C7214,Andheri Kitchen,Beverages,354,79,2.6,Debit Card,Mumbai - Borivali,Delayed
101465,2026-02-08,C4457,Marine Drive Meals,Chinese,656,33,2.6,UPI,Mumbai - Andheri,Delivered
101466,2025-09-21,C5995,Ghatkopar Grill,Biryani,1330,16,2.7,UPI,Mumbai - Mulund,Delayed
101467,2025-04-15,C8742,Vashi Veg Corner,Beverages,1425,51,3.1,Credit Card,Mumbai - Kurla,Delayed
101468,2025-10-03,C6754,Andheri Kitchen,Healthy Food,618,38,2.8,Debit Card,Mumbai - Borivali,Delayed
101469,2025-05-04,C8167,Colaba Cafe,South Indian,195,39,2.8,Wallet,Mumbai - Borivali,Delivered
101470,2026-03-01,C3501,Mumbai Tadka,Chinese,366,69,3.8,Cash,Mumbai - Colaba,Delivered
101471,2026-01-19,C3395,Malad Food Hub,Pizza,713,22,3.4,Cash,Mumbai - Colaba,Delivered
101472,2026-04-07,C7728,Kurla Kitchen,Chinese,197,85,3.9,Credit Card,Mumbai - Malad,Delayed
101473,2026-05-05,C2485,Thane Treats,Healthy Food,707,30,4.7,Cash,Mumbai - Bandra,Delayed
101474,2026-04-15,C4199,Kurla Kitchen,Pizza,416,79,4.4,Cash,Mumbai - Thane,Delayed
101475,2025-12-29,C1425,Vashi Veg Corner,Biryani,951,48,4.9,UPI,Mumbai - Chembur,Delayed
101476,2025-02-25,C6936,Dadar Darbar,Beverages,180,72,3.2,Wallet,Mumbai - Mulund,Delivered
101477,2026-05-22,C7186,Mumbai Tadka,Beverages,1725,18,3.2,Debit Card,Mumbai - Ghatkopar,Delivered
101478,2025-12-25,C4256,Ghatkopar Grill,Pizza,963,34,3.3,Debit Card,Mumbai - Chembur,Delivered
101479,2025-01-08,C5690,Andheri Kitchen,Burger,381,28,3.0,Debit Card,Mumbai - Ghatkopar,Cancelled
101480,2025-07-12,C7305,Ghatkopar Grill,South Indian,223,19,2.7,UPI,Mumbai - Chembur,Cancelled
101481,2025-09-06,C1672,Colaba Cafe,North Indian,1397,31,4.4,Wallet,Mumbai - Ghatkopar,Delivered
101482,2025-01-20,C5345,Andheri Kitchen,Biryani,1296,36,3.9,Credit Card,Mumbai - Dadar,Delivered
101483,2026-05-28,C9919,Bandra Bites,Chinese,536,17,3.6,Debit Card,Mumbai - Bandra,Delivered
101484,2025-09-13,C6243,Dadar Darbar,South Indian,556,63,2.5,UPI,Mumbai - Malad,Delivered
101485,2025-06-20,C3707,Vashi Veg Corner,South Indian,274,75,3.0,Cash,Mumbai - Kurla,Delayed
101486,2025-12-23,C7883,Andheri Kitchen,Burger,1796,33,4.0,UPI,Mumbai - Chembur,Delivered
101487,2026-01-16,C7134,Powai Plates,Biryani,1397,61,4.2,Debit Card,Mumbai - Kurla,Delivered
101488,2025-07-07,C7963,Borivali Bistro,Chinese,1663,38,4.9,Cash,Mumbai - Kurla,Delivered
101489,2025-02-08,C7500,Andheri Kitchen,North Indian,1764,39,3.3,Cash,Mumbai - Dadar,Delivered
101490,2026-05-19,C2231,Bandra Bites,Beverages,569,79,2.5,UPI,Mumbai - Chembur,Delayed
101491,2025-07-29,C2069,Thane Treats,Beverages,612,29,3.7,Debit Card,Mumbai - Andheri,Delivered
101492,2025-01-25,C5251,Thane Treats,Burger,1784,22,3.7,UPI,Mumbai - Andheri,Delivered
101493,2025-10-06,C6879,Bandra Bites,Beverages,1426,25,2.8,UPI,Mumbai - Dadar,Delivered
101494,2025-12-26,C8967,Chembur Spice House,Chinese,279,36,4.4,Wallet,Mumbai - Mulund,Delivered
101495,2026-03-05,C3642,Colaba Cafe,Biryani,564,50,3.4,UPI,Mumbai - Vashi,Delivered
101496,2025-01-05,C4102,Chembur Spice House,North Indian,1255,48,4.9,UPI,Mumbai - Powai,Delayed
101497,2025-06-17,C6523,Kurla Kitchen,Pizza,1782,37,4.1,UPI,Mumbai - Malad,Delivered
101498,2025-07-04,C6690,Thane Treats,Chinese,1045,66,4.4,Cash,Mumbai - Dadar,Delivered
101499,2026-04-08,C6035,Marine Drive Meals,Beverages,1444,26,2.7,UPI,Mumbai - Ghatkopar,Cancelled
101500,2025-04-11,C7263,Thane Treats,Healthy Food,1698,24,3.0,UPI,Mumbai - Powai,Delayed
101501,2026-02-22,C7827,Dadar Darbar,South Indian,1550,79,3.3,Wallet,Mumbai - Chembur,Delivered
101502,2026-01-15,C8226,Marine Drive Meals,Beverages,1213,24,4.4,Cash,Mumbai - Powai,Delivered
101503,2025-04-26,C6646,Marine Drive Meals,Biryani,871,26,3.8,Credit Card,Mumbai - Vashi,Cancelled
101504,2026-01-28,C4945,Colaba Cafe,Pizza,1731,41,2.6,UPI,Mumbai - Borivali,Cancelled
101505,2025-04-22,C9258,Mumbai Tadka,Burger,1283,23,2.5,Credit Card,Mumbai - Dadar,Delivered
101506,2025-09-12,C2142,Ghatkopar Grill,North Indian,1407,66,3.7,UPI,Mumbai - Bandra,Delayed
101507,2025-03-23,C1444,Vashi Veg Corner,Burger,180,43,2.8,Credit Card,Mumbai - Thane,Delivered
101508,2025-08-27,C9491,Ghatkopar Grill,Chinese,489,16,4.1,Wallet,Mumbai - Thane,Cancelled
101509,2026-01-31,C3112,Dadar Darbar,Desserts,541,81,4.7,Credit Card,Mumbai - Thane,Delivered
101510,2026-01-05,C7619,Mumbai Tadka,Desserts,336,57,4.3,Debit Card,Mumbai - Mulund,Delivered
101511,2025-01-28,C2700,Malad Food Hub,Pizza,853,44,2.8,Debit Card,Mumbai - Dadar,Delivered
101512,2025-05-07,C1348,Andheri Kitchen,Chinese,1133,60,3.4,Debit Card,Mumbai - Malad,Delivered
101513,2025-05-19,C7807,Vashi Veg Corner,Desserts,1586,41,4.9,Credit Card,Mumbai - Colaba,Delivered
101514,2025-03-17,C8026,Kurla Kitchen,Burger,951,85,2.7,Cash,Mumbai - Powai,Delayed
101515,2026-05-19,C4785,Kurla Kitchen,South Indian,148,62,3.7,UPI,Mumbai - Vashi,Delayed
101516,2025-01-02,C3831,Colaba Cafe,South Indian,330,61,4.6,Wallet,Mumbai - Thane,Cancelled
101517,2025-06-19,C3706,Marine Drive Meals,Beverages,1020,68,3.0,Wallet,Mumbai - Chembur,Delivered
101518,2025-11-08,C3970,Malad Food Hub,Chinese,260,50,3.2,Credit Card,Mumbai - Borivali,Delivered
101519,2025-09-23,C1585,Ghatkopar Grill,Pizza,1745,44,2.9,Cash,Mumbai - Powai,Cancelled
101520,2025-01-20,C8876,Chembur Spice House,Beverages,1718,35,3.0,Debit Card,Mumbai - Dadar,Delivered
101521,2025-01-06,C2570,Mumbai Tadka,Biryani,1731,56,3.7,Wallet,Mumbai - Ghatkopar,Delivered
101522,2026-05-24,C1562,Marine Drive Meals,Pizza,755,22,4.9,Wallet,Mumbai - Mulund,Cancelled
101523,2025-08-05,C8764,Andheri Kitchen,Beverages,520,55,2.8,UPI,Mumbai - Malad,Cancelled
101524,2025-05-10,C1129,Chembur Spice House,North Indian,1189,28,4.1,Debit Card,Mumbai - Borivali,Delivered
101525,2025-11-11,C1346,Chembur Spice House,Beverages,763,68,4.2,UPI,Mumbai - Bandra,Delivered
101526,2026-03-10,C6815,Andheri Kitchen,Beverages,105,81,2.6,Debit Card,Mumbai - Borivali,Delivered
101527,2025-02-06,C9089,Ghatkopar Grill,Pizza,206,28,5.0,Credit Card,Mumbai - Mulund,Delayed
101528,2025-09-04,C2477,Andheri Kitchen,Pizza,307,57,4.4,UPI,Mumbai - Chembur,Delivered
101529,2025-05-15,C6099,Thane Treats,Beverages,920,25,3.2,Debit Card,Mumbai - Borivali,Delivered
101530,2025-04-16,C9438,Andheri Kitchen,Chinese,1711,31,4.6,Wallet,Mumbai - Vashi,Delivered
101531,2025-07-11,C2717,Andheri Kitchen,North Indian,1213,39,3.7,Cash,Mumbai - Andheri,Delayed
101532,2025-06-01,C5580,Powai Plates,Biryani,504,54,3.3,Debit Card,Mumbai - Malad,Cancelled
101533,2025-08-12,C8138,Dadar Darbar,Pizza,817,76,4.1,Debit Card,Mumbai - Ghatkopar,Cancelled
101534,2026-01-28,C8915,Marine Drive Meals,Burger,748,21,3.4,Cash,Mumbai - Dadar,Cancelled
101535,2025-07-15,C3124,Bandra Bites,Chinese,423,57,4.3,Cash,Mumbai - Powai,Cancelled
101536,2026-03-04,C3651,Ghatkopar Grill,Chinese,1455,15,2.7,Credit Card,Mumbai - Vashi,Delayed
101537,2025-03-22,C7591,Bandra Bites,Healthy Food,426,34,3.4,UPI,Mumbai - Chembur,Delivered
101538,2025-01-07,C6627,Kurla Kitchen,Biryani,700,40,4.7,Cash,Mumbai - Malad,Delivered
101539,2025-07-26,C7830,Thane Treats,Healthy Food,660,83,3.2,Credit Card,Mumbai - Colaba,Delayed
101540,2025-07-31,C1064,Bandra Bites,Burger,1644,27,4.5,Cash,Mumbai - Dadar,Cancelled
101541,2025-01-04,C6200,Kurla Kitchen,Pizza,120,62,3.8,Credit Card,Mumbai - Ghatkopar,Delivered
101542,2026-05-11,C3363,Powai Plates,Beverages,822,44,4.5,Cash,Mumbai - Dadar,Delayed
101543,2026-01-25,C2072,Andheri Kitchen,Biryani,1573,71,3.2,Credit Card,Mumbai - Dadar,Delivered
101544,2025-07-22,C1214,Mumbai Tadka,Beverages,877,62,3.4,Debit Card,Mumbai - Ghatkopar,Delayed
101545,2026-02-04,C3802,Vashi Veg Corner,Pizza,113,35,3.0,Cash,Mumbai - Colaba,Delivered
101546,2025-07-10,C8531,Powai Plates,Healthy Food,1155,59,4.1,Cash,Mumbai - Andheri,Cancelled
101547,2026-04-15,C1218,Colaba Cafe,South Indian,1586,76,4.2,Cash,Mumbai - Andheri,Delivered
101548,2025-03-07,C8763,Chembur Spice House,South Indian,1441,41,2.6,Debit Card,Mumbai - Andheri,Delivered
101549,2025-01-10,C9090,Colaba Cafe,South Indian,142,71,2.7,Wallet,Mumbai - Malad,Delivered
101550,2025-03-31,C2064,Marine Drive Meals,Healthy Food,120,45,3.6,UPI,Mumbai - Vashi,Delivered
101551,2025-10-17,C9908,Andheri Kitchen,Beverages,785,33,4.5,UPI,Mumbai - Mulund,Delivered
101552,2025-01-17,C4640,Malad Food Hub,Burger,365,60,4.7,Cash,Mumbai - Vashi,Delivered
101553,2025-12-17,C9688,Powai Plates,Desserts,1679,32,4.9,Debit Card,Mumbai - Andheri,Cancelled
101554,2025-08-12,C2934,Borivali Bistro,Pizza,941,23,2.7,Debit Card,Mumbai - Thane,Delayed
101555,2025-02-06,C6925,Malad Food Hub,North Indian,1724,36,4.0,Credit Card,Mumbai - Powai,Delivered
101556,2025-08-06,C7493,Borivali Bistro,South Indian,498,31,3.3,Credit Card,Mumbai - Vashi,Delivered
101557,2025-12-11,C6975,Ghatkopar Grill,Burger,1238,29,3.9,Credit Card,Mumbai - Bandra,Delivered
101558,2025-02-09,C6317,Bandra Bites,Beverages,1187,55,3.1,Debit Card,Mumbai - Kurla,Delayed
101559,2026-03-13,C7589,Thane Treats,North Indian,349,80,4.4,Credit Card,Mumbai - Andheri,Delayed
101560,2026-04-05,C8862,Dadar Darbar,Pizza,1128,79,3.2,Cash,Mumbai - Chembur,Delivered
101561,2025-07-28,C8996,Borivali Bistro,North Indian,654,78,5.0,UPI,Mumbai - Dadar,Cancelled
101562,2025-08-01,C4529,Mumbai Tadka,North Indian,431,48,3.6,Wallet,Mumbai - Kurla,Cancelled
101563,2025-05-24,C2011,Ghatkopar Grill,Healthy Food,1093,20,4.7,Debit Card,Mumbai - Malad,Delivered
101564,2026-06-06,C4585,Ghatkopar Grill,North Indian,944,77,4.8,Credit Card,Mumbai - Colaba,Delivered
101565,2026-01-10,C9591,Thane Treats,South Indian,577,72,3.1,Credit Card,Mumbai - Powai,Delivered
101566,2026-04-25,C7948,Kurla Kitchen,Burger,487,48,2.5,Cash,Mumbai - Powai,Delivered
101567,2025-05-20,C7700,Chembur Spice House,Pizza,1635,30,4.2,Wallet,Mumbai - Malad,Delivered
101568,2025-02-25,C1740,Borivali Bistro,Chinese,212,63,2.9,Cash,Mumbai - Kurla,Delayed
101569,2025-02-13,C1069,Dadar Darbar,Chinese,521,78,4.9,Credit Card,Mumbai - Kurla,Cancelled
101570,2026-06-09,C2113,Borivali Bistro,North Indian,600,57,3.2,Cash,Mumbai - Powai,Cancelled
101571,2025-04-26,C7374,Thane Treats,Biryani,946,85,4.9,Cash,Mumbai - Dadar,Delivered
101572,2025-04-07,C2929,Chembur Spice House,Beverages,1790,59,4.7,Credit Card,Mumbai - Mulund,Delivered
101573,2025-07-06,C2260,Borivali Bistro,Chinese,1041,79,3.0,Cash,Mumbai - Powai,Delayed
101574,2025-12-14,C5353,Ghatkopar Grill,Biryani,1662,48,4.6,Wallet,Mumbai - Andheri,Delivered
101575,2026-01-21,C4034,Vashi Veg Corner,Biryani,1183,46,4.7,Debit Card,Mumbai - Mulund,Cancelled
101576,2026-01-13,C6072,Dadar Darbar,Chinese,1662,51,4.7,Credit Card,Mumbai - Dadar,Delivered
101577,2025-07-02,C1365,Colaba Cafe,Biryani,383,30,4.5,Credit Card,Mumbai - Chembur,Delayed
101578,2026-02-03,C9522,Borivali Bistro,Burger,140,61,4.6,UPI,Mumbai - Bandra,Delivered
101579,2025-02-18,C8872,Ghatkopar Grill,South Indian,448,28,4.0,UPI,Mumbai - Dadar,Delivered
101580,2025-10-23,C6267,Malad Food Hub,Healthy Food,756,40,4.7,Credit Card,Mumbai - Borivali,Cancelled
101581,2026-04-26,C3477,Chembur Spice House,Pizza,752,17,3.6,Debit Card,Mumbai - Dadar,Delivered
101582,2025-08-05,C9564,Andheri Kitchen,Chinese,1431,33,3.3,Debit Card,Mumbai - Vashi,Delivered
101583,2025-08-10,C4968,Marine Drive Meals,Healthy Food,428,85,2.7,Cash,Mumbai - Ghatkopar,Delivered
101584,2025-12-27,C3145,Ghatkopar Grill,Burger,1297,36,4.2,Cash,Mumbai - Dadar,Delivered
101585,2025-01-17,C5334,Ghatkopar Grill,Biryani,857,59,4.2,Debit Card,Mumbai - Borivali,Cancelled
101586,2025-10-13,C1680,Chembur Spice House,Beverages,659,51,4.6,Debit Card,Mumbai - Dadar,Delivered
101587,2025-04-09,C6028,Borivali Bistro,Beverages,915,68,4.3,Debit Card,Mumbai - Kurla,Delivered
101588,2025-09-17,C5103,Mumbai Tadka,Beverages,1392,17,3.5,Wallet,Mumbai - Mulund,Delayed
101589,2025-08-20,C6339,Colaba Cafe,Pizza,832,23,4.4,Debit Card,Mumbai - Powai,Cancelled
101590,2025-06-09,C9344,Bandra Bites,Desserts,1455,25,4.3,Wallet,Mumbai - Malad,Delivered
101591,2025-02-21,C7974,Mumbai Tadka,Healthy Food,164,65,3.0,UPI,Mumbai - Thane,Delivered
101592,2026-03-11,C8098,Marine Drive Meals,Healthy Food,957,27,4.2,Wallet,Mumbai - Vashi,Delayed
101593,2025-03-04,C3906,Ghatkopar Grill,Chinese,804,28,3.2,Wallet,Mumbai - Dadar,Delivered
101594,2026-01-28,C7172,Mumbai Tadka,Beverages,1364,70,3.3,UPI,Mumbai - Mulund,Delivered
101595,2025-12-19,C9488,Borivali Bistro,Pizza,168,83,2.6,Wallet,Mumbai - Bandra,Delivered
101596,2025-07-11,C3556,Bandra Bites,Healthy Food,783,49,4.8,Debit Card,Mumbai - Malad,Delivered
101597,2025-12-08,C9737,Andheri Kitchen,Burger,497,72,3.8,Debit Card,Mumbai - Malad,Delivered
101598,2025-06-20,C6805,Malad Food Hub,Burger,1328,74,4.7,Debit Card,Mumbai - Kurla,Cancelled
101599,2026-05-20,C8716,Marine Drive Meals,Chinese,662,41,3.4,Cash,Mumbai - Borivali,Delayed
101600,2025-04-16,C3987,Dadar Darbar,Biryani,913,78,3.1,Cash,Mumbai - Colaba,Cancelled
101601,2026-02-04,C8347,Andheri Kitchen,Burger,1784,68,3.5,Debit Card,Mumbai - Powai,Delivered
101602,2025-09-02,C5467,Mumbai Tadka,South Indian,275,26,4.6,Cash,Mumbai - Chembur,Delayed
101603,2025-08-28,C8306,Dadar Darbar,South Indian,1103,54,3.7,Wallet,Mumbai - Chembur,Delivered
101604,2025-08-15,C1993,Powai Plates,Pizza,802,71,4.7,Credit Card,Mumbai - Dadar,Delivered
101605,2025-08-25,C5781,Andheri Kitchen,Biryani,1275,27,3.9,Debit Card,Mumbai - Malad,Delayed
101606,2025-11-08,C9591,Thane Treats,Burger,1324,30,4.8,Credit Card,Mumbai - Malad,Cancelled
101607,2025-11-03,C5169,Borivali Bistro,South Indian,864,68,3.5,Cash,Mumbai - Borivali,Cancelled
101608,2025-09-03,C4383,Kurla Kitchen,South Indian,1280,44,3.3,UPI,Mumbai - Dadar,Delivered
101609,2025-04-27,C8679,Malad Food Hub,Beverages,363,46,4.4,Debit Card,Mumbai - Ghatkopar,Delivered
101610,2025-10-09,C3845,Andheri Kitchen,Chinese,1279,40,4.1,Debit Card,Mumbai - Powai,Delivered
101611,2025-12-15,C7948,Andheri Kitchen,North Indian,1330,58,2.7,Debit Card,Mumbai - Andheri,Cancelled
101612,2025-07-26,C2698,Ghatkopar Grill,Burger,712,19,3.0,Cash,Mumbai - Andheri,Cancelled
101613,2025-10-21,C9005,Thane Treats,Pizza,104,30,3.1,Credit Card,Mumbai - Kurla,Delayed
101614,2025-11-24,C6547,Mumbai Tadka,South Indian,1599,21,3.2,Wallet,Mumbai - Borivali,Delivered
101615,2026-05-12,C5643,Thane Treats,Healthy Food,1505,66,4.3,Credit Card,Mumbai - Chembur,Delivered
101616,2025-02-25,C4295,Mumbai Tadka,South Indian,1391,46,2.7,Debit Card,Mumbai - Ghatkopar,Delayed
101617,2026-05-29,C4606,Borivali Bistro,Chinese,551,31,3.2,Credit Card,Mumbai - Borivali,Delivered
101618,2025-01-01,C7612,Andheri Kitchen,South Indian,512,57,2.8,Credit Card,Mumbai - Malad,Delivered
101619,2025-11-06,C6810,Powai Plates,Desserts,1034,69,4.6,Cash,Mumbai - Borivali,Cancelled
101620,2026-05-21,C6621,Marine Drive Meals,South Indian,1041,75,3.9,Cash,Mumbai - Ghatkopar,Delivered
101621,2025-02-23,C6934,Mumbai Tadka,Pizza,168,49,4.2,Debit Card,Mumbai - Dadar,Delivered
101622,2025-02-18,C1600,Mumbai Tadka,Pizza,580,43,2.8,Wallet,Mumbai - Borivali,Delayed
101623,2025-09-10,C2074,Thane Treats,North Indian,596,72,2.5,Cash,Mumbai - Borivali,Delivered
101624,2025-06-19,C6052,Mumbai Tadka,Desserts,152,49,4.0,Cash,Mumbai - Vashi,Delivered
101625,2025-06-20,C3960,Mumbai Tadka,Desserts,248,54,3.3,Debit Card,Mumbai - Chembur,Delivered
101626,2025-11-05,C6263,Andheri Kitchen,North Indian,916,85,4.6,Wallet,Mumbai - Kurla,Delivered
101627,2026-04-20,C5300,Mumbai Tadka,Healthy Food,405,68,3.1,Wallet,Mumbai - Powai,Delayed
101628,2026-01-15,C8812,Marine Drive Meals,Healthy Food,1307,47,3.2,UPI,Mumbai - Ghatkopar,Delivered
101629,2025-07-13,C3821,Kurla Kitchen,Beverages,1040,24,4.7,UPI,Mumbai - Chembur,Delivered
101630,2026-01-12,C5867,Chembur Spice House,Biryani,467,25,4.6,Credit Card,Mumbai - Powai,Delivered
101631,2026-04-12,C7222,Mumbai Tadka,North Indian,1353,47,2.7,UPI,Mumbai - Dadar,Delivered
101632,2025-11-22,C3612,Borivali Bistro,South Indian,666,74,4.0,Cash,Mumbai - Vashi,Delivered
101633,2026-01-13,C8816,Mumbai Tadka,Biryani,1294,39,3.6,Credit Card,Mumbai - Andheri,Delivered
101634,2025-07-08,C5489,Marine Drive Meals,Pizza,109,21,4.3,Wallet,Mumbai - Chembur,Delayed
101635,2026-06-23,C5969,Ghatkopar Grill,Beverages,100,71,4.0,Wallet,Mumbai - Kurla,Delivered
101636,2025-04-02,C8162,Marine Drive Meals,Pizza,1800,76,2.5,Cash,Mumbai - Vashi,Cancelled
101637,2025-02-26,C2660,Bandra Bites,Desserts,533,29,3.6,Cash,Mumbai - Thane,Delivered
101638,2025-11-09,C5497,Malad Food Hub,Healthy Food,117,66,2.8,Credit Card,Mumbai - Andheri,Delivered
101639,2025-05-25,C8977,Powai Plates,Biryani,357,53,4.8,Debit Card,Mumbai - Ghatkopar,Delivered
101640,2026-05-19,C9244,Powai Plates,Biryani,1334,44,3.3,Cash,Mumbai - Borivali,Delivered
101641,2026-02-14,C8516,Kurla Kitchen,Beverages,1623,67,3.8,Wallet,Mumbai - Kurla,Cancelled
101642,2025-06-17,C5066,Marine Drive Meals,Burger,578,30,3.4,UPI,Mumbai - Kurla,Delivered
101643,2025-03-26,C5235,Marine Drive Meals,North Indian,1701,68,4.6,Credit Card,Mumbai - Ghatkopar,Cancelled
101644,2026-06-13,C3189,Marine Drive Meals,Biryani,702,28,3.4,UPI,Mumbai - Dadar,Cancelled
101645,2026-04-21,C3978,Andheri Kitchen,South Indian,1260,40,3.5,Debit Card,Mumbai - Malad,Cancelled
101646,2025-04-15,C8264,Mumbai Tadka,South Indian,888,75,4.5,Cash,Mumbai - Chembur,Delayed
101647,2025-05-28,C1952,Malad Food Hub,Chinese,1408,18,3.4,Cash,Mumbai - Thane,Delivered
101648,2025-08-16,C2161,Dadar Darbar,Beverages,1437,79,3.8,Credit Card,Mumbai - Borivali,Delayed
101649,2025-09-30,C2634,Malad Food Hub,Pizza,1761,42,3.0,Wallet,Mumbai - Mulund,Delivered
101650,2026-02-03,C6530,Malad Food Hub,North Indian,1284,66,4.9,Cash,Mumbai - Colaba,Delivered
101651,2025-07-06,C8646,Ghatkopar Grill,Chinese,232,61,4.1,UPI,Mumbai - Vashi,Cancelled
101652,2025-03-26,C9078,Thane Treats,Burger,347,64,3.6,Cash,Mumbai - Colaba,Delivered
101653,2026-01-06,C2773,Mumbai Tadka,Pizza,132,21,3.8,Wallet,Mumbai - Thane,Delivered
101654,2025-03-04,C3380,Borivali Bistro,Burger,407,68,2.9,UPI,Mumbai - Malad,Delivered
101655,2025-09-05,C3292,Dadar Darbar,Burger,1502,37,2.8,Credit Card,Mumbai - Kurla,Delivered
101656,2025-03-11,C2895,Borivali Bistro,Burger,497,80,4.6,Debit Card,Mumbai - Powai,Delivered
101657,2025-03-26,C4411,Kurla Kitchen,Biryani,1079,44,3.0,Credit Card,Mumbai - Kurla,Delivered
101658,2026-05-12,C5728,Ghatkopar Grill,South Indian,1561,47,4.0,Wallet,Mumbai - Mulund,Delivered
101659,2025-04-09,C6838,Andheri Kitchen,Biryani,1658,47,3.0,Cash,Mumbai - Ghatkopar,Delivered
101660,2025-03-11,C8455,Colaba Cafe,Beverages,1678,25,4.2,Credit Card,Mumbai - Powai,Delivered
101661,2025-08-31,C6665,Thane Treats,Healthy Food,337,81,3.0,Debit Card,Mumbai - Malad,Cancelled
101662,2025-05-23,C2215,Colaba Cafe,Chinese,1629,54,2.5,Credit Card,Mumbai - Borivali,Delayed
101663,2025-02-16,C4685,Andheri Kitchen,Beverages,1771,52,4.0,Cash,Mumbai - Dadar,Delivered
101664,2025-11-02,C4245,Powai Plates,Beverages,302,65,3.0,Debit Card,Mumbai - Kurla,Delayed
101665,2026-03-29,C9535,Chembur Spice House,Chinese,905,79,3.0,UPI,Mumbai - Dadar,Delayed
101666,2025-03-28,C6361,Andheri Kitchen,Biryani,479,67,4.8,UPI,Mumbai - Chembur,Cancelled
101667,2025-12-25,C1785,Andheri Kitchen,North Indian,1007,42,2.6,UPI,Mumbai - Thane,Cancelled
101668,2026-03-14,C6373,Kurla Kitchen,South Indian,1168,57,4.7,Credit Card,Mumbai - Kurla,Delivered
101669,2025-05-20,C5290,Thane Treats,South Indian,1459,56,4.7,Wallet,Mumbai - Bandra,Delivered
101670,2025-09-26,C3009,Kurla Kitchen,Healthy Food,1271,18,3.8,UPI,Mumbai - Colaba,Delivered
101671,2025-11-18,C1526,Bandra Bites,Chinese,1215,20,3.1,Cash,Mumbai - Thane,Delayed
101672,2025-10-26,C8138,Colaba Cafe,Pizza,1546,66,4.4,UPI,Mumbai - Mulund,Delayed
101673,2025-03-04,C3544,Vashi Veg Corner,South Indian,1134,27,3.7,UPI,Mumbai - Thane,Delivered
101674,2025-06-24,C8550,Colaba Cafe,Pizza,1300,57,3.7,Cash,Mumbai - Andheri,Delivered
101675,2025-06-22,C5274,Dadar Darbar,Pizza,261,41,4.7,Wallet,Mumbai - Vashi,Cancelled
101676,2025-11-04,C4057,Thane Treats,Healthy Food,141,39,4.3,Wallet,Mumbai - Ghatkopar,Delivered
101677,2025-03-13,C1859,Andheri Kitchen,Pizza,1450,81,4.3,UPI,Mumbai - Vashi,Delivered
101678,2025-04-17,C7148,Chembur Spice House,Beverages,1665,35,4.9,Debit Card,Mumbai - Borivali,Delivered
101679,2025-10-20,C9356,Thane Treats,South Indian,1731,23,3.5,Cash,Mumbai - Mulund,Delayed
101680,2025-09-21,C7513,Chembur Spice House,Healthy Food,113,21,4.1,Cash,Mumbai - Malad,Delayed
101681,2025-05-16,C9939,Malad Food Hub,South Indian,1566,66,3.4,UPI,Mumbai - Borivali,Cancelled
101682,2025-09-29,C3539,Powai Plates,Chinese,1595,78,4.4,UPI,Mumbai - Vashi,Delayed
101683,2025-12-17,C5644,Ghatkopar Grill,North Indian,862,77,2.6,Cash,Mumbai - Powai,Cancelled
101684,2025-09-20,C2506,Ghatkopar Grill,Chinese,768,78,3.8,Credit Card,Mumbai - Bandra,Delivered
101685,2025-06-04,C5364,Kurla Kitchen,Biryani,1149,44,3.8,Debit Card,Mumbai - Ghatkopar,Delivered
101686,2025-10-21,C3903,Vashi Veg Corner,Desserts,405,27,3.7,UPI,Mumbai - Ghatkopar,Delivered
101687,2025-11-22,C7442,Kurla Kitchen,Chinese,1080,67,3.2,Debit Card,Mumbai - Borivali,Delayed
101688,2025-03-07,C8108,Malad Food Hub,Chinese,696,79,3.3,Credit Card,Mumbai - Chembur,Delivered
101689,2025-08-26,C6399,Thane Treats,Burger,1355,78,3.0,Debit Card,Mumbai - Andheri,Delayed
101690,2026-05-21,C5483,Malad Food Hub,Biryani,1594,37,4.0,Wallet,Mumbai - Ghatkopar,Delayed
101691,2025-04-10,C4328,Bandra Bites,Burger,1381,84,4.2,Cash,Mumbai - Ghatkopar,Delivered
101692,2025-04-29,C7066,Kurla Kitchen,Healthy Food,1715,75,3.9,Credit Card,Mumbai - Chembur,Cancelled
101693,2026-01-13,C2737,Andheri Kitchen,Biryani,1042,57,3.7,Credit Card,Mumbai - Chembur,Delivered
101694,2026-03-07,C7265,Malad Food Hub,Chinese,454,75,2.5,Wallet,Mumbai - Vashi,Delivered
101695,2026-01-21,C4718,Dadar Darbar,Biryani,671,26,2.6,Cash,Mumbai - Kurla,Delivered
101696,2026-05-14,C3158,Andheri Kitchen,Healthy Food,137,19,3.3,Credit Card,Mumbai - Kurla,Delivered
101697,2025-07-09,C4967,Powai Plates,Biryani,508,23,3.9,Cash,Mumbai - Borivali,Delivered
101698,2025-07-27,C9162,Borivali Bistro,Biryani,686,59,4.0,Debit Card,Mumbai - Bandra,Delivered
101699,2026-06-18,C1373,Vashi Veg Corner,Biryani,1029,44,3.8,Wallet,Mumbai - Bandra,Delayed
101700,2025-02-08,C3315,Borivali Bistro,Burger,1196,77,4.3,Credit Card,Mumbai - Chembur,Cancelled
101701,2025-11-15,C7169,Malad Food Hub,Chinese,1493,67,2.8,Credit Card,Mumbai - Ghatkopar,Delivered
101702,2025-12-11,C2099,Borivali Bistro,Burger,793,76,3.8,Debit Card,Mumbai - Mulund,Delivered
101703,2025-10-03,C3841,Andheri Kitchen,Chinese,1284,23,4.0,Debit Card,Mumbai - Ghatkopar,Delayed
101704,2025-09-10,C2624,Bandra Bites,Burger,1793,65,3.2,Cash,Mumbai - Powai,Delivered
101705,2025-06-25,C5197,Kurla Kitchen,Beverages,1684,54,3.4,Cash,Mumbai - Malad,Delivered
101706,2025-12-08,C2522,Andheri Kitchen,North Indian,1395,28,3.0,Cash,Mumbai - Andheri,Delivered
101707,2025-04-17,C2993,Chembur Spice House,South Indian,348,50,3.9,Wallet,Mumbai - Chembur,Delivered
101708,2025-06-11,C8282,Powai Plates,Chinese,1477,40,3.1,Credit Card,Mumbai - Thane,Delayed
101709,2025-04-07,C8484,Dadar Darbar,Healthy Food,1489,23,4.4,UPI,Mumbai - Borivali,Delivered
101710,2025-06-29,C1212,Thane Treats,Healthy Food,1469,68,2.6,Cash,Mumbai - Bandra,Delivered
101711,2025-06-28,C6089,Powai Plates,Chinese,1324,84,4.0,UPI,Mumbai - Kurla,Delayed
101712,2026-01-07,C1337,Colaba Cafe,Burger,1403,53,3.9,Credit Card,Mumbai - Colaba,Delivered
101713,2026-01-09,C3012,Dadar Darbar,Healthy Food,1554,28,3.4,Debit Card,Mumbai - Vashi,Delayed
101714,2026-05-15,C9964,Mumbai Tadka,South Indian,1103,39,4.3,Debit Card,Mumbai - Dadar,Delivered
101715,2025-03-10,C9536,Vashi Veg Corner,Beverages,667,16,3.8,Wallet,Mumbai - Dadar,Cancelled
101716,2025-05-12,C3781,Vashi Veg Corner,South Indian,846,69,4.7,Credit Card,Mumbai - Andheri,Cancelled
101717,2026-06-02,C9438,Vashi Veg Corner,Burger,435,47,3.8,Cash,Mumbai - Dadar,Delivered
101718,2025-09-13,C5328,Ghatkopar Grill,Desserts,288,49,3.8,Debit Card,Mumbai - Chembur,Delivered
101719,2025-10-25,C5843,Andheri Kitchen,North Indian,420,70,2.6,Credit Card,Mumbai - Chembur,Delivered
101720,2026-04-12,C9232,Thane Treats,South Indian,1198,51,4.6,UPI,Mumbai - Vashi,Cancelled
101721,2026-06-23,C5604,Mumbai Tadka,Biryani,956,71,3.2,Wallet,Mumbai - Ghatkopar,Delivered
101722,2026-05-10,C9904,Dadar Darbar,South Indian,1252,58,4.5,UPI,Mumbai - Dadar,Delivered
101723,2025-10-07,C9956,Chembur Spice House,Pizza,764,32,4.0,Cash,Mumbai - Kurla,Cancelled
101724,2025-10-02,C2123,Mumbai Tadka,Biryani,1783,75,4.1,Debit Card,Mumbai - Bandra,Delivered
101725,2025-07-27,C4944,Mumbai Tadka,Pizza,1520,74,2.5,Debit Card,Mumbai - Colaba,Delivered
101726,2026-01-11,C2525,Andheri Kitchen,Chinese,786,71,4.9,Debit Card,Mumbai - Kurla,Cancelled
101727,2025-10-09,C8994,Vashi Veg Corner,Healthy Food,792,81,4.1,Cash,Mumbai - Dadar,Delivered
101728,2025-05-25,C8533,Kurla Kitchen,North Indian,923,51,3.1,Wallet,Mumbai - Powai,Delivered
101729,2025-10-09,C7651,Bandra Bites,Pizza,575,31,4.8,Debit Card,Mumbai - Vashi,Delivered
101730,2025-03-28,C9076,Chembur Spice House,Pizza,1193,16,3.9,Debit Card,Mumbai - Chembur,Delayed
101731,2025-10-01,C1637,Vashi Veg Corner,Desserts,1592,54,2.7,Debit Card,Mumbai - Powai,Delayed
101732,2026-04-08,C8532,Kurla Kitchen,Burger,140,48,3.8,Cash,Mumbai - Thane,Delivered
101733,2025-05-15,C7682,Borivali Bistro,Burger,1331,17,4.8,Wallet,Mumbai - Kurla,Cancelled
101734,2025-06-06,C3889,Marine Drive Meals,Biryani,1533,20,4.1,Wallet,Mumbai - Borivali,Delivered
101735,2025-03-06,C2413,Colaba Cafe,Burger,448,54,4.0,Debit Card,Mumbai - Andheri,Cancelled
101736,2025-12-27,C4848,Kurla Kitchen,Biryani,1751,55,4.6,Debit Card,Mumbai - Dadar,Delivered
101737,2025-06-29,C2691,Andheri Kitchen,South Indian,1255,61,3.9,Cash,Mumbai - Kurla,Delivered
101738,2026-04-18,C6547,Kurla Kitchen,Healthy Food,528,69,4.4,Wallet,Mumbai - Mulund,Delivered
101739,2025-04-27,C8029,Bandra Bites,Healthy Food,103,17,3.7,Wallet,Mumbai - Borivali,Delayed
101740,2025-06-27,C8408,Vashi Veg Corner,North Indian,589,64,4.9,UPI,Mumbai - Dadar,Delayed
101741,2025-04-05,C7976,Marine Drive Meals,North Indian,489,36,4.1,Cash,Mumbai - Kurla,Delivered
101742,2026-05-07,C2371,Borivali Bistro,Pizza,280,80,4.2,Cash,Mumbai - Mulund,Delivered
101743,2026-04-03,C2707,Vashi Veg Corner,Desserts,126,78,3.9,UPI,Mumbai - Colaba,Delivered
101744,2025-05-22,C7604,Mumbai Tadka,Beverages,997,19,2.6,Wallet,Mumbai - Kurla,Delivered
101745,2026-04-04,C6985,Ghatkopar Grill,Biryani,536,58,2.5,UPI,Mumbai - Chembur,Delivered
101746,2025-03-20,C5077,Andheri Kitchen,Pizza,552,43,4.0,Debit Card,Mumbai - Bandra,Delivered
101747,2025-09-09,C2161,Kurla Kitchen,Burger,930,35,3.1,Wallet,Mumbai - Borivali,Delayed
101748,2025-08-05,C8529,Andheri Kitchen,Burger,1292,22,3.0,Debit Card,Mumbai - Vashi,Delayed
101749,2026-02-27,C9432,Powai Plates,Pizza,1134,85,4.2,Wallet,Mumbai - Vashi,Delivered
101750,2026-03-20,C9978,Vashi Veg Corner,Burger,1313,37,3.5,UPI,Mumbai - Vashi,Delivered
101751,2025-06-20,C5949,Thane Treats,Desserts,792,24,3.5,Cash,Mumbai - Colaba,Delayed
101752,2025-10-13,C1694,Dadar Darbar,South Indian,1680,82,3.6,Cash,Mumbai - Chembur,Delivered
101753,2025-09-06,C9265,Colaba Cafe,Chinese,576,61,4.1,Wallet,Mumbai - Chembur,Delivered
101754,2025-04-25,C6172,Mumbai Tadka,Beverages,1593,56,2.7,Debit Card,Mumbai - Chembur,Delayed
101755,2025-09-20,C6748,Powai Plates,South Indian,1677,71,3.5,UPI,Mumbai - Dadar,Cancelled
101756,2026-04-07,C9521,Chembur Spice House,Pizza,1783,15,4.5,Debit Card,Mumbai - Dadar,Delivered
101757,2025-01-10,C5818,Andheri Kitchen,Burger,1639,81,3.3,Wallet,Mumbai - Ghatkopar,Delivered
101758,2025-07-26,C7267,Vashi Veg Corner,Chinese,1782,52,3.8,Credit Card,Mumbai - Bandra,Cancelled
101759,2026-04-13,C5540,Borivali Bistro,Healthy Food,892,55,2.6,Wallet,Mumbai - Mulund,Delayed
101760,2025-08-19,C3855,Chembur Spice House,South Indian,1796,18,4.5,Cash,Mumbai - Bandra,Delivered
101761,2025-03-16,C1613,Andheri Kitchen,North Indian,833,26,2.9,UPI,Mumbai - Malad,Delivered
101762,2026-01-19,C8004,Malad Food Hub,Beverages,376,46,4.8,Debit Card,Mumbai - Powai,Delivered
101763,2026-04-07,C1812,Borivali Bistro,Chinese,256,25,4.4,Debit Card,Mumbai - Colaba,Delivered
101764,2025-09-27,C9209,Powai Plates,North Indian,1248,66,3.4,Debit Card,Mumbai - Malad,Delivered
101765,2025-11-11,C3232,Dadar Darbar,Burger,416,75,3.6,Debit Card,Mumbai - Powai,Delivered
101766,2025-07-25,C3124,Borivali Bistro,South Indian,1400,30,3.9,UPI,Mumbai - Powai,Delivered
101767,2026-02-19,C5494,Malad Food Hub,Healthy Food,1525,27,3.4,UPI,Mumbai - Ghatkopar,Delivered
101768,2026-05-17,C9973,Malad Food Hub,Burger,121,66,2.6,Cash,Mumbai - Borivali,Delivered
101769,2026-03-24,C7029,Vashi Veg Corner,Desserts,1053,58,4.1,Credit Card,Mumbai - Chembur,Delivered
101770,2025-06-12,C6870,Borivali Bistro,Desserts,1207,52,3.0,Wallet,Mumbai - Borivali,Delivered
101771,2025-11-07,C9486,Malad Food Hub,Beverages,1552,35,2.9,Wallet,Mumbai - Mulund,Cancelled
101772,2025-03-06,C8389,Borivali Bistro,Biryani,1066,38,3.1,Wallet,Mumbai - Borivali,Delayed
101773,2025-12-21,C2379,Chembur Spice House,Burger,914,66,4.6,Debit Card,Mumbai - Mulund,Delivered
101774,2026-03-28,C3524,Powai Plates,Beverages,1287,49,3.2,Wallet,Mumbai - Mulund,Delivered
101775,2025-01-27,C6708,Thane Treats,North Indian,1785,31,3.0,Cash,Mumbai - Dadar,Delivered
101776,2025-12-01,C3015,Powai Plates,Burger,686,32,3.7,UPI,Mumbai - Bandra,Cancelled
101777,2025-02-26,C8149,Thane Treats,Burger,800,36,3.3,Credit Card,Mumbai - Ghatkopar,Delivered
101778,2025-04-29,C3814,Vashi Veg Corner,Biryani,335,39,3.3,Debit Card,Mumbai - Thane,Delivered
101779,2025-02-20,C8700,Ghatkopar Grill,South Indian,1578,63,4.0,UPI,Mumbai - Bandra,Delivered
101780,2026-03-16,C4608,Chembur Spice House,Beverages,275,47,3.2,Wallet,Mumbai - Malad,Delivered
101781,2025-10-23,C7459,Chembur Spice House,North Indian,484,72,2.7,Cash,Mumbai - Mulund,Cancelled
101782,2026-06-11,C5651,Chembur Spice House,Pizza,1012,73,2.8,Debit Card,Mumbai - Kurla,Delivered
101783,2025-06-29,C9345,Borivali Bistro,South Indian,298,20,3.9,UPI,Mumbai - Ghatkopar,Delayed
101784,2026-01-29,C2128,Mumbai Tadka,Burger,1013,62,2.9,Debit Card,Mumbai - Kurla,Delivered
101785,2025-11-07,C5004,Thane Treats,Beverages,1105,68,4.7,Credit Card,Mumbai - Malad,Delayed
101786,2025-12-16,C3220,Bandra Bites,Biryani,511,56,3.0,Cash,Mumbai - Colaba,Delivered
101787,2025-07-18,C3776,Thane Treats,South Indian,1077,18,2.5,UPI,Mumbai - Dadar,Delayed
101788,2025-08-02,C3976,Ghatkopar Grill,Pizza,1177,48,4.9,UPI,Mumbai - Mulund,Cancelled
101789,2026-05-16,C3267,Malad Food Hub,South Indian,386,78,4.5,UPI,Mumbai - Kurla,Delivered
101790,2026-04-06,C5036,Colaba Cafe,Chinese,1190,85,4.3,UPI,Mumbai - Chembur,Delivered
101791,2025-02-20,C7086,Dadar Darbar,North Indian,331,80,2.6,Wallet,Mumbai - Powai,Delivered
101792,2026-06-18,C2091,Mumbai Tadka,Biryani,1095,44,3.0,UPI,Mumbai - Vashi,Delivered
101793,2025-01-31,C9943,Kurla Kitchen,South Indian,1518,39,3.9,Cash,Mumbai - Ghatkopar,Cancelled
101794,2025-10-08,C1363,Malad Food Hub,North Indian,1517,63,3.3,Cash,Mumbai - Borivali,Delayed
101795,2025-08-15,C5270,Mumbai Tadka,South Indian,1387,22,3.2,Debit Card,Mumbai - Vashi,Delivered
101796,2026-02-23,C7906,Colaba Cafe,North Indian,629,47,4.9,Wallet,Mumbai - Vashi,Delivered
101797,2026-03-05,C6340,Thane Treats,South Indian,1067,85,3.7,Wallet,Mumbai - Dadar,Delayed
101798,2025-11-22,C9160,Mumbai Tadka,Biryani,1094,62,4.6,Credit Card,Mumbai - Andheri,Delivered
101799,2025-02-08,C1750,Mumbai Tadka,Pizza,308,54,4.1,Cash,Mumbai - Bandra,Delayed
101800,2025-08-04,C9870,Ghatkopar Grill,Burger,254,85,5.0,Debit Card,Mumbai - Ghatkopar,Delivered
101801,2026-01-04,C9059,Ghatkopar Grill,Healthy Food,525,64,3.7,Credit Card,Mumbai - Bandra,Delivered
101802,2025-09-01,C3946,Mumbai Tadka,Pizza,1389,20,2.5,Wallet,Mumbai - Andheri,Cancelled
101803,2026-05-16,C9849,Marine Drive Meals,Burger,487,59,3.3,UPI,Mumbai - Kurla,Delivered
101804,2026-03-19,C5111,Vashi Veg Corner,North Indian,117,36,3.0,Debit Card,Mumbai - Chembur,Delayed
101805,2025-07-29,C5083,Dadar Darbar,Biryani,648,32,3.5,Wallet,Mumbai - Borivali,Delayed
101806,2025-07-02,C6028,Malad Food Hub,Healthy Food,130,76,3.8,Credit Card,Mumbai - Colaba,Delivered
101807,2025-09-12,C9266,Mumbai Tadka,Biryani,141,19,4.8,Debit Card,Mumbai - Colaba,Delayed
101808,2026-01-31,C2158,Ghatkopar Grill,Desserts,435,52,3.1,Credit Card,Mumbai - Borivali,Cancelled
101809,2025-02-23,C6164,Dadar Darbar,North Indian,1457,84,4.1,Debit Card,Mumbai - Colaba,Delivered
101810,2025-08-01,C9353,Marine Drive Meals,Desserts,1774,33,5.0,Debit Card,Mumbai - Chembur,Delivered
101811,2025-07-23,C2656,Vashi Veg Corner,North Indian,303,60,4.2,Cash,Mumbai - Andheri,Delivered
101812,2026-01-03,C4814,Ghatkopar Grill,North Indian,106,81,3.4,Wallet,Mumbai - Kurla,Delivered
101813,2025-10-10,C8651,Ghatkopar Grill,Desserts,1138,26,3.5,Cash,Mumbai - Thane,Delivered
101814,2025-03-08,C6804,Andheri Kitchen,Burger,1452,62,3.9,Credit Card,Mumbai - Bandra,Delivered
101815,2025-10-06,C3898,Colaba Cafe,Chinese,1657,53,2.6,Cash,Mumbai - Andheri,Delivered
101816,2026-02-26,C2694,Bandra Bites,Burger,1094,38,2.6,Cash,Mumbai - Thane,Delayed
101817,2025-04-04,C9892,Kurla Kitchen,North Indian,187,45,2.6,Credit Card,Mumbai - Andheri,Delivered
101818,2025-10-17,C6399,Thane Treats,Beverages,224,37,3.1,UPI,Mumbai - Dadar,Delivered
101819,2026-06-07,C4451,Ghatkopar Grill,Pizza,887,45,4.2,Wallet,Mumbai - Vashi,Delivered
101820,2026-03-08,C2228,Vashi Veg Corner,Biryani,1305,41,2.8,Wallet,Mumbai - Thane,Delivered
101821,2026-05-30,C6061,Dadar Darbar,South Indian,1433,31,3.8,Debit Card,Mumbai - Vashi,Delivered
101822,2025-04-30,C1149,Kurla Kitchen,Biryani,252,46,4.8,UPI,Mumbai - Vashi,Delayed
101823,2025-02-22,C3083,Borivali Bistro,Chinese,1572,21,2.8,Cash,Mumbai - Thane,Delivered
101824,2026-02-18,C4820,Andheri Kitchen,Beverages,828,24,3.3,Wallet,Mumbai - Bandra,Delivered
101825,2025-04-01,C3908,Colaba Cafe,Chinese,846,43,3.5,Debit Card,Mumbai - Mulund,Delayed
101826,2026-05-24,C7232,Thane Treats,Burger,322,31,4.7,Credit Card,Mumbai - Malad,Delayed
101827,2025-02-04,C8734,Kurla Kitchen,Desserts,1538,42,4.5,UPI,Mumbai - Malad,Delivered
101828,2025-05-18,C7883,Malad Food Hub,North Indian,1659,82,4.8,Cash,Mumbai - Andheri,Delivered
101829,2026-06-25,C5056,Kurla Kitchen,South Indian,251,47,3.9,Credit Card,Mumbai - Kurla,Delivered
101830,2026-01-11,C7291,Andheri Kitchen,Pizza,194,38,4.6,UPI,Mumbai - Vashi,Delivered
101831,2026-02-27,C4250,Mumbai Tadka,Beverages,465,24,3.4,Wallet,Mumbai - Kurla,Delivered
101832,2025-07-29,C3142,Vashi Veg Corner,North Indian,1092,64,3.5,Credit Card,Mumbai - Vashi,Delivered
101833,2025-01-15,C1374,Kurla Kitchen,South Indian,656,76,2.7,Wallet,Mumbai - Chembur,Delivered
101834,2026-06-04,C4880,Marine Drive Meals,Chinese,1721,32,4.9,Credit Card,Mumbai - Ghatkopar,Delivered
101835,2025-06-01,C2377,Thane Treats,Beverages,416,85,3.0,Debit Card,Mumbai - Colaba,Delivered
101836,2025-05-27,C4014,Bandra Bites,Healthy Food,1428,15,4.4,Debit Card,Mumbai - Powai,Delivered
101837,2025-06-27,C1042,Borivali Bistro,Burger,740,15,3.4,Credit Card,Mumbai - Dadar,Delivered
101838,2026-01-19,C1960,Dadar Darbar,Biryani,1037,77,3.6,Debit Card,Mumbai - Kurla,Delivered
101839,2025-11-08,C2269,Ghatkopar Grill,North Indian,199,29,4.0,Debit Card,Mumbai - Vashi,Delivered
101840,2026-01-13,C4129,Vashi Veg Corner,Healthy Food,721,26,4.4,Credit Card,Mumbai - Borivali,Delayed
101841,2025-02-18,C5532,Marine Drive Meals,Healthy Food,1698,41,4.8,UPI,Mumbai - Dadar,Delivered
101842,2025-11-05,C6123,Malad Food Hub,Beverages,1436,81,3.5,Debit Card,Mumbai - Dadar,Cancelled
101843,2025-01-14,C3033,Marine Drive Meals,Biryani,831,52,3.5,Debit Card,Mumbai - Borivali,Delivered
101844,2025-10-30,C3206,Vashi Veg Corner,Beverages,290,56,3.8,Debit Card,Mumbai - Borivali,Delivered
101845,2025-08-05,C8589,Marine Drive Meals,South Indian,1534,81,3.4,Wallet,Mumbai - Ghatkopar,Delivered
101846,2026-04-01,C6636,Borivali Bistro,Healthy Food,1176,16,3.7,UPI,Mumbai - Borivali,Delivered
101847,2026-01-04,C8773,Malad Food Hub,South Indian,1505,48,4.9,Debit Card,Mumbai - Colaba,Cancelled
101848,2026-02-19,C7555,Chembur Spice House,Pizza,192,18,3.6,UPI,Mumbai - Borivali,Delayed
101849,2025-02-07,C2417,Chembur Spice House,North Indian,1670,79,2.7,Cash,Mumbai - Bandra,Cancelled
101850,2025-10-10,C2669,Vashi Veg Corner,Biryani,136,40,2.9,Wallet,Mumbai - Bandra,Delivered
101851,2025-08-23,C3957,Marine Drive Meals,Biryani,922,73,3.7,Wallet,Mumbai - Dadar,Delayed
101852,2025-06-18,C7657,Andheri Kitchen,Pizza,661,23,4.3,Debit Card,Mumbai - Powai,Cancelled
101853,2025-07-24,C3355,Dadar Darbar,Pizza,1479,73,4.7,UPI,Mumbai - Dadar,Delivered
101854,2026-05-08,C5170,Ghatkopar Grill,Healthy Food,1548,82,3.0,Wallet,Mumbai - Dadar,Delayed
101855,2025-03-23,C7382,Chembur Spice House,Beverages,1016,70,3.5,Wallet,Mumbai - Colaba,Delivered
101856,2026-01-27,C9883,Mumbai Tadka,Pizza,807,50,2.7,Cash,Mumbai - Dadar,Delivered
101857,2026-03-15,C1731,Thane Treats,Healthy Food,895,85,4.2,Debit Card,Mumbai - Ghatkopar,Delayed
101858,2026-04-25,C3929,Powai Plates,Chinese,498,46,4.3,Debit Card,Mumbai - Mulund,Cancelled
101859,2026-03-13,C7502,Andheri Kitchen,Beverages,1789,77,3.5,Debit Card,Mumbai - Thane,Delivered
101860,2025-09-20,C9785,Dadar Darbar,Healthy Food,556,82,2.7,Cash,Mumbai - Mulund,Delayed
101861,2025-04-08,C2937,Colaba Cafe,South Indian,1437,81,3.4,Credit Card,Mumbai - Chembur,Cancelled
101862,2025-06-29,C3967,Marine Drive Meals,North Indian,610,56,3.5,Credit Card,Mumbai - Malad,Delivered
101863,2025-05-03,C5308,Colaba Cafe,Desserts,1548,59,3.7,UPI,Mumbai - Kurla,Delivered
101864,2025-01-03,C2358,Bandra Bites,North Indian,1530,50,3.6,Wallet,Mumbai - Borivali,Delayed
101865,2026-04-03,C7187,Ghatkopar Grill,South Indian,1051,16,4.0,Wallet,Mumbai - Thane,Delivered
101866,2025-11-10,C5704,Mumbai Tadka,Burger,1791,68,3.2,Wallet,Mumbai - Chembur,Delivered
101867,2025-05-11,C3582,Vashi Veg Corner,North Indian,907,64,3.2,Credit Card,Mumbai - Mulund,Cancelled
101868,2026-06-16,C4939,Vashi Veg Corner,South Indian,605,47,4.8,Debit Card,Mumbai - Colaba,Delivered
101869,2026-04-14,C7356,Kurla Kitchen,Chinese,1524,35,4.3,Credit Card,Mumbai - Ghatkopar,Delayed
101870,2025-06-08,C1202,Kurla Kitchen,Biryani,1163,34,3.5,Cash,Mumbai - Vashi,Delivered
101871,2025-06-19,C4272,Malad Food Hub,Chinese,704,56,5.0,Wallet,Mumbai - Powai,Delivered
101872,2025-03-11,C6768,Andheri Kitchen,Pizza,901,32,4.1,Wallet,Mumbai - Borivali,Delivered
101873,2025-02-12,C4734,Chembur Spice House,Biryani,1207,26,2.6,Credit Card,Mumbai - Andheri,Delivered
101874,2026-02-23,C4085,Vashi Veg Corner,North Indian,286,46,2.6,Credit Card,Mumbai - Colaba,Delayed
101875,2025-03-12,C9418,Powai Plates,South Indian,500,72,3.8,Debit Card,Mumbai - Mulund,Delivered
101876,2026-04-27,C4579,Ghatkopar Grill,Pizza,478,82,4.7,Cash,Mumbai - Bandra,Cancelled
101877,2025-01-18,C7541,Borivali Bistro,Desserts,226,25,4.0,Wallet,Mumbai - Ghatkopar,Cancelled
101878,2026-05-18,C5069,Marine Drive Meals,Biryani,779,32,2.8,UPI,Mumbai - Kurla,Delayed
101879,2025-07-01,C2367,Dadar Darbar,South Indian,900,44,3.9,Credit Card,Mumbai - Malad,Delivered
101880,2025-03-04,C4567,Borivali Bistro,North Indian,569,47,3.6,Wallet,Mumbai - Bandra,Delivered
101881,2025-01-14,C6460,Kurla Kitchen,Pizza,835,61,3.1,Cash,Mumbai - Thane,Cancelled
101882,2025-05-27,C8987,Malad Food Hub,Desserts,1776,42,4.7,Debit Card,Mumbai - Dadar,Cancelled
101883,2025-09-08,C7735,Vashi Veg Corner,Beverages,709,85,3.7,Cash,Mumbai - Vashi,Delivered
101884,2025-11-23,C1768,Powai Plates,Beverages,134,34,4.7,Wallet,Mumbai - Andheri,Delivered
101885,2025-05-13,C8639,Bandra Bites,Desserts,504,17,2.8,UPI,Mumbai - Colaba,Delivered
101886,2026-03-24,C5780,Borivali Bistro,Pizza,351,24,3.8,UPI,Mumbai - Powai,Delivered
101887,2025-09-22,C4719,Ghatkopar Grill,Chinese,729,42,3.2,Debit Card,Mumbai - Thane,Delivered
101888,2025-12-13,C1765,Thane Treats,Chinese,1384,29,4.7,Wallet,Mumbai - Mulund,Delivered
101889,2025-07-22,C4232,Powai Plates,North Indian,1384,27,3.3,Wallet,Mumbai - Ghatkopar,Cancelled
101890,2025-09-15,C9827,Marine Drive Meals,Pizza,1476,22,2.8,Debit Card,Mumbai - Borivali,Delivered
101891,2025-04-13,C6706,Borivali Bistro,Pizza,338,21,3.5,Cash,Mumbai - Thane,Delivered
101892,2025-06-13,C9899,Powai Plates,Chinese,954,36,2.6,UPI,Mumbai - Malad,Delayed
101893,2025-05-25,C8636,Borivali Bistro,Desserts,609,74,4.8,Credit Card,Mumbai - Mulund,Delivered
101894,2025-03-22,C1026,Malad Food Hub,Chinese,1297,23,2.9,Debit Card,Mumbai - Vashi,Delivered
101895,2026-04-25,C7025,Ghatkopar Grill,Beverages,966,78,4.5,Debit Card,Mumbai - Bandra,Delivered
101896,2026-05-13,C3243,Colaba Cafe,Desserts,1007,39,3.6,Credit Card,Mumbai - Andheri,Delivered
101897,2025-06-29,C4064,Colaba Cafe,Chinese,1452,58,5.0,Debit Card,Mumbai - Andheri,Cancelled
101898,2025-03-09,C3282,Andheri Kitchen,Pizza,1223,63,4.0,Credit Card,Mumbai - Bandra,Delayed
101899,2026-05-01,C8797,Malad Food Hub,Healthy Food,1391,42,3.2,UPI,Mumbai - Borivali,Delivered
101900,2025-04-05,C2039,Ghatkopar Grill,Desserts,391,60,4.6,Debit Card,Mumbai - Powai,Cancelled
101901,2025-08-25,C4206,Mumbai Tadka,Healthy Food,689,33,2.7,Credit Card,Mumbai - Vashi,Delivered
101902,2025-05-05,C7256,Kurla Kitchen,Burger,254,51,3.7,Credit Card,Mumbai - Thane,Delivered
101903,2025-11-21,C8603,Dadar Darbar,Beverages,537,71,4.7,UPI,Mumbai - Thane,Delivered
101904,2025-02-28,C2573,Kurla Kitchen,North Indian,526,55,4.0,UPI,Mumbai - Borivali,Delayed
101905,2026-02-09,C8134,Andheri Kitchen,North Indian,1464,58,4.8,Cash,Mumbai - Thane,Delivered
101906,2025-10-10,C8036,Powai Plates,Beverages,883,20,2.9,Credit Card,Mumbai - Vashi,Delivered
101907,2025-06-11,C8803,Marine Drive Meals,Burger,291,48,3.4,Wallet,Mumbai - Andheri,Cancelled
101908,2026-01-26,C7685,Kurla Kitchen,North Indian,1671,33,4.0,Debit Card,Mumbai - Chembur,Delivered
101909,2025-08-15,C8340,Thane Treats,Pizza,1053,84,4.6,Credit Card,Mumbai - Chembur,Delivered
101910,2025-07-24,C4771,Dadar Darbar,Pizza,1155,32,4.8,Debit Card,Mumbai - Ghatkopar,Delivered
101911,2025-09-28,C1820,Malad Food Hub,Beverages,463,68,3.1,UPI,Mumbai - Bandra,Delayed
101912,2026-02-04,C1497,Borivali Bistro,Pizza,1596,47,4.0,UPI,Mumbai - Kurla,Delivered
101913,2026-03-02,C8616,Thane Treats,Pizza,504,63,3.1,Credit Card,Mumbai - Powai,Delivered
101914,2026-03-12,C8364,Colaba Cafe,Biryani,755,82,4.6,Debit Card,Mumbai - Dadar,Delayed
101915,2025-11-03,C2287,Bandra Bites,Chinese,1347,66,3.3,UPI,Mumbai - Ghatkopar,Delivered
101916,2025-12-30,C5142,Chembur Spice House,North Indian,1680,46,3.1,Cash,Mumbai - Chembur,Cancelled
101917,2026-05-31,C4863,Borivali Bistro,North Indian,1727,52,3.6,Cash,Mumbai - Mulund,Delivered
101918,2025-01-06,C6377,Vashi Veg Corner,Chinese,1753,30,3.3,Cash,Mumbai - Colaba,Delayed
101919,2025-08-29,C2569,Dadar Darbar,Desserts,624,34,3.2,Debit Card,Mumbai - Vashi,Delayed
101920,2025-05-02,C9093,Bandra Bites,Biryani,563,22,3.1,Wallet,Mumbai - Bandra,Delivered
101921,2026-03-08,C8204,Powai Plates,Burger,247,50,4.0,Credit Card,Mumbai - Chembur,Delivered
101922,2025-04-16,C8060,Marine Drive Meals,Burger,1447,25,2.8,Cash,Mumbai - Colaba,Delivered
101923,2026-02-02,C9997,Kurla Kitchen,Burger,1758,16,4.9,Debit Card,Mumbai - Malad,Delivered
101924,2026-06-21,C4064,Marine Drive Meals,Desserts,1645,21,2.9,Credit Card,Mumbai - Powai,Delivered
101925,2025-04-14,C6915,Borivali Bistro,Healthy Food,205,19,2.9,UPI,Mumbai - Powai,Delayed
101926,2026-05-12,C7261,Vashi Veg Corner,Chinese,1349,51,4.9,Wallet,Mumbai - Mulund,Delivered
101927,2025-04-17,C1143,Colaba Cafe,Biryani,1056,65,4.6,Wallet,Mumbai - Dadar,Delivered
101928,2026-01-11,C8833,Dadar Darbar,Healthy Food,717,20,4.9,Credit Card,Mumbai - Chembur,Cancelled
101929,2026-05-16,C9336,Vashi Veg Corner,Beverages,1106,49,3.0,UPI,Mumbai - Dadar,Delayed
101930,2025-06-14,C8311,Andheri Kitchen,Beverages,1134,67,3.7,Credit Card,Mumbai - Thane,Delivered
101931,2025-06-30,C7479,Bandra Bites,Desserts,369,27,3.4,UPI,Mumbai - Mulund,Delivered
101932,2025-02-04,C9826,Borivali Bistro,Beverages,440,46,4.8,Credit Card,Mumbai - Powai,Cancelled
101933,2025-04-23,C3664,Chembur Spice House,South Indian,1783,29,5.0,Debit Card,Mumbai - Thane,Delivered
101934,2025-10-01,C1608,Chembur Spice House,Desserts,325,75,4.3,UPI,Mumbai - Dadar,Delivered
101935,2025-10-20,C1001,Thane Treats,Desserts,108,39,3.4,Wallet,Mumbai - Dadar,Delivered
101936,2026-04-13,C1806,Kurla Kitchen,Desserts,1538,33,4.0,Debit Card,Mumbai - Malad,Delayed
101937,2025-04-30,C8652,Chembur Spice House,Desserts,184,72,4.7,Credit Card,Mumbai - Powai,Cancelled
101938,2026-05-03,C6521,Andheri Kitchen,Healthy Food,168,41,3.5,Credit Card,Mumbai - Kurla,Delayed
101939,2025-09-26,C9388,Andheri Kitchen,South Indian,426,15,2.5,Wallet,Mumbai - Kurla,Cancelled
101940,2025-02-19,C9928,Chembur Spice House,Desserts,644,40,2.6,Wallet,Mumbai - Dadar,Delivered
101941,2025-09-04,C2511,Andheri Kitchen,Desserts,1393,74,3.6,Credit Card,Mumbai - Vashi,Cancelled
101942,2026-05-04,C1405,Borivali Bistro,Desserts,492,20,3.2,Debit Card,Mumbai - Colaba,Delayed
101943,2025-06-05,C8720,Colaba Cafe,Burger,1411,58,3.1,Wallet,Mumbai - Kurla,Delivered
101944,2026-04-27,C7357,Marine Drive Meals,Biryani,779,76,2.8,UPI,Mumbai - Dadar,Cancelled
101945,2025-08-09,C4483,Colaba Cafe,Biryani,1314,36,3.4,UPI,Mumbai - Chembur,Cancelled
101946,2026-05-27,C4214,Chembur Spice House,Healthy Food,674,30,4.0,Cash,Mumbai - Colaba,Delivered
101947,2026-02-03,C9866,Powai Plates,South Indian,296,52,4.4,Wallet,Mumbai - Mulund,Delivered
101948,2025-03-31,C2523,Malad Food Hub,South Indian,1256,69,4.0,UPI,Mumbai - Mulund,Delivered
101949,2025-05-20,C1671,Vashi Veg Corner,Chinese,1352,56,3.6,Debit Card,Mumbai - Thane,Delivered
101950,2025-01-31,C9465,Colaba Cafe,South Indian,835,25,5.0,Debit Card,Mumbai - Malad,Cancelled
101951,2026-05-27,C8991,Colaba Cafe,North Indian,1388,25,3.2,Credit Card,Mumbai - Malad,Delayed
101952,2025-01-06,C6902,Colaba Cafe,North Indian,1608,64,2.8,Debit Card,Mumbai - Powai,Delivered
101953,2025-10-12,C9342,Thane Treats,Beverages,487,83,4.5,Credit Card,Mumbai - Thane,Cancelled
101954,2025-01-09,C5323,Powai Plates,Healthy Food,359,25,3.9,Cash,Mumbai - Borivali,Delivered
101955,2026-05-02,C5406,Ghatkopar Grill,North Indian,983,43,4.9,Credit Card,Mumbai - Chembur,Delivered
101956,2026-04-03,C8558,Ghatkopar Grill,South Indian,1670,51,3.6,Debit Card,Mumbai - Mulund,Delayed
101957,2025-11-12,C9625,Bandra Bites,Beverages,833,54,3.0,Credit Card,Mumbai - Thane,Delayed
101958,2025-01-07,C9780,Kurla Kitchen,Burger,1554,21,2.9,Debit Card,Mumbai - Dadar,Delayed
101959,2026-01-02,C9818,Ghatkopar Grill,Chinese,221,46,3.7,UPI,Mumbai - Colaba,Delivered
101960,2026-06-25,C4983,Borivali Bistro,Chinese,186,29,3.7,Debit Card,Mumbai - Colaba,Delivered
101961,2026-01-11,C9519,Marine Drive Meals,Biryani,931,52,3.4,Debit Card,Mumbai - Kurla,Delivered
101962,2026-01-19,C6521,Mumbai Tadka,Beverages,1317,20,3.5,UPI,Mumbai - Colaba,Delivered
101963,2026-06-17,C5574,Vashi Veg Corner,Beverages,205,40,4.8,Cash,Mumbai - Powai,Delayed
101964,2026-02-26,C1425,Dadar Darbar,Chinese,735,55,4.8,Credit Card,Mumbai - Thane,Delivered
101965,2025-08-28,C9572,Dadar Darbar,Biryani,1031,84,3.5,Wallet,Mumbai - Borivali,Delivered
101966,2026-01-02,C8804,Vashi Veg Corner,Burger,1717,48,3.0,UPI,Mumbai - Borivali,Delivered
101967,2026-05-23,C4372,Borivali Bistro,Burger,1018,80,3.6,Wallet,Mumbai - Dadar,Delayed
101968,2025-12-09,C9946,Powai Plates,South Indian,412,55,3.2,Cash,Mumbai - Colaba,Delivered
101969,2025-02-16,C2109,Colaba Cafe,North Indian,1615,25,3.3,Cash,Mumbai - Vashi,Delivered
101970,2025-05-19,C1718,Borivali Bistro,North Indian,577,64,3.3,Debit Card,Mumbai - Powai,Delayed
101971,2026-06-17,C9115,Mumbai Tadka,South Indian,204,39,2.7,UPI,Mumbai - Colaba,Cancelled
101972,2025-11-06,C1136,Borivali Bistro,Pizza,1673,33,4.7,Cash,Mumbai - Mulund,Delivered
101973,2025-09-09,C6034,Vashi Veg Corner,Burger,979,68,2.8,Credit Card,Mumbai - Mulund,Delivered
101974,2025-09-12,C5355,Ghatkopar Grill,North Indian,1109,58,3.3,Wallet,Mumbai - Vashi,Cancelled
101975,2025-09-23,C2415,Ghatkopar Grill,Healthy Food,1402,25,3.4,Debit Card,Mumbai - Ghatkopar,Delayed
101976,2026-05-30,C3201,Borivali Bistro,Chinese,531,59,3.3,Wallet,Mumbai - Thane,Delivered
101977,2026-06-18,C8735,Bandra Bites,Chinese,652,29,4.9,Cash,Mumbai - Mulund,Delivered
101978,2025-07-26,C7918,Powai Plates,Desserts,1761,40,4.9,Debit Card,Mumbai - Vashi,Delivered
101979,2025-02-04,C8686,Colaba Cafe,South Indian,979,42,4.6,Wallet,Mumbai - Thane,Delayed
101980,2026-03-27,C9417,Chembur Spice House,Healthy Food,638,73,4.3,Credit Card,Mumbai - Kurla,Delayed
101981,2025-10-10,C8089,Thane Treats,Pizza,543,28,3.5,UPI,Mumbai - Mulund,Delivered
101982,2025-11-07,C3524,Marine Drive Meals,Burger,1545,49,4.0,Debit Card,Mumbai - Borivali,Delivered
101983,2026-05-27,C6204,Malad Food Hub,Beverages,631,65,4.1,Credit Card,Mumbai - Dadar,Delivered
101984,2025-05-15,C9687,Colaba Cafe,Healthy Food,1346,84,4.1,Credit Card,Mumbai - Bandra,Delayed
101985,2026-06-07,C3617,Chembur Spice House,North Indian,1664,17,3.3,UPI,Mumbai - Andheri,Delivered
101986,2026-05-05,C7801,Chembur Spice House,North Indian,1731,24,4.5,UPI,Mumbai - Andheri,Delivered
101987,2025-02-19,C5313,Chembur Spice House,Healthy Food,191,49,4.6,UPI,Mumbai - Chembur,Cancelled
101988,2026-05-06,C8064,Colaba Cafe,Chinese,1465,71,2.6,UPI,Mumbai - Thane,Delayed
101989,2026-01-29,C3250,Mumbai Tadka,South Indian,1112,29,4.4,UPI,Mumbai - Mulund,Cancelled
101990,2026-05-10,C5817,Powai Plates,Desserts,691,50,4.1,Wallet,Mumbai - Dadar,Delivered
101991,2025-01-25,C4705,Chembur Spice House,Burger,1666,37,3.8,Wallet,Mumbai - Colaba,Cancelled
101992,2025-04-24,C3936,Mumbai Tadka,Burger,766,39,4.4,Wallet,Mumbai - Mulund,Delivered
101993,2025-11-25,C2777,Kurla Kitchen,Healthy Food,1032,49,4.3,UPI,Mumbai - Andheri,Delivered
101994,2025-04-13,C7220,Marine Drive Meals,Desserts,1014,29,3.7,Credit Card,Mumbai - Borivali,Delivered
101995,2026-05-27,C5003,Powai Plates,Desserts,1657,77,3.5,Wallet,Mumbai - Mulund,Delivered
101996,2025-07-17,C8375,Powai Plates,Chinese,1728,20,3.3,Wallet,Mumbai - Colaba,Delivered
101997,2025-02-06,C4599,Borivali Bistro,Burger,1438,74,3.9,Credit Card,Mumbai - Powai,Delayed
101998,2025-10-12,C3764,Borivali Bistro,Pizza,1485,73,3.9,Credit Card,Mumbai - Bandra,Delayed
101999,2026-03-12,C9029,Ghatkopar Grill,Biryani,1148,59,3.7,Debit Card,Mumbai - Mulund,Delayed
102000,2025-02-27,C4256,Vashi Veg Corner,South Indian,977,15,4.9,Wallet,Mumbai - Andheri,Cancelled
102001,2025-07-09,C6695,Powai Plates,North Indian,146,38,4.4,Wallet,Mumbai - Vashi,Delayed
102002,2025-06-08,C1449,Mumbai Tadka,Healthy Food,1397,26,4.0,Credit Card,Mumbai - Ghatkopar,Delayed
102003,2025-02-24,C4624,Mumbai Tadka,Healthy Food,1076,53,2.8,Wallet,Mumbai - Borivali,Delivered
102004,2025-03-21,C8593,Vashi Veg Corner,South Indian,1099,70,4.3,Credit Card,Mumbai - Dadar,Cancelled
102005,2025-01-11,C1616,Ghatkopar Grill,Burger,1198,60,4.2,Wallet,Mumbai - Chembur,Delivered
102006,2025-02-21,C1098,Andheri Kitchen,Chinese,1383,43,4.6,Credit Card,Mumbai - Borivali,Delivered
102007,2025-06-30,C9752,Powai Plates,Beverages,1220,51,3.0,UPI,Mumbai - Powai,Delivered
102008,2025-09-05,C9730,Malad Food Hub,Desserts,1107,83,4.3,Debit Card,Mumbai - Chembur,Delivered
102009,2026-03-19,C2987,Ghatkopar Grill,Biryani,1393,73,4.2,UPI,Mumbai - Dadar,Delivered
102010,2025-01-26,C6138,Colaba Cafe,Beverages,1069,76,4.2,Credit Card,Mumbai - Andheri,Delayed
102011,2025-09-05,C1851,Thane Treats,Biryani,1065,15,2.9,Wallet,Mumbai - Kurla,Delivered
102012,2026-06-17,C7667,Ghatkopar Grill,Chinese,1190,83,2.5,Credit Card,Mumbai - Andheri,Cancelled
102013,2025-12-24,C3676,Borivali Bistro,North Indian,753,50,3.3,Debit Card,Mumbai - Bandra,Cancelled
102014,2026-03-19,C9288,Dadar Darbar,South Indian,1290,32,4.5,Debit Card,Mumbai - Mulund,Cancelled
102015,2025-09-05,C7316,Marine Drive Meals,Biryani,1540,33,3.4,Debit Card,Mumbai - Dadar,Cancelled
102016,2025-02-18,C9902,Andheri Kitchen,Beverages,1752,78,3.2,UPI,Mumbai - Borivali,Delayed
102017,2025-06-27,C3222,Colaba Cafe,North Indian,1604,19,3.4,Debit Card,Mumbai - Colaba,Delivered
102018,2026-02-03,C8700,Ghatkopar Grill,Chinese,1391,73,3.4,Cash,Mumbai - Malad,Delivered
102019,2026-04-12,C3854,Vashi Veg Corner,Desserts,1373,59,3.0,UPI,Mumbai - Kurla,Delivered
102020,2025-11-04,C3737,Marine Drive Meals,Pizza,1630,82,3.0,Debit Card,Mumbai - Dadar,Delivered
102021,2026-05-19,C2405,Powai Plates,North Indian,1576,28,3.0,Wallet,Mumbai - Vashi,Delivered
102022,2025-04-12,C9765,Colaba Cafe,North Indian,1111,55,4.5,Debit Card,Mumbai - Powai,Delayed
102023,2025-05-01,C1914,Marine Drive Meals,North Indian,1114,51,4.9,Debit Card,Mumbai - Kurla,Delayed
102024,2025-01-19,C4561,Borivali Bistro,Biryani,1007,28,3.9,Debit Card,Mumbai - Chembur,Delivered
102025,2026-01-21,C2944,Chembur Spice House,Beverages,1027,24,2.8,Credit Card,Mumbai - Thane,Delivered
102026,2025-02-20,C1007,Mumbai Tadka,Pizza,1536,81,4.1,Credit Card,Mumbai - Thane,Cancelled
102027,2026-02-06,C1250,Kurla Kitchen,Beverages,240,30,3.9,Credit Card,Mumbai - Colaba,Delivered
102028,2026-01-04,C5833,Colaba Cafe,Burger,1343,63,4.0,Cash,Mumbai - Vashi,Delivered
102029,2026-02-23,C3175,Bandra Bites,North Indian,1025,63,4.2,Credit Card,Mumbai - Borivali,Delayed
102030,2025-01-15,C1430,Ghatkopar Grill,South Indian,1161,48,4.8,Credit Card,Mumbai - Kurla,Delivered
102031,2026-05-08,C4735,Vashi Veg Corner,North Indian,931,46,3.2,Credit Card,Mumbai - Ghatkopar,Delayed
102032,2025-07-26,C8780,Andheri Kitchen,Beverages,937,71,3.2,Credit Card,Mumbai - Andheri,Delivered
102033,2025-03-26,C6864,Marine Drive Meals,Desserts,137,77,2.6,Debit Card,Mumbai - Chembur,Delivered
102034,2026-04-02,C3164,Colaba Cafe,Beverages,1150,34,2.9,UPI,Mumbai - Malad,Delayed
102035,2025-01-24,C8571,Marine Drive Meals,North Indian,228,39,3.2,Debit Card,Mumbai - Chembur,Delivered
102036,2025-10-22,C8894,Powai Plates,Beverages,1101,30,3.6,Wallet,Mumbai - Ghatkopar,Cancelled
102037,2025-06-16,C7106,Andheri Kitchen,Healthy Food,1722,85,3.0,Wallet,Mumbai - Dadar,Cancelled
102038,2025-09-30,C6614,Andheri Kitchen,Desserts,875,72,2.7,Credit Card,Mumbai - Kurla,Delivered
102039,2025-12-02,C4445,Malad Food Hub,Healthy Food,534,34,4.7,Credit Card,Mumbai - Vashi,Delivered
102040,2025-06-15,C3201,Colaba Cafe,Desserts,1355,18,3.7,Wallet,Mumbai - Andheri,Delivered
102041,2026-01-10,C4117,Vashi Veg Corner,Burger,144,74,3.0,UPI,Mumbai - Ghatkopar,Delivered
102042,2025-05-16,C9607,Powai Plates,Biryani,1567,45,4.1,Wallet,Mumbai - Mulund,Delivered
102043,2025-01-08,C9890,Dadar Darbar,South Indian,1551,41,3.4,Cash,Mumbai - Bandra,Delayed
102044,2025-10-05,C1561,Bandra Bites,Chinese,1431,52,2.7,Debit Card,Mumbai - Powai,Delivered
102045,2025-10-17,C6796,Marine Drive Meals,South Indian,526,15,3.2,Credit Card,Mumbai - Borivali,Delivered
102046,2025-02-01,C6419,Chembur Spice House,Biryani,294,77,4.6,Debit Card,Mumbai - Chembur,Delivered
102047,2026-04-25,C3951,Kurla Kitchen,Chinese,1334,84,3.7,Debit Card,Mumbai - Ghatkopar,Delivered
102048,2025-09-05,C8108,Bandra Bites,Pizza,748,75,2.6,Cash,Mumbai - Malad,Delivered
102049,2026-04-12,C2509,Borivali Bistro,Desserts,462,78,3.1,UPI,Mumbai - Vashi,Delivered
102050,2025-02-07,C5476,Powai Plates,Beverages,1267,20,3.6,UPI,Mumbai - Thane,Cancelled
102051,2025-01-27,C7124,Malad Food Hub,Chinese,1770,77,3.0,Credit Card,Mumbai - Kurla,Delivered
102052,2025-06-17,C4870,Powai Plates,Pizza,450,30,3.8,Cash,Mumbai - Bandra,Delivered
102053,2025-07-22,C4119,Dadar Darbar,Burger,435,76,4.9,UPI,Mumbai - Malad,Delayed
102054,2025-03-12,C4132,Powai Plates,Desserts,224,80,3.0,Wallet,Mumbai - Powai,Delivered
102055,2025-05-02,C5858,Bandra Bites,Chinese,1107,42,4.9,UPI,Mumbai - Kurla,Delivered
102056,2025-12-07,C8742,Powai Plates,North Indian,1241,18,4.4,Debit Card,Mumbai - Colaba,Delivered
102057,2026-06-17,C5674,Bandra Bites,North Indian,839,57,3.8,Wallet,Mumbai - Borivali,Delivered
102058,2025-09-03,C5693,Bandra Bites,Biryani,691,77,4.0,Debit Card,Mumbai - Bandra,Delivered
102059,2026-02-10,C4035,Marine Drive Meals,Chinese,1173,79,2.8,Debit Card,Mumbai - Andheri,Delayed
102060,2026-02-15,C7840,Ghatkopar Grill,Chinese,631,79,3.6,Credit Card,Mumbai - Bandra,Delayed
102061,2025-07-18,C8387,Marine Drive Meals,South Indian,757,30,4.1,Credit Card,Mumbai - Vashi,Delivered
102062,2026-06-01,C5413,Powai Plates,Biryani,1630,20,4.9,Wallet,Mumbai - Bandra,Delayed
102063,2025-07-06,C2365,Malad Food Hub,Desserts,225,55,4.3,Debit Card,Mumbai - Dadar,Delayed
102064,2025-09-09,C5053,Kurla Kitchen,Healthy Food,777,74,4.2,UPI,Mumbai - Andheri,Delayed
102065,2025-09-13,C5093,Andheri Kitchen,Biryani,1658,36,4.8,UPI,Mumbai - Bandra,Cancelled
102066,2026-02-23,C1897,Bandra Bites,North Indian,1595,72,3.1,UPI,Mumbai - Mulund,Delayed
102067,2025-03-09,C5216,Andheri Kitchen,North Indian,1158,16,3.7,Debit Card,Mumbai - Ghatkopar,Delivered
102068,2025-09-07,C2491,Andheri Kitchen,Beverages,368,57,3.4,UPI,Mumbai - Colaba,Cancelled
102069,2025-04-29,C5618,Malad Food Hub,Pizza,605,80,2.6,Debit Card,Mumbai - Malad,Cancelled
102070,2025-11-30,C9267,Borivali Bistro,Pizza,1046,33,4.6,Credit Card,Mumbai - Mulund,Delivered
102071,2025-04-22,C2122,Thane Treats,South Indian,492,36,3.4,Credit Card,Mumbai - Borivali,Delayed
102072,2026-06-20,C4912,Chembur Spice House,Biryani,1593,27,3.3,Debit Card,Mumbai - Kurla,Delivered
102073,2025-04-07,C1474,Thane Treats,North Indian,1071,80,4.3,Credit Card,Mumbai - Andheri,Delivered
102074,2025-06-06,C9134,Kurla Kitchen,North Indian,1574,78,3.9,Cash,Mumbai - Colaba,Delivered
102075,2025-03-08,C5727,Bandra Bites,Biryani,1599,20,4.1,Wallet,Mumbai - Thane,Cancelled
102076,2026-02-24,C4837,Ghatkopar Grill,Desserts,906,53,4.2,UPI,Mumbai - Chembur,Cancelled
102077,2025-10-15,C5903,Chembur Spice House,Chinese,540,73,3.9,Debit Card,Mumbai - Ghatkopar,Delivered
102078,2025-12-27,C9992,Vashi Veg Corner,Biryani,408,78,3.7,Debit Card,Mumbai - Mulund,Delayed
102079,2026-01-15,C4111,Ghatkopar Grill,Beverages,1705,22,3.4,Wallet,Mumbai - Kurla,Delivered
102080,2025-04-18,C1726,Chembur Spice House,Desserts,129,43,2.6,UPI,Mumbai - Kurla,Delivered
102081,2026-05-17,C6032,Kurla Kitchen,Healthy Food,1771,68,2.9,Cash,Mumbai - Mulund,Delivered
102082,2025-04-27,C8624,Malad Food Hub,Burger,368,54,2.6,UPI,Mumbai - Dadar,Cancelled
102083,2025-12-31,C7826,Colaba Cafe,South Indian,596,79,4.1,UPI,Mumbai - Bandra,Delivered
102084,2026-04-24,C2947,Dadar Darbar,Chinese,454,26,3.8,UPI,Mumbai - Colaba,Delivered
102085,2026-05-05,C5649,Marine Drive Meals,Burger,1039,52,3.9,Cash,Mumbai - Andheri,Cancelled
102086,2025-06-25,C6324,Vashi Veg Corner,North Indian,614,22,4.2,Debit Card,Mumbai - Andheri,Delivered
102087,2025-03-10,C3277,Borivali Bistro,Healthy Food,245,55,3.6,Cash,Mumbai - Vashi,Delivered
102088,2025-07-05,C4104,Kurla Kitchen,North Indian,1272,56,4.0,UPI,Mumbai - Chembur,Delayed
102089,2025-01-06,C2512,Malad Food Hub,South Indian,237,29,4.0,Wallet,Mumbai - Powai,Delivered
102090,2025-01-18,C5900,Malad Food Hub,Beverages,1512,29,2.6,Cash,Mumbai - Malad,Delivered
102091,2026-01-20,C7273,Malad Food Hub,Chinese,1077,29,4.5,Credit Card,Mumbai - Ghatkopar,Delivered
102092,2026-06-04,C2555,Kurla Kitchen,Burger,1068,81,3.6,Credit Card,Mumbai - Vashi,Cancelled
102093,2026-05-17,C3112,Mumbai Tadka,Burger,1180,52,4.2,Wallet,Mumbai - Bandra,Cancelled
102094,2025-03-18,C3686,Ghatkopar Grill,Burger,1211,49,2.8,Cash,Mumbai - Mulund,Delivered
102095,2026-06-19,C3386,Chembur Spice House,Burger,1069,48,3.2,UPI,Mumbai - Ghatkopar,Delivered
102096,2025-11-21,C3098,Thane Treats,Burger,254,39,3.3,Cash,Mumbai - Ghatkopar,Cancelled
102097,2026-04-18,C8933,Chembur Spice House,Healthy Food,176,71,4.6,Credit Card,Mumbai - Dadar,Delivered
102098,2026-06-18,C8792,Marine Drive Meals,North Indian,402,69,3.8,Credit Card,Mumbai - Bandra,Delivered
102099,2025-06-25,C4173,Marine Drive Meals,Pizza,391,58,4.7,Debit Card,Mumbai - Chembur,Delivered
102100,2026-04-23,C3768,Marine Drive Meals,Healthy Food,1404,26,2.6,Cash,Mumbai - Andheri,Delivered
102101,2025-08-30,C1697,Ghatkopar Grill,Beverages,1783,34,4.5,Cash,Mumbai - Chembur,Delivered
102102,2025-02-28,C5285,Chembur Spice House,Desserts,850,45,4.7,Wallet,Mumbai - Powai,Delivered
102103,2026-03-06,C7445,Dadar Darbar,Beverages,438,74,3.3,Credit Card,Mumbai - Kurla,Delivered
102104,2025-05-28,C1744,Powai Plates,North Indian,1405,17,2.6,Credit Card,Mumbai - Mulund,Delivered
102105,2025-03-19,C7268,Mumbai Tadka,North Indian,1317,59,2.8,Debit Card,Mumbai - Powai,Delayed
102106,2025-04-29,C1242,Mumbai Tadka,Healthy Food,1159,42,4.9,Credit Card,Mumbai - Colaba,Cancelled
102107,2025-02-04,C9253,Bandra Bites,Burger,393,81,2.5,UPI,Mumbai - Chembur,Delivered
102108,2025-09-01,C9787,Bandra Bites,Healthy Food,975,68,2.5,Debit Card,Mumbai - Borivali,Delivered
102109,2026-03-24,C8710,Thane Treats,Biryani,1043,52,3.3,Debit Card,Mumbai - Colaba,Delivered
102110,2025-06-15,C4330,Marine Drive Meals,Chinese,789,57,5.0,UPI,Mumbai - Andheri,Delivered
102111,2025-06-21,C9880,Bandra Bites,Beverages,631,17,4.2,Cash,Mumbai - Kurla,Delivered
102112,2026-01-01,C7848,Bandra Bites,South Indian,1289,30,2.7,Wallet,Mumbai - Ghatkopar,Cancelled
102113,2026-03-16,C4468,Bandra Bites,Chinese,862,45,3.7,Cash,Mumbai - Thane,Cancelled
102114,2025-01-19,C8350,Thane Treats,Pizza,1665,57,4.8,UPI,Mumbai - Vashi,Cancelled
102115,2025-08-08,C2598,Kurla Kitchen,South Indian,968,85,2.5,Credit Card,Mumbai - Kurla,Delivered
102116,2026-05-26,C9526,Kurla Kitchen,Desserts,480,70,4.9,Credit Card,Mumbai - Mulund,Delivered
102117,2025-12-11,C8994,Mumbai Tadka,Healthy Food,418,56,4.5,Credit Card,Mumbai - Ghatkopar,Cancelled
102118,2025-10-06,C6834,Chembur Spice House,South Indian,926,77,2.6,Wallet,Mumbai - Mulund,Delayed
102119,2025-10-16,C3204,Powai Plates,Desserts,1737,37,3.0,Credit Card,Mumbai - Chembur,Delivered
102120,2025-07-08,C5760,Powai Plates,Desserts,1249,56,2.6,UPI,Mumbai - Mulund,Cancelled
102121,2026-05-13,C4421,Borivali Bistro,North Indian,433,56,3.8,Wallet,Mumbai - Dadar,Delayed
102122,2025-04-14,C6957,Marine Drive Meals,Pizza,1279,74,3.1,Wallet,Mumbai - Thane,Delivered
102123,2025-11-19,C3016,Dadar Darbar,Biryani,1226,36,3.6,UPI,Mumbai - Chembur,Cancelled
102124,2026-06-24,C2492,Ghatkopar Grill,Biryani,166,44,4.7,Credit Card,Mumbai - Powai,Delivered
102125,2026-02-20,C7112,Borivali Bistro,North Indian,1511,83,4.8,Debit Card,Mumbai - Powai,Delivered
102126,2025-01-12,C2897,Marine Drive Meals,Healthy Food,209,67,4.7,Credit Card,Mumbai - Powai,Delivered
102127,2025-07-27,C8888,Borivali Bistro,Beverages,488,19,4.3,Cash,Mumbai - Mulund,Delivered
102128,2026-01-03,C6185,Ghatkopar Grill,South Indian,311,66,2.6,Debit Card,Mumbai - Dadar,Delivered
102129,2025-04-13,C5164,Powai Plates,Pizza,172,21,3.9,Debit Card,Mumbai - Malad,Delivered
102130,2025-02-06,C1082,Borivali Bistro,Healthy Food,1139,61,3.2,Debit Card,Mumbai - Kurla,Delayed
102131,2026-04-13,C2995,Mumbai Tadka,Chinese,1682,29,2.8,UPI,Mumbai - Malad,Delivered
102132,2025-07-08,C5618,Powai Plates,Healthy Food,1702,60,2.8,Credit Card,Mumbai - Borivali,Delivered
102133,2025-10-07,C8557,Thane Treats,Burger,797,44,4.0,Debit Card,Mumbai - Chembur,Delivered
102134,2026-03-01,C2756,Marine Drive Meals,Burger,1440,70,3.7,Wallet,Mumbai - Kurla,Cancelled
102135,2026-02-10,C7396,Colaba Cafe,Healthy Food,1095,25,3.2,Debit Card,Mumbai - Dadar,Delivered
102136,2026-01-22,C7203,Kurla Kitchen,Healthy Food,170,18,3.1,Debit Card,Mumbai - Kurla,Cancelled
102137,2025-07-26,C8465,Andheri Kitchen,Pizza,775,46,4.5,Debit Card,Mumbai - Chembur,Delivered
102138,2026-03-31,C3785,Bandra Bites,Beverages,222,23,3.1,Cash,Mumbai - Borivali,Delivered
102139,2025-12-18,C1215,Borivali Bistro,South Indian,700,40,4.2,Cash,Mumbai - Ghatkopar,Cancelled
102140,2025-11-03,C9590,Kurla Kitchen,Burger,382,29,4.3,Cash,Mumbai - Vashi,Delivered
102141,2025-01-14,C7667,Malad Food Hub,Desserts,1196,74,3.3,Wallet,Mumbai - Andheri,Delayed
102142,2025-09-11,C8778,Colaba Cafe,Pizza,131,31,3.5,Credit Card,Mumbai - Thane,Delayed
102143,2025-09-25,C1484,Malad Food Hub,Pizza,144,60,4.1,Cash,Mumbai - Chembur,Delivered
102144,2026-05-12,C1748,Ghatkopar Grill,Desserts,471,82,4.1,Debit Card,Mumbai - Colaba,Delivered
102145,2025-02-08,C7349,Chembur Spice House,North Indian,431,82,4.7,Credit Card,Mumbai - Colaba,Delivered
102146,2025-09-05,C9903,Malad Food Hub,Burger,1400,54,2.9,Wallet,Mumbai - Mulund,Cancelled
102147,2025-04-17,C9436,Thane Treats,Burger,1691,35,3.9,Cash,Mumbai - Vashi,Delayed
102148,2026-05-06,C6342,Chembur Spice House,Desserts,1164,72,4.1,Cash,Mumbai - Chembur,Cancelled
102149,2025-02-10,C1321,Bandra Bites,South Indian,1298,46,4.1,UPI,Mumbai - Thane,Delayed
102150,2025-11-08,C7511,Malad Food Hub,Biryani,972,33,3.3,UPI,Mumbai - Dadar,Delivered
102151,2025-11-06,C8854,Chembur Spice House,Healthy Food,1075,71,3.2,UPI,Mumbai - Borivali,Cancelled
102152,2025-09-12,C9015,Powai Plates,Beverages,932,16,4.7,UPI,Mumbai - Malad,Cancelled
102153,2025-04-16,C4123,Borivali Bistro,Burger,633,38,3.0,Wallet,Mumbai - Vashi,Cancelled
102154,2026-04-30,C7680,Ghatkopar Grill,Desserts,457,16,4.9,UPI,Mumbai - Bandra,Cancelled
102155,2025-12-23,C9963,Colaba Cafe,Desserts,573,64,4.2,UPI,Mumbai - Borivali,Cancelled
102156,2025-05-30,C4904,Andheri Kitchen,Healthy Food,321,84,3.5,Cash,Mumbai - Chembur,Cancelled
102157,2025-06-01,C3857,Ghatkopar Grill,Pizza,699,51,2.6,Debit Card,Mumbai - Powai,Delivered
102158,2025-11-08,C6395,Andheri Kitchen,Burger,838,77,3.2,Debit Card,Mumbai - Borivali,Cancelled
102159,2026-02-28,C8289,Borivali Bistro,Biryani,1705,68,4.8,Credit Card,Mumbai - Kurla,Delivered
102160,2025-05-26,C8731,Mumbai Tadka,Desserts,1362,40,4.9,UPI,Mumbai - Kurla,Delivered
102161,2026-02-25,C6101,Vashi Veg Corner,South Indian,943,32,4.3,Wallet,Mumbai - Kurla,Cancelled
102162,2025-09-04,C1646,Thane Treats,North Indian,448,21,3.4,Credit Card,Mumbai - Malad,Cancelled
102163,2026-05-28,C5391,Borivali Bistro,Chinese,346,69,4.4,UPI,Mumbai - Mulund,Delivered
102164,2025-06-29,C9506,Vashi Veg Corner,North Indian,182,28,4.9,Debit Card,Mumbai - Dadar,Delivered
102165,2025-01-10,C5543,Vashi Veg Corner,Burger,1273,58,3.6,UPI,Mumbai - Mulund,Delayed
102166,2026-04-25,C1276,Bandra Bites,Biryani,1726,78,3.4,Debit Card,Mumbai - Colaba,Delayed
102167,2025-09-24,C4785,Powai Plates,Beverages,1557,19,3.3,Credit Card,Mumbai - Bandra,Delayed
102168,2026-02-17,C5818,Vashi Veg Corner,Desserts,219,23,3.7,Credit Card,Mumbai - Ghatkopar,Delivered
102169,2025-06-24,C6755,Ghatkopar Grill,Biryani,471,42,3.9,Debit Card,Mumbai - Thane,Delivered
102170,2025-04-14,C4039,Mumbai Tadka,Chinese,394,30,3.2,Debit Card,Mumbai - Andheri,Delivered
102171,2025-02-08,C4591,Kurla Kitchen,Beverages,403,31,3.1,Debit Card,Mumbai - Borivali,Delivered
102172,2025-02-24,C1901,Ghatkopar Grill,Healthy Food,1574,49,3.4,Wallet,Mumbai - Mulund,Delivered
102173,2026-02-12,C7354,Vashi Veg Corner,North Indian,122,48,4.8,Wallet,Mumbai - Dadar,Delivered
102174,2026-03-23,C7909,Chembur Spice House,Pizza,268,16,3.3,Cash,Mumbai - Kurla,Delayed
102175,2025-06-26,C6637,Vashi Veg Corner,Healthy Food,727,56,3.9,Debit Card,Mumbai - Vashi,Delivered
102176,2025-04-25,C3514,Powai Plates,Chinese,528,67,4.9,Cash,Mumbai - Bandra,Cancelled
102177,2026-03-08,C7718,Powai Plates,Biryani,136,25,3.0,UPI,Mumbai - Bandra,Delivered
102178,2026-06-15,C6007,Malad Food Hub,Healthy Food,610,57,3.4,Debit Card,Mumbai - Mulund,Delivered
102179,2025-03-18,C8586,Ghatkopar Grill,South Indian,894,52,4.7,Cash,Mumbai - Colaba,Delivered
102180,2025-01-13,C8110,Dadar Darbar,Biryani,385,40,3.5,Debit Card,Mumbai - Thane,Cancelled
102181,2026-01-17,C3260,Borivali Bistro,Biryani,1172,66,4.6,Debit Card,Mumbai - Chembur,Delivered
102182,2025-12-26,C2485,Chembur Spice House,North Indian,1170,56,3.9,Debit Card,Mumbai - Andheri,Cancelled
102183,2025-02-08,C1561,Dadar Darbar,Desserts,414,51,4.3,Credit Card,Mumbai - Chembur,Delayed
102184,2025-12-11,C1815,Bandra Bites,Biryani,1476,52,4.6,Wallet,Mumbai - Ghatkopar,Delivered
102185,2025-05-21,C2595,Mumbai Tadka,Biryani,1342,71,3.1,Wallet,Mumbai - Mulund,Cancelled
102186,2025-11-22,C3820,Marine Drive Meals,Biryani,1077,22,2.8,UPI,Mumbai - Andheri,Delivered
102187,2025-06-16,C9587,Malad Food Hub,Biryani,124,16,4.9,Cash,Mumbai - Thane,Delayed
102188,2025-06-12,C8441,Ghatkopar Grill,Beverages,1002,16,4.0,Cash,Mumbai - Powai,Cancelled
102189,2025-09-21,C8105,Ghatkopar Grill,Pizza,1408,55,4.9,Cash,Mumbai - Powai,Cancelled
102190,2026-01-05,C1678,Malad Food Hub,Burger,1157,61,3.8,Cash,Mumbai - Mulund,Delayed
102191,2025-04-14,C5458,Thane Treats,Burger,399,81,3.7,Credit Card,Mumbai - Colaba,Cancelled
102192,2026-01-09,C7281,Thane Treats,Beverages,538,82,4.6,Credit Card,Mumbai - Thane,Delayed
102193,2026-06-14,C5798,Chembur Spice House,Chinese,979,51,2.5,Wallet,Mumbai - Bandra,Delivered
102194,2025-04-25,C5818,Thane Treats,Desserts,742,51,3.2,Credit Card,Mumbai - Malad,Delivered
102195,2026-02-11,C4191,Vashi Veg Corner,Biryani,1627,40,3.9,Wallet,Mumbai - Malad,Delivered
102196,2026-04-05,C3848,Colaba Cafe,Chinese,1535,71,3.2,Cash,Mumbai - Thane,Delayed
102197,2025-11-18,C1559,Chembur Spice House,Beverages,567,27,2.5,Credit Card,Mumbai - Dadar,Cancelled
102198,2025-06-18,C6558,Thane Treats,North Indian,1631,66,3.4,UPI,Mumbai - Mulund,Delivered
102199,2025-04-11,C3627,Bandra Bites,Chinese,1288,84,4.0,Wallet,Mumbai - Mulund,Delivered
102200,2026-02-23,C8073,Kurla Kitchen,Chinese,1789,30,4.2,UPI,Mumbai - Borivali,Delayed
102201,2026-01-08,C6777,Kurla Kitchen,Beverages,358,61,4.2,UPI,Mumbai - Bandra,Delayed
102202,2025-02-09,C5649,Thane Treats,North Indian,572,22,3.1,Cash,Mumbai - Malad,Delivered
102203,2026-05-15,C9359,Andheri Kitchen,Beverages,1150,48,3.8,Wallet,Mumbai - Mulund,Delivered
102204,2025-03-19,C3990,Vashi Veg Corner,Desserts,1071,76,4.6,Debit Card,Mumbai - Kurla,Delivered
102205,2025-12-21,C2357,Malad Food Hub,Healthy Food,757,63,4.5,UPI,Mumbai - Dadar,Delayed
102206,2025-09-22,C2072,Dadar Darbar,Biryani,1678,27,3.8,Cash,Mumbai - Mulund,Delayed
102207,2025-08-06,C6470,Malad Food Hub,Desserts,707,35,2.7,Cash,Mumbai - Malad,Delivered
102208,2025-06-11,C4049,Chembur Spice House,Beverages,1777,55,4.0,Credit Card,Mumbai - Borivali,Cancelled
102209,2026-05-26,C7936,Kurla Kitchen,Burger,437,47,4.0,UPI,Mumbai - Andheri,Delayed
102210,2026-05-29,C7966,Colaba Cafe,Beverages,861,22,3.7,Cash,Mumbai - Powai,Delayed
102211,2026-03-05,C6098,Malad Food Hub,Beverages,293,83,2.9,Credit Card,Mumbai - Malad,Delayed
102212,2025-06-24,C3680,Andheri Kitchen,Pizza,288,26,3.0,UPI,Mumbai - Malad,Delayed
102213,2026-01-23,C1761,Borivali Bistro,South Indian,293,21,4.1,UPI,Mumbai - Malad,Delivered
102214,2025-11-22,C4048,Ghatkopar Grill,Biryani,305,57,3.9,Credit Card,Mumbai - Mulund,Cancelled
102215,2025-02-04,C3737,Andheri Kitchen,Healthy Food,738,81,4.2,Credit Card,Mumbai - Colaba,Cancelled
102216,2025-08-10,C5005,Thane Treats,Burger,324,50,2.6,Credit Card,Mumbai - Ghatkopar,Delayed
102217,2025-05-19,C1961,Marine Drive Meals,Biryani,402,66,3.9,Cash,Mumbai - Borivali,Cancelled
102218,2025-08-25,C3880,Colaba Cafe,Chinese,267,67,4.8,Wallet,Mumbai - Malad,Delivered
102219,2025-01-23,C1053,Ghatkopar Grill,South Indian,788,49,4.3,Wallet,Mumbai - Kurla,Delivered
102220,2025-07-11,C5409,Kurla Kitchen,Chinese,1504,48,3.1,Debit Card,Mumbai - Mulund,Delivered
102221,2025-05-09,C6879,Dadar Darbar,Biryani,208,23,3.1,Cash,Mumbai - Ghatkopar,Delivered
102222,2025-06-17,C3710,Kurla Kitchen,Chinese,903,46,3.9,UPI,Mumbai - Malad,Delayed
102223,2025-07-12,C8749,Kurla Kitchen,Chinese,179,49,2.9,Cash,Mumbai - Bandra,Cancelled
102224,2025-03-02,C4051,Mumbai Tadka,Chinese,780,43,2.9,Debit Card,Mumbai - Borivali,Delivered
102225,2026-06-12,C5864,Powai Plates,Burger,1447,22,4.5,Debit Card,Mumbai - Bandra,Cancelled
102226,2026-01-18,C5240,Borivali Bistro,Biryani,1002,35,3.4,Credit Card,Mumbai - Colaba,Delivered
102227,2026-03-09,C8329,Vashi Veg Corner,Desserts,715,49,4.2,UPI,Mumbai - Thane,Cancelled
102228,2026-05-12,C6084,Malad Food Hub,Biryani,1385,72,4.8,UPI,Mumbai - Kurla,Delivered
102229,2025-04-27,C9229,Thane Treats,Pizza,347,54,2.7,Debit Card,Mumbai - Powai,Cancelled
102230,2025-08-04,C3277,Kurla Kitchen,South Indian,1453,23,2.7,Cash,Mumbai - Vashi,Delayed
102231,2025-08-15,C2606,Andheri Kitchen,Beverages,1041,28,3.9,Wallet,Mumbai - Malad,Cancelled
102232,2025-11-14,C3471,Colaba Cafe,Healthy Food,210,17,4.4,Wallet,Mumbai - Andheri,Cancelled
102233,2025-02-19,C1173,Borivali Bistro,South Indian,133,31,4.6,Wallet,Mumbai - Powai,Cancelled
102234,2025-09-17,C1562,Vashi Veg Corner,Desserts,511,85,3.3,Cash,Mumbai - Mulund,Delivered
102235,2025-09-19,C7164,Thane Treats,Biryani,1212,17,3.0,Debit Card,Mumbai - Dadar,Delayed
102236,2025-07-16,C3994,Mumbai Tadka,Burger,220,79,3.1,Cash,Mumbai - Colaba,Delivered
102237,2025-01-26,C3451,Marine Drive Meals,Chinese,1667,69,2.6,UPI,Mumbai - Colaba,Delivered
102238,2025-11-22,C4518,Marine Drive Meals,Desserts,819,26,4.8,Wallet,Mumbai - Andheri,Delayed
102239,2025-11-21,C5778,Borivali Bistro,South Indian,869,73,3.4,Credit Card,Mumbai - Chembur,Cancelled
102240,2025-09-09,C7901,Borivali Bistro,Burger,588,35,4.2,Wallet,Mumbai - Ghatkopar,Delayed
102241,2026-02-03,C1835,Mumbai Tadka,North Indian,1106,27,4.9,Credit Card,Mumbai - Mulund,Delivered
102242,2026-03-29,C7359,Andheri Kitchen,South Indian,1545,58,4.4,Credit Card,Mumbai - Borivali,Delayed
102243,2025-06-24,C6173,Andheri Kitchen,Chinese,1191,30,3.5,Cash,Mumbai - Vashi,Delivered
102244,2025-04-16,C1618,Borivali Bistro,Desserts,1405,60,3.7,Cash,Mumbai - Borivali,Delivered
102245,2025-05-26,C5995,Kurla Kitchen,Pizza,1255,81,4.1,UPI,Mumbai - Dadar,Delayed
102246,2026-04-27,C5124,Andheri Kitchen,Burger,889,81,4.3,Credit Card,Mumbai - Vashi,Delivered
102247,2025-09-19,C4141,Bandra Bites,Desserts,799,70,4.8,UPI,Mumbai - Chembur,Delivered
102248,2025-02-10,C7302,Mumbai Tadka,Biryani,337,75,3.6,Wallet,Mumbai - Vashi,Cancelled
102249,2025-05-30,C3080,Marine Drive Meals,Chinese,435,48,4.4,Wallet,Mumbai - Powai,Delivered
102250,2026-06-15,C2870,Bandra Bites,Healthy Food,1510,32,3.1,UPI,Mumbai - Dadar,Delivered
102251,2025-05-05,C7909,Bandra Bites,Biryani,1442,74,3.4,Credit Card,Mumbai - Powai,Delivered
102252,2026-03-17,C9023,Bandra Bites,Beverages,706,38,3.5,Wallet,Mumbai - Borivali,Delivered
102253,2025-02-14,C3468,Powai Plates,Chinese,1485,65,4.8,Credit Card,Mumbai - Bandra,Delivered
102254,2025-08-14,C1217,Marine Drive Meals,Beverages,722,60,3.3,Credit Card,Mumbai - Thane,Delivered
102255,2025-03-05,C9663,Bandra Bites,Pizza,195,17,3.6,UPI,Mumbai - Powai,Delayed
102256,2025-09-04,C2416,Andheri Kitchen,Pizza,913,81,2.8,UPI,Mumbai - Chembur,Cancelled
102257,2026-01-21,C2213,Mumbai Tadka,Desserts,472,16,3.3,Credit Card,Mumbai - Malad,Delivered
102258,2025-09-18,C7638,Ghatkopar Grill,Burger,1091,22,4.4,Wallet,Mumbai - Powai,Delivered
102259,2026-02-22,C1823,Andheri Kitchen,Healthy Food,1090,70,4.3,Debit Card,Mumbai - Chembur,Delivered
102260,2025-03-04,C2479,Powai Plates,Beverages,1663,32,3.4,UPI,Mumbai - Dadar,Delayed
102261,2025-12-01,C2129,Chembur Spice House,North Indian,683,42,4.7,Credit Card,Mumbai - Borivali,Delivered
102262,2025-10-08,C5595,Colaba Cafe,Burger,182,70,4.8,UPI,Mumbai - Powai,Delivered
102263,2026-01-29,C6020,Mumbai Tadka,North Indian,1320,83,2.7,Debit Card,Mumbai - Colaba,Delivered
102264,2026-01-05,C3247,Malad Food Hub,Pizza,822,16,4.1,Credit Card,Mumbai - Borivali,Delayed
102265,2025-09-04,C1369,Ghatkopar Grill,Burger,1141,19,4.9,Debit Card,Mumbai - Vashi,Delivered
102266,2026-02-27,C2469,Kurla Kitchen,Chinese,1255,65,3.9,UPI,Mumbai - Dadar,Delivered
102267,2025-05-13,C5974,Ghatkopar Grill,Biryani,552,66,2.9,Debit Card,Mumbai - Malad,Delivered
102268,2026-02-11,C4522,Colaba Cafe,Desserts,193,75,3.4,Credit Card,Mumbai - Thane,Delivered
102269,2025-03-14,C6993,Dadar Darbar,Biryani,1385,23,4.8,Debit Card,Mumbai - Chembur,Cancelled
102270,2026-05-31,C8999,Mumbai Tadka,Beverages,808,51,4.3,Wallet,Mumbai - Chembur,Delayed
102271,2025-01-25,C9252,Marine Drive Meals,Healthy Food,1353,64,4.0,UPI,Mumbai - Colaba,Delayed
102272,2025-01-05,C4355,Vashi Veg Corner,North Indian,558,68,3.9,Debit Card,Mumbai - Dadar,Delivered
102273,2026-02-11,C9852,Powai Plates,Healthy Food,1136,67,2.7,Debit Card,Mumbai - Powai,Delivered
102274,2025-07-18,C7422,Vashi Veg Corner,Healthy Food,678,28,4.8,Debit Card,Mumbai - Colaba,Cancelled
102275,2025-07-24,C4872,Dadar Darbar,Burger,1442,63,3.3,Credit Card,Mumbai - Powai,Cancelled
102276,2026-06-23,C7883,Ghatkopar Grill,Chinese,1252,50,4.1,UPI,Mumbai - Chembur,Delivered
102277,2025-01-17,C8815,Marine Drive Meals,Biryani,1033,72,2.8,UPI,Mumbai - Andheri,Delivered
102278,2025-05-11,C2884,Dadar Darbar,Beverages,282,37,4.5,Debit Card,Mumbai - Mulund,Delivered
102279,2025-05-28,C3065,Chembur Spice House,Desserts,1354,22,4.4,UPI,Mumbai - Andheri,Cancelled
102280,2026-03-28,C3832,Colaba Cafe,Beverages,1034,67,4.4,UPI,Mumbai - Vashi,Delivered
102281,2025-12-28,C5593,Marine Drive Meals,Healthy Food,1496,50,3.4,Wallet,Mumbai - Borivali,Delayed
102282,2025-02-26,C4321,Bandra Bites,Burger,1257,75,3.8,Cash,Mumbai - Vashi,Cancelled
102283,2025-04-14,C2893,Andheri Kitchen,South Indian,254,17,2.8,Credit Card,Mumbai - Malad,Delivered
102284,2026-02-18,C5391,Chembur Spice House,Healthy Food,1755,63,3.2,Credit Card,Mumbai - Thane,Delivered
102285,2026-04-22,C7786,Vashi Veg Corner,Pizza,260,61,3.8,Wallet,Mumbai - Dadar,Delivered
102286,2025-01-11,C9468,Dadar Darbar,Biryani,808,56,4.2,UPI,Mumbai - Vashi,Delivered
102287,2025-05-14,C4166,Andheri Kitchen,Beverages,567,56,4.3,UPI,Mumbai - Chembur,Cancelled
102288,2025-07-16,C7719,Borivali Bistro,North Indian,1735,74,3.8,Debit Card,Mumbai - Chembur,Cancelled
102289,2026-05-15,C3654,Marine Drive Meals,South Indian,1405,85,3.2,UPI,Mumbai - Colaba,Delayed
102290,2025-03-20,C4097,Mumbai Tadka,Burger,1254,18,2.8,Cash,Mumbai - Colaba,Delivered
102291,2025-02-13,C8715,Kurla Kitchen,Desserts,676,70,3.7,Cash,Mumbai - Ghatkopar,Delivered
102292,2026-01-20,C7175,Powai Plates,North Indian,818,15,2.7,Credit Card,Mumbai - Vashi,Delivered
102293,2026-02-24,C1814,Bandra Bites,Burger,1740,65,4.1,Credit Card,Mumbai - Bandra,Delivered
102294,2025-05-08,C9298,Ghatkopar Grill,Burger,474,64,3.7,Debit Card,Mumbai - Bandra,Cancelled
102295,2025-02-21,C8675,Marine Drive Meals,Healthy Food,433,45,4.7,UPI,Mumbai - Dadar,Delivered
102296,2026-04-09,C3154,Ghatkopar Grill,Biryani,1223,50,2.9,Wallet,Mumbai - Kurla,Delayed
102297,2026-04-01,C5574,Mumbai Tadka,Pizza,544,77,3.1,Debit Card,Mumbai - Chembur,Cancelled
102298,2025-05-03,C7499,Powai Plates,Biryani,1219,82,4.9,Credit Card,Mumbai - Dadar,Delivered
102299,2025-05-10,C5141,Thane Treats,Pizza,1112,78,4.3,Cash,Mumbai - Andheri,Delivered
102300,2025-11-19,C9397,Thane Treats,Burger,1359,32,2.8,Wallet,Mumbai - Malad,Cancelled
102301,2025-09-27,C9325,Powai Plates,Biryani,1385,74,2.7,UPI,Mumbai - Borivali,Cancelled
102302,2025-11-18,C8096,Mumbai Tadka,Healthy Food,292,31,2.8,Credit Card,Mumbai - Mulund,Delayed
102303,2025-02-19,C4089,Thane Treats,Desserts,641,52,4.4,UPI,Mumbai - Kurla,Delivered
102304,2026-06-02,C4148,Andheri Kitchen,Beverages,993,22,4.3,Credit Card,Mumbai - Andheri,Cancelled
102305,2026-02-28,C5129,Ghatkopar Grill,Beverages,628,17,3.9,Wallet,Mumbai - Malad,Delivered
102306,2026-05-25,C6325,Thane Treats,Chinese,281,35,3.2,Wallet,Mumbai - Mulund,Delivered
102307,2025-02-18,C3492,Vashi Veg Corner,Burger,1260,70,4.4,Credit Card,Mumbai - Borivali,Delayed
102308,2025-03-30,C9258,Ghatkopar Grill,Biryani,801,85,3.5,Cash,Mumbai - Chembur,Delivered
102309,2026-05-15,C2989,Kurla Kitchen,Burger,553,57,3.8,Debit Card,Mumbai - Powai,Delivered
102310,2026-04-27,C1777,Mumbai Tadka,Beverages,231,28,3.7,Debit Card,Mumbai - Ghatkopar,Delivered
102311,2025-01-19,C8049,Andheri Kitchen,North Indian,873,40,2.6,Debit Card,Mumbai - Bandra,Cancelled
102312,2026-03-05,C4969,Bandra Bites,North Indian,1476,27,3.5,Debit Card,Mumbai - Borivali,Cancelled
102313,2025-01-08,C7108,Andheri Kitchen,Biryani,1433,60,4.4,Credit Card,Mumbai - Andheri,Delivered
102314,2025-05-19,C7029,Bandra Bites,Biryani,1210,49,4.9,UPI,Mumbai - Ghatkopar,Delivered
102315,2025-12-02,C5949,Kurla Kitchen,Chinese,1510,28,4.4,Wallet,Mumbai - Andheri,Delivered
102316,2025-02-05,C2092,Kurla Kitchen,Burger,797,20,3.0,Wallet,Mumbai - Mulund,Cancelled
102317,2026-01-16,C3570,Thane Treats,South Indian,1598,39,2.6,UPI,Mumbai - Thane,Delivered
102318,2025-09-03,C1143,Ghatkopar Grill,Beverages,1596,68,3.4,UPI,Mumbai - Colaba,Delivered
102319,2026-04-27,C2192,Chembur Spice House,Beverages,457,73,3.6,Debit Card,Mumbai - Mulund,Delivered
102320,2026-04-14,C4128,Marine Drive Meals,Chinese,132,77,4.9,Credit Card,Mumbai - Thane,Delayed
102321,2025-01-17,C4932,Thane Treats,Chinese,755,51,3.2,Wallet,Mumbai - Powai,Delivered
102322,2026-05-11,C9810,Bandra Bites,North Indian,597,74,2.7,Credit Card,Mumbai - Vashi,Delivered
102323,2025-07-23,C3354,Malad Food Hub,Healthy Food,1172,52,2.5,Cash,Mumbai - Colaba,Delivered
102324,2025-03-14,C7684,Ghatkopar Grill,Chinese,117,76,3.7,Credit Card,Mumbai - Thane,Delayed
102325,2026-03-05,C6904,Dadar Darbar,South Indian,1463,40,2.6,UPI,Mumbai - Bandra,Delivered
102326,2025-03-19,C2865,Vashi Veg Corner,Desserts,498,50,4.8,Debit Card,Mumbai - Dadar,Delivered
102327,2025-08-18,C5097,Thane Treats,Beverages,624,65,3.6,Debit Card,Mumbai - Dadar,Delivered
102328,2025-07-26,C2027,Kurla Kitchen,Desserts,1618,41,4.5,Wallet,Mumbai - Mulund,Delivered
102329,2025-01-17,C7996,Powai Plates,Chinese,221,57,2.5,Cash,Mumbai - Colaba,Delivered
102330,2025-10-12,C1227,Colaba Cafe,North Indian,1589,76,2.6,Cash,Mumbai - Borivali,Delayed
102331,2025-03-26,C3808,Bandra Bites,Chinese,805,40,3.6,UPI,Mumbai - Kurla,Cancelled
102332,2025-03-10,C9610,Powai Plates,Pizza,950,39,4.2,UPI,Mumbai - Dadar,Cancelled
102333,2025-10-22,C7276,Borivali Bistro,Pizza,386,45,4.5,Cash,Mumbai - Kurla,Delivered
102334,2025-09-05,C2925,Chembur Spice House,Burger,1583,18,4.3,Wallet,Mumbai - Kurla,Delayed
102335,2025-12-13,C2607,Mumbai Tadka,Burger,1311,25,4.0,UPI,Mumbai - Colaba,Delayed
102336,2026-03-10,C3573,Kurla Kitchen,Burger,662,81,3.2,UPI,Mumbai - Ghatkopar,Delivered
102337,2025-02-18,C8949,Bandra Bites,Biryani,1283,53,3.1,Cash,Mumbai - Vashi,Delivered
102338,2025-12-23,C8317,Andheri Kitchen,Pizza,937,49,2.5,UPI,Mumbai - Kurla,Delayed
102339,2025-05-07,C6369,Borivali Bistro,Burger,1471,39,4.0,Debit Card,Mumbai - Chembur,Delivered
102340,2026-05-03,C5809,Dadar Darbar,Burger,398,66,3.2,UPI,Mumbai - Andheri,Delivered
102341,2025-08-27,C2376,Mumbai Tadka,Burger,1715,25,3.8,Credit Card,Mumbai - Ghatkopar,Delayed
102342,2025-09-20,C4852,Malad Food Hub,Chinese,1218,76,4.9,UPI,Mumbai - Colaba,Delivered
102343,2025-09-06,C6275,Dadar Darbar,Healthy Food,307,64,4.3,Wallet,Mumbai - Powai,Cancelled
102344,2026-03-25,C9320,Thane Treats,Beverages,1585,49,3.2,Debit Card,Mumbai - Thane,Cancelled
102345,2025-03-09,C9170,Bandra Bites,Biryani,1682,42,3.5,UPI,Mumbai - Mulund,Delivered
102346,2025-09-24,C8159,Chembur Spice House,Desserts,1794,41,3.7,Wallet,Mumbai - Malad,Delivered
102347,2025-11-28,C9423,Mumbai Tadka,Beverages,340,32,3.0,UPI,Mumbai - Bandra,Delivered
102348,2026-05-03,C5700,Andheri Kitchen,North Indian,1309,62,3.5,Cash,Mumbai - Thane,Delayed
102349,2025-12-27,C4452,Vashi Veg Corner,Burger,133,79,4.6,Debit Card,Mumbai - Mulund,Delivered
102350,2025-01-11,C8433,Thane Treats,Desserts,770,63,3.0,Debit Card,Mumbai - Ghatkopar,Delayed
102351,2026-02-09,C6778,Malad Food Hub,Burger,1252,78,3.1,Credit Card,Mumbai - Thane,Cancelled
102352,2026-01-10,C5164,Kurla Kitchen,South Indian,1262,46,4.6,Wallet,Mumbai - Dadar,Delivered
102353,2025-07-06,C3193,Vashi Veg Corner,Biryani,1295,85,4.2,Debit Card,Mumbai - Colaba,Cancelled
102354,2026-04-05,C1458,Colaba Cafe,Biryani,896,36,2.8,Wallet,Mumbai - Vashi,Delivered
102355,2025-10-24,C1132,Powai Plates,Chinese,1674,59,3.0,Debit Card,Mumbai - Powai,Delivered
102356,2025-02-16,C1776,Andheri Kitchen,South Indian,1468,24,3.1,Debit Card,Mumbai - Dadar,Delivered
102357,2025-05-20,C7665,Andheri Kitchen,South Indian,1061,42,4.6,Credit Card,Mumbai - Andheri,Delivered
102358,2025-07-09,C5980,Ghatkopar Grill,Beverages,1799,81,3.4,Cash,Mumbai - Colaba,Delivered
102359,2025-06-26,C6372,Bandra Bites,Desserts,887,44,4.5,Credit Card,Mumbai - Powai,Delivered
102360,2026-01-23,C1950,Andheri Kitchen,Burger,1105,76,2.9,Cash,Mumbai - Dadar,Delivered
102361,2025-01-17,C7244,Malad Food Hub,Healthy Food,751,64,3.4,Wallet,Mumbai - Malad,Delivered
102362,2026-01-22,C4936,Dadar Darbar,Healthy Food,1310,41,3.2,Debit Card,Mumbai - Thane,Cancelled
102363,2025-07-07,C1716,Bandra Bites,Burger,297,45,4.4,UPI,Mumbai - Powai,Delivered
102364,2025-12-27,C1466,Ghatkopar Grill,South Indian,376,62,3.7,Wallet,Mumbai - Dadar,Delivered
102365,2025-05-07,C6030,Colaba Cafe,South Indian,1585,78,4.0,UPI,Mumbai - Thane,Delivered
102366,2026-04-03,C6457,Ghatkopar Grill,Chinese,1386,30,4.9,Cash,Mumbai - Vashi,Delivered
102367,2025-02-04,C3103,Dadar Darbar,North Indian,157,41,4.5,Credit Card,Mumbai - Andheri,Delayed
102368,2026-04-15,C3936,Malad Food Hub,Beverages,231,25,4.7,Debit Card,Mumbai - Colaba,Delayed
102369,2025-05-13,C1556,Dadar Darbar,Desserts,169,72,3.3,Credit Card,Mumbai - Colaba,Cancelled
102370,2025-01-26,C5200,Ghatkopar Grill,Healthy Food,1146,51,3.5,Debit Card,Mumbai - Vashi,Delivered
102371,2025-04-08,C8922,Mumbai Tadka,Burger,872,23,4.5,UPI,Mumbai - Andheri,Cancelled
102372,2025-03-06,C7835,Thane Treats,Healthy Food,146,22,3.2,Debit Card,Mumbai - Ghatkopar,Delivered
102373,2025-07-08,C6573,Dadar Darbar,Pizza,389,56,3.9,UPI,Mumbai - Chembur,Delayed
102374,2025-01-12,C8755,Vashi Veg Corner,Chinese,291,55,3.9,Cash,Mumbai - Kurla,Delayed
102375,2025-02-18,C3174,Kurla Kitchen,Chinese,1582,21,4.8,Wallet,Mumbai - Mulund,Delivered
102376,2025-03-29,C4759,Ghatkopar Grill,Healthy Food,478,28,4.3,Wallet,Mumbai - Bandra,Delayed
102377,2025-05-28,C6432,Andheri Kitchen,Chinese,399,33,4.4,Credit Card,Mumbai - Kurla,Delayed
102378,2026-06-24,C8995,Ghatkopar Grill,Beverages,112,75,4.7,Cash,Mumbai - Malad,Delivered
102379,2025-08-21,C5190,Borivali Bistro,Pizza,1208,49,4.2,Wallet,Mumbai - Mulund,Delivered
102380,2025-11-18,C1825,Bandra Bites,Burger,967,31,3.2,Wallet,Mumbai - Malad,Cancelled
102381,2025-09-08,C7703,Malad Food Hub,Burger,1060,82,3.8,UPI,Mumbai - Vashi,Delivered
102382,2025-07-22,C2393,Ghatkopar Grill,Beverages,1067,71,2.7,Cash,Mumbai - Powai,Delivered
102383,2025-01-21,C5463,Borivali Bistro,Burger,1410,17,5.0,Credit Card,Mumbai - Ghatkopar,Delivered
102384,2025-02-08,C8442,Mumbai Tadka,South Indian,743,71,3.2,Debit Card,Mumbai - Dadar,Cancelled
102385,2026-04-21,C7410,Marine Drive Meals,South Indian,575,35,3.9,UPI,Mumbai - Chembur,Cancelled
102386,2025-01-28,C8567,Marine Drive Meals,Healthy Food,1344,37,3.1,Debit Card,Mumbai - Kurla,Delivered
102387,2025-08-22,C2749,Malad Food Hub,South Indian,1220,23,3.4,Debit Card,Mumbai - Borivali,Delayed
102388,2025-04-24,C1966,Andheri Kitchen,Chinese,1249,50,4.1,Debit Card,Mumbai - Powai,Delayed
102389,2025-03-18,C7568,Dadar Darbar,Chinese,1230,35,4.6,Cash,Mumbai - Colaba,Delivered
102390,2025-08-11,C4101,Mumbai Tadka,Burger,1300,49,4.0,Cash,Mumbai - Dadar,Delivered
102391,2026-01-28,C6601,Chembur Spice House,Desserts,662,56,2.6,UPI,Mumbai - Powai,Delivered
102392,2025-01-29,C4141,Bandra Bites,Desserts,1606,51,3.0,Credit Card,Mumbai - Bandra,Delivered
102393,2025-10-07,C2606,Powai Plates,South Indian,526,59,4.1,Wallet,Mumbai - Kurla,Cancelled
102394,2026-05-15,C4086,Malad Food Hub,Beverages,101,40,3.9,Debit Card,Mumbai - Powai,Delivered
102395,2025-12-20,C9750,Colaba Cafe,Desserts,1157,57,4.5,Debit Card,Mumbai - Chembur,Delayed
102396,2025-01-29,C4355,Dadar Darbar,Pizza,1569,78,2.9,Debit Card,Mumbai - Colaba,Delivered
102397,2025-08-27,C8112,Kurla Kitchen,North Indian,1436,67,4.5,Cash,Mumbai - Andheri,Delayed
102398,2025-12-18,C1234,Bandra Bites,South Indian,493,77,3.1,Credit Card,Mumbai - Borivali,Delivered
102399,2025-11-24,C2862,Mumbai Tadka,South Indian,633,67,2.8,Debit Card,Mumbai - Malad,Delivered
102400,2026-02-09,C6900,Vashi Veg Corner,Pizza,771,76,2.6,Credit Card,Mumbai - Vashi,Cancelled
102401,2025-11-14,C5565,Dadar Darbar,Beverages,799,72,3.6,Cash,Mumbai - Colaba,Delivered
102402,2025-01-10,C9545,Ghatkopar Grill,Beverages,1410,45,3.5,UPI,Mumbai - Ghatkopar,Cancelled
102403,2026-02-15,C7189,Malad Food Hub,Pizza,971,25,2.9,Wallet,Mumbai - Vashi,Cancelled
102404,2025-04-04,C6320,Kurla Kitchen,Desserts,1123,60,4.8,Debit Card,Mumbai - Kurla,Delayed
102405,2025-07-07,C9028,Colaba Cafe,Healthy Food,733,17,3.6,Cash,Mumbai - Dadar,Delivered
102406,2025-03-15,C9910,Thane Treats,Chinese,1606,50,3.4,Credit Card,Mumbai - Chembur,Cancelled
102407,2026-05-05,C7017,Bandra Bites,Chinese,1213,41,4.2,Credit Card,Mumbai - Dadar,Delivered
102408,2026-04-23,C7304,Kurla Kitchen,Biryani,1238,66,2.9,Credit Card,Mumbai - Bandra,Delayed
102409,2025-06-02,C2358,Mumbai Tadka,Beverages,1046,20,4.5,Debit Card,Mumbai - Borivali,Cancelled
102410,2025-09-12,C8323,Colaba Cafe,Biryani,1127,80,2.6,Debit Card,Mumbai - Powai,Delivered
102411,2025-04-21,C8168,Colaba Cafe,North Indian,1035,73,3.0,Debit Card,Mumbai - Ghatkopar,Delayed
102412,2026-05-26,C5835,Thane Treats,Desserts,1701,23,3.0,Cash,Mumbai - Malad,Delivered
102413,2026-04-18,C1118,Kurla Kitchen,North Indian,1010,18,4.2,UPI,Mumbai - Dadar,Delivered
102414,2025-06-07,C1290,Dadar Darbar,Pizza,483,27,4.6,Cash,Mumbai - Borivali,Delivered
102415,2026-04-20,C6096,Colaba Cafe,Burger,1074,16,3.2,Wallet,Mumbai - Mulund,Delivered
102416,2025-03-29,C7459,Mumbai Tadka,Pizza,1617,25,4.1,UPI,Mumbai - Borivali,Delayed
102417,2025-12-19,C1942,Malad Food Hub,Healthy Food,1109,31,4.1,Debit Card,Mumbai - Bandra,Delayed
102418,2025-10-03,C2672,Marine Drive Meals,Healthy Food,320,81,4.3,UPI,Mumbai - Borivali,Cancelled
102419,2025-02-28,C3360,Thane Treats,Burger,206,20,3.6,UPI,Mumbai - Malad,Delivered
102420,2025-08-13,C5497,Dadar Darbar,North Indian,585,23,4.7,Wallet,Mumbai - Dadar,Delayed
102421,2025-04-07,C7530,Mumbai Tadka,Biryani,1375,53,3.2,Wallet,Mumbai - Kurla,Delivered
102422,2025-02-21,C2035,Bandra Bites,Desserts,1528,77,3.8,Debit Card,Mumbai - Colaba,Cancelled
102423,2026-03-01,C8547,Thane Treats,Chinese,636,70,2.7,Wallet,Mumbai - Chembur,Delivered
102424,2026-02-18,C9392,Thane Treats,South Indian,486,44,3.5,Debit Card,Mumbai - Borivali,Delivered
102425,2026-06-12,C6601,Thane Treats,South Indian,1473,29,3.2,Debit Card,Mumbai - Kurla,Cancelled
102426,2026-05-08,C3944,Powai Plates,Biryani,570,33,4.7,Cash,Mumbai - Borivali,Delivered
102427,2026-05-14,C7289,Bandra Bites,Chinese,1660,18,3.8,Cash,Mumbai - Bandra,Cancelled
102428,2025-06-23,C7795,Bandra Bites,Beverages,160,47,4.6,Credit Card,Mumbai - Malad,Delivered
102429,2026-02-17,C4854,Colaba Cafe,Biryani,1319,41,2.9,Wallet,Mumbai - Malad,Delivered
102430,2025-11-04,C8003,Kurla Kitchen,Beverages,676,41,3.2,Credit Card,Mumbai - Borivali,Delivered
102431,2025-07-06,C2656,Andheri Kitchen,Desserts,133,66,3.8,UPI,Mumbai - Dadar,Delivered
102432,2026-02-20,C8793,Dadar Darbar,Healthy Food,681,28,3.8,UPI,Mumbai - Borivali,Delivered
102433,2025-07-31,C5836,Chembur Spice House,Desserts,1192,36,3.5,Debit Card,Mumbai - Powai,Delayed
102434,2025-12-20,C7490,Malad Food Hub,Beverages,1775,62,2.5,Credit Card,Mumbai - Dadar,Delivered
102435,2026-01-29,C2770,Colaba Cafe,Chinese,239,85,4.4,Cash,Mumbai - Kurla,Delivered
102436,2026-05-31,C9484,Chembur Spice House,Chinese,1317,60,3.9,Debit Card,Mumbai - Malad,Delivered
102437,2026-01-31,C1326,Colaba Cafe,South Indian,1379,62,5.0,Wallet,Mumbai - Borivali,Cancelled
102438,2025-06-22,C4076,Malad Food Hub,Biryani,629,42,2.9,Debit Card,Mumbai - Andheri,Delivered
102439,2025-09-11,C3127,Mumbai Tadka,Chinese,506,19,4.4,Wallet,Mumbai - Dadar,Delayed
102440,2025-08-01,C9655,Ghatkopar Grill,Pizza,204,79,2.9,Cash,Mumbai - Dadar,Delivered
102441,2025-02-18,C5385,Borivali Bistro,Healthy Food,1415,73,3.5,Debit Card,Mumbai - Colaba,Cancelled
102442,2025-07-04,C7681,Vashi Veg Corner,Burger,1670,75,3.7,Debit Card,Mumbai - Andheri,Cancelled
102443,2026-05-14,C2541,Kurla Kitchen,Biryani,1514,77,3.9,Wallet,Mumbai - Ghatkopar,Delayed
102444,2025-12-03,C5247,Kurla Kitchen,Biryani,597,71,2.7,Wallet,Mumbai - Malad,Delivered
102445,2026-02-14,C6708,Marine Drive Meals,Beverages,233,71,2.8,UPI,Mumbai - Malad,Delivered
102446,2026-04-05,C6008,Mumbai Tadka,Desserts,680,38,3.1,UPI,Mumbai - Bandra,Cancelled
102447,2026-05-02,C8264,Vashi Veg Corner,Pizza,262,33,5.0,UPI,Mumbai - Borivali,Delivered
102448,2025-05-08,C3318,Malad Food Hub,Pizza,1038,60,2.8,Cash,Mumbai - Powai,Delivered
102449,2025-02-17,C2539,Marine Drive Meals,South Indian,1470,53,4.3,Wallet,Mumbai - Borivali,Delivered
102450,2026-04-22,C5406,Vashi Veg Corner,Desserts,1086,50,3.4,Wallet,Mumbai - Borivali,Delivered
102451,2026-02-15,C2554,Kurla Kitchen,Pizza,446,74,4.5,Wallet,Mumbai - Andheri,Cancelled
102452,2026-06-14,C6520,Colaba Cafe,Burger,1572,59,4.7,Credit Card,Mumbai - Bandra,Delivered
102453,2025-05-12,C5639,Andheri Kitchen,Chinese,1540,32,3.5,Wallet,Mumbai - Borivali,Delivered
102454,2025-05-25,C7411,Vashi Veg Corner,Chinese,1684,27,4.5,UPI,Mumbai - Andheri,Delivered
102455,2026-01-15,C2222,Borivali Bistro,North Indian,1216,81,3.7,Wallet,Mumbai - Bandra,Delivered
102456,2025-02-17,C8788,Mumbai Tadka,North Indian,1030,56,3.8,UPI,Mumbai - Kurla,Delivered
102457,2026-06-13,C6291,Bandra Bites,Pizza,1107,39,4.9,Credit Card,Mumbai - Kurla,Delivered
102458,2026-04-09,C2631,Vashi Veg Corner,Burger,600,84,2.6,UPI,Mumbai - Ghatkopar,Delivered
102459,2025-07-11,C1381,Ghatkopar Grill,Pizza,219,48,4.8,Cash,Mumbai - Colaba,Cancelled
102460,2025-07-25,C4157,Powai Plates,Biryani,1674,68,3.1,Wallet,Mumbai - Thane,Delivered
102461,2026-01-11,C1969,Dadar Darbar,Desserts,1336,47,3.9,Cash,Mumbai - Malad,Delayed
102462,2026-01-15,C7285,Ghatkopar Grill,North Indian,168,66,3.7,Credit Card,Mumbai - Malad,Delivered
102463,2026-03-18,C6797,Dadar Darbar,Burger,1041,61,4.5,Debit Card,Mumbai - Bandra,Delivered
102464,2025-06-20,C9672,Borivali Bistro,North Indian,1166,85,4.9,UPI,Mumbai - Powai,Delivered
102465,2025-03-12,C7642,Kurla Kitchen,South Indian,598,67,3.8,Cash,Mumbai - Chembur,Cancelled
102466,2025-11-05,C5964,Chembur Spice House,Pizza,618,32,5.0,Credit Card,Mumbai - Ghatkopar,Cancelled
102467,2026-06-10,C5317,Kurla Kitchen,South Indian,111,81,4.8,Debit Card,Mumbai - Kurla,Delivered
102468,2025-10-08,C4843,Mumbai Tadka,South Indian,482,48,4.7,Credit Card,Mumbai - Powai,Cancelled
102469,2025-02-04,C5144,Malad Food Hub,Healthy Food,1748,55,3.1,Credit Card,Mumbai - Kurla,Delivered
102470,2026-03-31,C5557,Borivali Bistro,Desserts,130,41,4.8,Credit Card,Mumbai - Malad,Delayed
102471,2025-11-29,C2349,Colaba Cafe,Desserts,582,47,3.9,Cash,Mumbai - Thane,Delivered
102472,2025-05-24,C4491,Colaba Cafe,Healthy Food,1642,35,4.8,Credit Card,Mumbai - Mulund,Delayed
102473,2026-02-13,C4562,Marine Drive Meals,Desserts,1279,82,4.1,UPI,Mumbai - Vashi,Delivered
102474,2025-08-27,C3007,Kurla Kitchen,Chinese,616,77,4.2,Cash,Mumbai - Andheri,Delivered
102475,2025-07-19,C6556,Colaba Cafe,Biryani,1472,74,2.8,UPI,Mumbai - Ghatkopar,Cancelled
102476,2025-04-16,C8396,Dadar Darbar,North Indian,371,83,3.6,Debit Card,Mumbai - Bandra,Delivered
102477,2026-06-25,C8069,Mumbai Tadka,South Indian,361,73,4.6,Wallet,Mumbai - Powai,Delivered
102478,2026-01-21,C5571,Thane Treats,Healthy Food,1091,80,3.7,Debit Card,Mumbai - Mulund,Delivered
102479,2026-06-09,C1600,Andheri Kitchen,Burger,165,69,3.3,Credit Card,Mumbai - Ghatkopar,Delivered
102480,2025-01-15,C9596,Borivali Bistro,Pizza,1462,84,2.6,Wallet,Mumbai - Thane,Delivered
102481,2025-11-06,C2471,Ghatkopar Grill,Healthy Food,1786,26,3.4,Wallet,Mumbai - Chembur,Delivered
102482,2025-04-30,C2760,Dadar Darbar,South Indian,978,44,5.0,Cash,Mumbai - Thane,Delayed
102483,2026-02-28,C6207,Andheri Kitchen,North Indian,1179,42,3.0,Debit Card,Mumbai - Thane,Cancelled
102484,2025-10-23,C4762,Vashi Veg Corner,Chinese,270,28,3.1,Debit Card,Mumbai - Borivali,Delivered
102485,2025-02-25,C5144,Thane Treats,Desserts,658,68,2.9,Wallet,Mumbai - Powai,Delivered
102486,2026-03-17,C2472,Dadar Darbar,Beverages,1439,63,3.2,Credit Card,Mumbai - Bandra,Delivered
102487,2025-04-20,C5538,Dadar Darbar,Healthy Food,1186,71,3.4,Credit Card,Mumbai - Kurla,Cancelled
102488,2025-01-08,C3513,Malad Food Hub,North Indian,535,51,3.3,Cash,Mumbai - Dadar,Delivered
102489,2025-02-27,C3037,Mumbai Tadka,Pizza,863,59,4.1,Cash,Mumbai - Vashi,Delivered
102490,2025-03-25,C5054,Malad Food Hub,Chinese,1139,46,4.7,UPI,Mumbai - Chembur,Delivered
102491,2026-05-24,C3005,Dadar Darbar,Burger,1445,48,4.4,Cash,Mumbai - Malad,Delivered
102492,2025-10-24,C6217,Borivali Bistro,Chinese,1296,54,4.7,Cash,Mumbai - Dadar,Delivered
102493,2025-10-10,C2439,Mumbai Tadka,Biryani,917,85,2.8,Credit Card,Mumbai - Borivali,Delivered
102494,2026-01-10,C9274,Kurla Kitchen,North Indian,1436,75,4.8,Cash,Mumbai - Bandra,Delivered
102495,2025-08-24,C1755,Vashi Veg Corner,Chinese,747,71,4.9,Cash,Mumbai - Ghatkopar,Delivered
102496,2025-05-16,C3566,Marine Drive Meals,Pizza,986,15,4.4,Credit Card,Mumbai - Borivali,Delivered
102497,2025-12-07,C7494,Marine Drive Meals,Burger,1291,53,4.3,UPI,Mumbai - Bandra,Delivered
102498,2025-01-13,C5782,Marine Drive Meals,Chinese,1156,21,3.3,Credit Card,Mumbai - Borivali,Cancelled
102499,2025-01-12,C1228,Borivali Bistro,Biryani,1236,35,2.8,Debit Card,Mumbai - Ghatkopar,Delayed
102500,2025-10-17,C4823,Andheri Kitchen,Desserts,576,55,4.5,Credit Card,Mumbai - Andheri,Delivered
102501,2025-03-10,C8374,Ghatkopar Grill,Burger,1343,65,4.2,Cash,Mumbai - Borivali,Cancelled
102502,2025-05-28,C2867,Chembur Spice House,South Indian,256,23,4.6,Credit Card,Mumbai - Andheri,Delayed
102503,2025-11-11,C6167,Andheri Kitchen,Desserts,737,68,4.4,Cash,Mumbai - Kurla,Delayed
102504,2026-03-23,C7909,Mumbai Tadka,Healthy Food,333,33,3.7,Credit Card,Mumbai - Mulund,Delivered
102505,2025-06-14,C3611,Borivali Bistro,Pizza,1083,55,3.9,Credit Card,Mumbai - Borivali,Cancelled
102506,2026-03-02,C1352,Chembur Spice House,Pizza,1353,20,4.6,Debit Card,Mumbai - Andheri,Delivered
102507,2026-05-13,C9927,Vashi Veg Corner,Desserts,764,60,2.6,UPI,Mumbai - Bandra,Delayed
102508,2026-06-14,C5828,Vashi Veg Corner,Healthy Food,511,60,4.6,Credit Card,Mumbai - Borivali,Delayed
102509,2026-01-28,C2764,Andheri Kitchen,Burger,379,84,2.5,UPI,Mumbai - Borivali,Delivered
102510,2025-10-25,C4197,Bandra Bites,Pizza,854,56,4.5,Cash,Mumbai - Borivali,Cancelled
102511,2026-03-22,C3267,Colaba Cafe,Desserts,658,83,4.0,Debit Card,Mumbai - Vashi,Delivered
102512,2025-06-25,C6866,Ghatkopar Grill,Beverages,1652,22,3.1,Credit Card,Mumbai - Chembur,Delivered
102513,2025-08-26,C1941,Bandra Bites,Healthy Food,1333,22,3.9,UPI,Mumbai - Dadar,Delivered
102514,2026-02-18,C2921,Vashi Veg Corner,Desserts,1771,67,3.9,Credit Card,Mumbai - Borivali,Delivered
102515,2026-03-26,C7258,Bandra Bites,North Indian,1782,47,2.8,Credit Card,Mumbai - Vashi,Delayed
102516,2025-05-23,C9525,Vashi Veg Corner,Biryani,1202,75,3.3,Cash,Mumbai - Chembur,Cancelled
102517,2025-07-08,C1639,Ghatkopar Grill,Burger,400,64,3.3,Wallet,Mumbai - Ghatkopar,Delivered
102518,2025-12-29,C9238,Andheri Kitchen,Burger,276,15,3.0,Debit Card,Mumbai - Kurla,Cancelled
102519,2026-04-15,C4743,Chembur Spice House,Desserts,701,45,4.9,UPI,Mumbai - Chembur,Delivered
102520,2025-07-20,C9426,Powai Plates,Pizza,637,18,4.7,Cash,Mumbai - Andheri,Delayed
102521,2026-05-13,C7528,Powai Plates,Chinese,1412,29,4.5,Debit Card,Mumbai - Powai,Delayed
102522,2025-06-11,C8662,Colaba Cafe,Beverages,1317,83,3.5,Debit Card,Mumbai - Powai,Delivered
102523,2026-01-31,C9331,Kurla Kitchen,Biryani,1661,63,4.7,Debit Card,Mumbai - Mulund,Delayed
102524,2026-01-14,C2394,Borivali Bistro,Chinese,936,26,3.3,Wallet,Mumbai - Vashi,Delayed
102525,2025-01-25,C5957,Mumbai Tadka,Chinese,1763,81,3.1,UPI,Mumbai - Bandra,Delivered
102526,2026-04-30,C3507,Malad Food Hub,Desserts,538,60,2.6,Wallet,Mumbai - Malad,Delivered
102527,2025-07-31,C4517,Vashi Veg Corner,Burger,1035,45,4.9,Wallet,Mumbai - Andheri,Cancelled
102528,2026-02-24,C3533,Malad Food Hub,Healthy Food,696,26,3.3,Debit Card,Mumbai - Colaba,Delivered
102529,2025-07-04,C7112,Powai Plates,Pizza,493,49,3.2,UPI,Mumbai - Colaba,Delivered
102530,2025-03-30,C5190,Mumbai Tadka,Healthy Food,909,59,4.0,Wallet,Mumbai - Mulund,Delivered
102531,2025-09-18,C1967,Bandra Bites,North Indian,693,17,3.5,Debit Card,Mumbai - Chembur,Delayed
102532,2025-12-06,C9025,Borivali Bistro,North Indian,735,82,2.9,UPI,Mumbai - Powai,Delivered
102533,2026-04-16,C8727,Marine Drive Meals,Beverages,654,20,2.8,UPI,Mumbai - Borivali,Delayed
102534,2025-04-07,C7586,Marine Drive Meals,North Indian,699,54,3.1,Debit Card,Mumbai - Colaba,Cancelled
102535,2026-05-11,C9304,Mumbai Tadka,South Indian,1400,64,3.8,UPI,Mumbai - Kurla,Delivered
102536,2026-04-17,C2980,Borivali Bistro,Pizza,1266,22,2.5,Cash,Mumbai - Powai,Cancelled
102537,2026-01-05,C8056,Bandra Bites,North Indian,1436,22,4.0,Wallet,Mumbai - Bandra,Delivered
102538,2025-04-24,C8811,Borivali Bistro,North Indian,714,54,2.8,Credit Card,Mumbai - Malad,Cancelled
102539,2025-03-27,C5018,Thane Treats,Pizza,1197,63,2.5,Cash,Mumbai - Vashi,Delivered
102540,2025-04-01,C4217,Dadar Darbar,Chinese,716,84,3.7,UPI,Mumbai - Borivali,Cancelled
102541,2026-03-03,C9445,Colaba Cafe,Chinese,534,26,2.8,Credit Card,Mumbai - Dadar,Delivered
102542,2025-10-27,C3596,Mumbai Tadka,Chinese,1793,81,4.6,UPI,Mumbai - Ghatkopar,Delivered
102543,2026-06-07,C8274,Vashi Veg Corner,Pizza,555,81,2.8,Wallet,Mumbai - Ghatkopar,Delivered
102544,2025-09-14,C5366,Borivali Bistro,Desserts,1274,25,2.8,UPI,Mumbai - Thane,Delayed
102545,2025-11-22,C2454,Colaba Cafe,Chinese,1353,40,3.0,Cash,Mumbai - Chembur,Cancelled
102546,2025-07-31,C6919,Bandra Bites,Beverages,363,35,4.5,Wallet,Mumbai - Chembur,Cancelled
102547,2026-05-12,C4620,Marine Drive Meals,Beverages,325,27,3.0,Cash,Mumbai - Thane,Delayed
102548,2025-11-01,C2096,Thane Treats,Beverages,1048,28,2.8,Debit Card,Mumbai - Borivali,Cancelled
102549,2025-01-21,C9919,Andheri Kitchen,Beverages,277,56,3.3,Wallet,Mumbai - Thane,Delayed
102550,2025-12-09,C9670,Andheri Kitchen,Biryani,1048,47,4.4,Wallet,Mumbai - Thane,Delivered
102551,2025-12-05,C3222,Vashi Veg Corner,Pizza,772,67,4.9,Wallet,Mumbai - Chembur,Delivered
102552,2025-03-12,C7501,Mumbai Tadka,Desserts,1020,63,4.2,Wallet,Mumbai - Ghatkopar,Delayed
102553,2025-04-15,C8857,Mumbai Tadka,Biryani,800,34,3.5,Credit Card,Mumbai - Vashi,Delivered
102554,2025-05-25,C9110,Ghatkopar Grill,Biryani,1080,85,4.2,Debit Card,Mumbai - Mulund,Cancelled
102555,2025-02-09,C3341,Colaba Cafe,Beverages,1525,41,2.7,UPI,Mumbai - Ghatkopar,Delivered
102556,2025-01-04,C7586,Thane Treats,North Indian,1011,34,4.1,Cash,Mumbai - Bandra,Delivered
102557,2025-03-24,C1063,Bandra Bites,Beverages,1718,30,4.5,UPI,Mumbai - Kurla,Cancelled
102558,2025-02-12,C7680,Dadar Darbar,Beverages,202,23,3.7,Wallet,Mumbai - Kurla,Delivered
102559,2025-03-02,C1858,Malad Food Hub,Healthy Food,1669,83,2.7,Debit Card,Mumbai - Kurla,Delivered
102560,2025-12-30,C9732,Ghatkopar Grill,North Indian,1353,44,2.9,Debit Card,Mumbai - Borivali,Delayed
102561,2025-01-31,C1908,Chembur Spice House,Biryani,1510,33,4.8,UPI,Mumbai - Malad,Cancelled
102562,2025-07-02,C2237,Dadar Darbar,South Indian,208,50,4.5,Debit Card,Mumbai - Bandra,Delivered
102563,2026-05-28,C8063,Powai Plates,Beverages,1194,17,3.0,Credit Card,Mumbai - Malad,Delayed
102564,2026-02-01,C7885,Mumbai Tadka,North Indian,958,42,3.5,Debit Card,Mumbai - Dadar,Delivered
102565,2025-05-17,C3715,Dadar Darbar,South Indian,538,23,3.8,UPI,Mumbai - Colaba,Delayed
102566,2025-08-15,C4805,Dadar Darbar,South Indian,1371,60,3.2,Debit Card,Mumbai - Chembur,Delayed
102567,2025-04-19,C1957,Borivali Bistro,Burger,977,41,2.7,Wallet,Mumbai - Andheri,Delivered
102568,2025-12-04,C2160,Bandra Bites,Desserts,173,32,3.2,Credit Card,Mumbai - Kurla,Delayed
102569,2026-01-29,C2814,Mumbai Tadka,Biryani,749,62,4.3,Cash,Mumbai - Malad,Delivered
102570,2026-01-21,C5119,Bandra Bites,Pizza,1206,15,3.2,Credit Card,Mumbai - Chembur,Delayed
102571,2025-09-03,C9775,Marine Drive Meals,Pizza,1380,76,2.6,Wallet,Mumbai - Malad,Delayed
102572,2025-12-19,C5965,Kurla Kitchen,Biryani,1089,26,3.1,Cash,Mumbai - Dadar,Delivered
102573,2026-04-21,C8914,Colaba Cafe,Desserts,896,62,4.4,UPI,Mumbai - Borivali,Delivered
102574,2025-07-15,C2432,Dadar Darbar,Beverages,1306,48,3.6,Credit Card,Mumbai - Vashi,Delivered
102575,2026-02-11,C4306,Colaba Cafe,South Indian,1333,84,3.4,Cash,Mumbai - Vashi,Cancelled
102576,2025-07-04,C1420,Andheri Kitchen,North Indian,1635,80,4.2,Credit Card,Mumbai - Kurla,Delivered
102577,2025-08-25,C6511,Kurla Kitchen,North Indian,835,33,5.0,Debit Card,Mumbai - Thane,Delivered
102578,2025-11-09,C9718,Thane Treats,Burger,1495,46,3.6,Cash,Mumbai - Andheri,Delivered
102579,2026-03-24,C6890,Dadar Darbar,North Indian,1685,82,3.1,UPI,Mumbai - Vashi,Cancelled
102580,2026-04-12,C9522,Vashi Veg Corner,Chinese,1166,80,3.1,UPI,Mumbai - Vashi,Delivered
102581,2025-03-23,C7942,Bandra Bites,Burger,1210,69,3.7,Wallet,Mumbai - Chembur,Delivered
102582,2026-02-04,C1201,Andheri Kitchen,North Indian,1709,25,5.0,Debit Card,Mumbai - Ghatkopar,Delayed
102583,2025-08-18,C7236,Ghatkopar Grill,Biryani,498,35,4.2,UPI,Mumbai - Thane,Delivered
102584,2026-04-29,C6987,Marine Drive Meals,Biryani,199,76,3.5,Credit Card,Mumbai - Powai,Cancelled
102585,2025-05-17,C2685,Vashi Veg Corner,Healthy Food,314,83,4.2,Debit Card,Mumbai - Powai,Delivered
102586,2026-02-08,C5318,Marine Drive Meals,North Indian,1333,68,4.7,Cash,Mumbai - Andheri,Delivered
102587,2025-04-29,C2848,Bandra Bites,Pizza,510,65,3.4,Wallet,Mumbai - Powai,Delivered
102588,2025-12-13,C7542,Kurla Kitchen,Chinese,1173,27,2.9,UPI,Mumbai - Borivali,Delayed
102589,2025-02-10,C3235,Thane Treats,Healthy Food,200,72,4.2,Debit Card,Mumbai - Malad,Cancelled
102590,2026-05-26,C9501,Thane Treats,Beverages,221,46,2.5,UPI,Mumbai - Thane,Delayed
102591,2025-09-16,C9477,Dadar Darbar,South Indian,1623,62,5.0,UPI,Mumbai - Thane,Cancelled
102592,2026-06-06,C4778,Vashi Veg Corner,Pizza,146,29,3.3,UPI,Mumbai - Bandra,Delivered
102593,2026-01-12,C8527,Andheri Kitchen,Chinese,312,23,4.3,Cash,Mumbai - Colaba,Cancelled
102594,2026-06-03,C5830,Borivali Bistro,Desserts,424,36,4.5,Wallet,Mumbai - Mulund,Delivered
102595,2025-07-19,C6952,Dadar Darbar,Beverages,410,80,4.7,Debit Card,Mumbai - Borivali,Cancelled
102596,2026-01-30,C3941,Dadar Darbar,Pizza,945,46,3.4,Cash,Mumbai - Borivali,Cancelled
102597,2025-08-02,C1706,Chembur Spice House,Biryani,1074,62,3.6,Cash,Mumbai - Chembur,Delivered
102598,2025-06-01,C3019,Mumbai Tadka,Burger,955,28,4.6,Debit Card,Mumbai - Andheri,Delivered
102599,2025-12-23,C5216,Colaba Cafe,Burger,1752,51,4.6,Debit Card,Mumbai - Malad,Delayed
102600,2025-06-16,C1217,Borivali Bistro,Biryani,486,31,4.9,Debit Card,Mumbai - Kurla,Delivered
102601,2025-06-28,C4419,Marine Drive Meals,Healthy Food,410,45,3.3,Cash,Mumbai - Colaba,Delayed
102602,2025-09-16,C5731,Bandra Bites,Chinese,1733,43,2.6,Cash,Mumbai - Bandra,Delivered
102603,2026-03-03,C9987,Dadar Darbar,Healthy Food,1321,26,3.2,Debit Card,Mumbai - Ghatkopar,Cancelled
102604,2025-04-04,C1541,Marine Drive Meals,Pizza,1266,67,4.6,Credit Card,Mumbai - Colaba,Delivered
102605,2025-05-30,C1332,Thane Treats,North Indian,198,42,2.7,Wallet,Mumbai - Colaba,Delayed
102606,2026-01-28,C6938,Thane Treats,Healthy Food,377,59,2.7,Debit Card,Mumbai - Chembur,Delivered
102607,2025-07-26,C1796,Mumbai Tadka,North Indian,918,50,3.7,Wallet,Mumbai - Colaba,Delayed
102608,2025-04-24,C4811,Dadar Darbar,North Indian,1438,51,4.3,Wallet,Mumbai - Colaba,Delayed
102609,2025-03-25,C1238,Chembur Spice House,Healthy Food,915,24,3.2,UPI,Mumbai - Ghatkopar,Delivered
102610,2025-03-29,C3421,Kurla Kitchen,Burger,1622,79,4.9,UPI,Mumbai - Dadar,Delivered
102611,2026-05-18,C4490,Vashi Veg Corner,North Indian,1264,35,2.6,UPI,Mumbai - Dadar,Delivered
102612,2025-10-26,C3846,Mumbai Tadka,South Indian,1155,85,4.7,Debit Card,Mumbai - Vashi,Cancelled
102613,2026-06-12,C5738,Kurla Kitchen,Biryani,402,81,3.8,Debit Card,Mumbai - Kurla,Delayed
102614,2025-01-14,C9882,Powai Plates,Burger,532,49,2.7,Cash,Mumbai - Malad,Delivered
102615,2026-05-12,C6318,Colaba Cafe,Biryani,1642,38,3.1,Debit Card,Mumbai - Andheri,Delivered
102616,2026-02-16,C5761,Dadar Darbar,Desserts,1026,16,4.8,UPI,Mumbai - Chembur,Delayed
102617,2025-10-04,C7523,Borivali Bistro,South Indian,257,71,3.6,UPI,Mumbai - Thane,Delivered
102618,2025-07-10,C1772,Marine Drive Meals,Healthy Food,1622,52,2.5,Wallet,Mumbai - Chembur,Delayed
102619,2026-01-30,C7581,Colaba Cafe,South Indian,1103,44,3.3,Cash,Mumbai - Vashi,Delivered
102620,2025-11-03,C9359,Vashi Veg Corner,North Indian,417,78,3.7,Cash,Mumbai - Mulund,Delivered
102621,2025-06-13,C6665,Andheri Kitchen,Burger,850,72,2.7,UPI,Mumbai - Ghatkopar,Delayed
102622,2025-08-14,C6255,Borivali Bistro,Beverages,448,53,4.6,Debit Card,Mumbai - Colaba,Delivered
102623,2025-06-24,C7257,Colaba Cafe,Healthy Food,585,72,4.2,Credit Card,Mumbai - Ghatkopar,Delivered
102624,2025-04-03,C8276,Ghatkopar Grill,Pizza,1199,56,3.9,UPI,Mumbai - Mulund,Delivered
102625,2026-05-21,C1008,Andheri Kitchen,Healthy Food,1046,71,3.7,UPI,Mumbai - Chembur,Delivered
102626,2026-01-24,C9588,Andheri Kitchen,Desserts,323,44,4.8,Debit Card,Mumbai - Kurla,Delivered
102627,2025-03-22,C5736,Ghatkopar Grill,Beverages,346,35,4.1,Debit Card,Mumbai - Ghatkopar,Cancelled
102628,2025-09-13,C6324,Powai Plates,Chinese,995,33,3.3,Wallet,Mumbai - Chembur,Delivered
102629,2025-06-11,C2585,Colaba Cafe,South Indian,1441,76,4.4,UPI,Mumbai - Mulund,Cancelled
102630,2025-05-31,C3014,Kurla Kitchen,Pizza,737,51,2.7,Cash,Mumbai - Ghatkopar,Cancelled
102631,2026-01-01,C7110,Andheri Kitchen,Desserts,867,73,2.9,Debit Card,Mumbai - Dadar,Cancelled
102632,2026-01-31,C6166,Colaba Cafe,South Indian,1112,73,3.4,UPI,Mumbai - Malad,Delayed
102633,2025-06-26,C3026,Chembur Spice House,Pizza,739,48,3.8,Cash,Mumbai - Thane,Delivered
102634,2026-04-18,C9213,Marine Drive Meals,Pizza,630,47,4.0,UPI,Mumbai - Bandra,Delayed
102635,2025-09-07,C3150,Marine Drive Meals,Healthy Food,1225,79,4.7,Credit Card,Mumbai - Kurla,Cancelled
102636,2025-01-30,C1879,Colaba Cafe,Biryani,1050,57,2.7,Cash,Mumbai - Thane,Delivered
102637,2026-03-11,C1090,Dadar Darbar,Biryani,415,24,3.9,Wallet,Mumbai - Vashi,Delivered
102638,2026-02-06,C1768,Kurla Kitchen,Beverages,1728,32,3.2,Wallet,Mumbai - Malad,Cancelled
102639,2025-04-16,C9606,Chembur Spice House,Chinese,150,60,4.4,Wallet,Mumbai - Powai,Cancelled
102640,2025-05-12,C4815,Malad Food Hub,Biryani,705,57,3.9,Cash,Mumbai - Kurla,Delayed
102641,2025-03-14,C1814,Andheri Kitchen,Burger,706,23,3.6,UPI,Mumbai - Borivali,Delivered
102642,2025-06-29,C1642,Thane Treats,South Indian,1560,72,3.5,Debit Card,Mumbai - Andheri,Delivered
102643,2025-07-25,C1257,Vashi Veg Corner,Healthy Food,768,54,2.9,Credit Card,Mumbai - Borivali,Delivered
102644,2025-04-25,C2828,Marine Drive Meals,South Indian,1072,53,4.9,UPI,Mumbai - Powai,Cancelled
102645,2025-03-29,C9691,Thane Treats,Beverages,711,85,4.8,Wallet,Mumbai - Mulund,Delivered
102646,2025-08-14,C7048,Thane Treats,Beverages,1561,40,4.8,Cash,Mumbai - Dadar,Delivered
102647,2025-03-26,C1053,Vashi Veg Corner,Beverages,626,41,3.8,Cash,Mumbai - Dadar,Delivered
102648,2025-01-03,C7073,Andheri Kitchen,Pizza,1435,34,3.8,Debit Card,Mumbai - Powai,Cancelled
102649,2025-10-30,C8302,Ghatkopar Grill,Beverages,150,53,2.9,Wallet,Mumbai - Vashi,Cancelled
102650,2026-05-04,C9795,Bandra Bites,South Indian,1347,44,4.0,Credit Card,Mumbai - Borivali,Delivered
102651,2025-05-17,C6125,Mumbai Tadka,North Indian,906,29,3.4,Credit Card,Mumbai - Vashi,Cancelled
102652,2025-05-08,C8533,Colaba Cafe,Healthy Food,1484,21,2.6,Wallet,Mumbai - Borivali,Cancelled
102653,2025-08-22,C6247,Malad Food Hub,North Indian,532,59,3.1,Wallet,Mumbai - Vashi,Delayed
102654,2025-08-09,C4931,Bandra Bites,North Indian,135,38,4.2,Cash,Mumbai - Andheri,Delayed
102655,2025-06-16,C6025,Mumbai Tadka,Desserts,1371,48,3.2,UPI,Mumbai - Andheri,Delivered
102656,2025-01-27,C8846,Ghatkopar Grill,Healthy Food,828,58,4.9,Credit Card,Mumbai - Ghatkopar,Cancelled
102657,2025-01-22,C6185,Bandra Bites,North Indian,119,15,2.7,Credit Card,Mumbai - Andheri,Delayed
102658,2026-01-06,C5232,Malad Food Hub,Chinese,1013,38,4.4,UPI,Mumbai - Vashi,Delivered
102659,2026-02-25,C6295,Mumbai Tadka,Desserts,522,52,3.8,Credit Card,Mumbai - Ghatkopar,Delivered
102660,2025-05-28,C5125,Dadar Darbar,Biryani,220,36,3.2,Debit Card,Mumbai - Bandra,Delivered
102661,2025-08-04,C5748,Bandra Bites,Beverages,1681,18,4.8,Cash,Mumbai - Chembur,Delivered
102662,2026-02-12,C6670,Borivali Bistro,Chinese,961,70,2.9,Cash,Mumbai - Powai,Delayed
102663,2025-11-28,C6356,Mumbai Tadka,Healthy Food,649,53,3.9,Wallet,Mumbai - Bandra,Delivered
102664,2025-11-27,C7009,Bandra Bites,South Indian,321,78,3.6,Wallet,Mumbai - Powai,Delivered
102665,2025-02-16,C2601,Ghatkopar Grill,Burger,392,52,3.3,UPI,Mumbai - Ghatkopar,Delivered
102666,2025-01-31,C5353,Dadar Darbar,Desserts,594,28,3.3,Cash,Mumbai - Bandra,Delivered
102667,2025-10-13,C8761,Thane Treats,Biryani,249,29,3.0,Cash,Mumbai - Dadar,Delivered
102668,2025-10-29,C3159,Bandra Bites,South Indian,1085,31,2.6,Cash,Mumbai - Vashi,Cancelled
102669,2025-07-24,C9406,Vashi Veg Corner,Beverages,395,42,3.1,UPI,Mumbai - Vashi,Delivered
102670,2025-12-08,C1582,Kurla Kitchen,Desserts,338,56,3.1,Cash,Mumbai - Chembur,Delivered
102671,2025-05-29,C9542,Colaba Cafe,Biryani,1235,46,3.9,Debit Card,Mumbai - Vashi,Delayed
102672,2025-06-19,C2374,Chembur Spice House,Pizza,1572,55,3.3,Debit Card,Mumbai - Borivali,Cancelled
102673,2025-07-11,C1112,Thane Treats,North Indian,511,79,3.1,Credit Card,Mumbai - Malad,Delayed
102674,2025-08-25,C8242,Borivali Bistro,Beverages,359,52,3.2,Cash,Mumbai - Andheri,Delayed
102675,2025-10-05,C7103,Andheri Kitchen,Healthy Food,781,35,4.0,Credit Card,Mumbai - Thane,Delayed
102676,2025-08-02,C7600,Kurla Kitchen,Burger,472,60,2.7,Cash,Mumbai - Thane,Delivered
102677,2025-12-08,C8041,Dadar Darbar,Burger,1109,33,3.9,Wallet,Mumbai - Bandra,Delivered
102678,2026-02-02,C5478,Mumbai Tadka,Beverages,418,70,4.5,Debit Card,Mumbai - Dadar,Delivered
102679,2025-10-31,C5681,Mumbai Tadka,Healthy Food,1665,35,3.1,Cash,Mumbai - Dadar,Delivered
102680,2026-05-02,C6631,Borivali Bistro,Desserts,789,33,4.3,Credit Card,Mumbai - Malad,Delivered
102681,2026-05-25,C2769,Dadar Darbar,Biryani,689,80,4.5,Cash,Mumbai - Mulund,Delayed
102682,2025-06-13,C6096,Bandra Bites,Chinese,1325,29,2.8,Wallet,Mumbai - Colaba,Delivered
102683,2025-11-15,C1049,Bandra Bites,Chinese,1625,15,4.7,Credit Card,Mumbai - Thane,Delayed
102684,2025-08-22,C5055,Colaba Cafe,Beverages,509,78,3.3,Cash,Mumbai - Colaba,Delayed
102685,2025-07-24,C2195,Colaba Cafe,Desserts,577,20,3.9,Wallet,Mumbai - Vashi,Delivered
102686,2026-04-08,C9266,Dadar Darbar,Chinese,925,64,2.6,Wallet,Mumbai - Dadar,Delivered
102687,2025-07-05,C1597,Colaba Cafe,Burger,164,72,4.1,UPI,Mumbai - Ghatkopar,Delivered
102688,2025-06-24,C2942,Malad Food Hub,Healthy Food,272,46,4.8,UPI,Mumbai - Bandra,Delivered
102689,2025-10-14,C3020,Chembur Spice House,Desserts,1157,83,4.6,Wallet,Mumbai - Borivali,Delivered
102690,2026-02-18,C4641,Colaba Cafe,Pizza,1257,54,4.6,UPI,Mumbai - Borivali,Delivered
102691,2026-06-17,C2905,Chembur Spice House,Burger,838,38,4.3,Cash,Mumbai - Powai,Delivered
102692,2026-06-03,C2075,Malad Food Hub,South Indian,1226,62,2.7,UPI,Mumbai - Vashi,Delivered
102693,2025-01-23,C8808,Marine Drive Meals,South Indian,1599,52,4.8,Wallet,Mumbai - Ghatkopar,Delivered
102694,2026-01-27,C8222,Powai Plates,North Indian,1276,49,3.0,Credit Card,Mumbai - Vashi,Delayed
102695,2025-03-13,C5206,Kurla Kitchen,North Indian,1372,51,4.7,UPI,Mumbai - Ghatkopar,Delivered
102696,2026-03-27,C5813,Vashi Veg Corner,Burger,960,82,4.8,Wallet,Mumbai - Colaba,Delivered
102697,2026-02-04,C8072,Ghatkopar Grill,Beverages,856,22,4.5,Cash,Mumbai - Kurla,Cancelled
102698,2026-04-28,C4171,Marine Drive Meals,Healthy Food,900,69,4.3,Debit Card,Mumbai - Dadar,Delivered
102699,2025-10-07,C5489,Marine Drive Meals,Beverages,1695,78,4.7,Credit Card,Mumbai - Dadar,Delivered
102700,2026-03-21,C5596,Mumbai Tadka,Biryani,178,40,4.9,Wallet,Mumbai - Borivali,Cancelled
102701,2026-02-16,C6397,Powai Plates,Biryani,1032,66,3.8,UPI,Mumbai - Malad,Cancelled
102702,2025-04-28,C1459,Dadar Darbar,Desserts,1672,46,4.9,Wallet,Mumbai - Powai,Delivered
102703,2025-06-08,C8935,Powai Plates,Beverages,634,57,4.3,Credit Card,Mumbai - Borivali,Delivered
102704,2026-05-30,C5883,Andheri Kitchen,Biryani,120,32,3.6,Wallet,Mumbai - Powai,Cancelled
102705,2026-06-23,C4467,Thane Treats,Biryani,1635,50,2.7,Credit Card,Mumbai - Mulund,Delivered
102706,2026-01-20,C9239,Borivali Bistro,Biryani,124,29,2.8,Credit Card,Mumbai - Andheri,Delivered
102707,2025-04-13,C8432,Malad Food Hub,Beverages,419,56,4.1,Credit Card,Mumbai - Vashi,Delivered
102708,2025-11-27,C8196,Malad Food Hub,Chinese,602,81,4.5,UPI,Mumbai - Thane,Cancelled
102709,2026-01-11,C2852,Powai Plates,North Indian,452,68,3.1,Wallet,Mumbai - Dadar,Delayed
102710,2025-05-23,C7468,Bandra Bites,Pizza,458,53,2.7,UPI,Mumbai - Mulund,Delivered
102711,2026-05-21,C3206,Marine Drive Meals,Desserts,986,73,4.1,Wallet,Mumbai - Dadar,Delivered
102712,2025-05-02,C4603,Bandra Bites,South Indian,1139,66,3.3,Credit Card,Mumbai - Malad,Delivered
102713,2025-04-11,C8695,Colaba Cafe,Biryani,697,45,4.9,Wallet,Mumbai - Chembur,Delayed
102714,2026-01-09,C2043,Chembur Spice House,Beverages,538,67,2.6,Credit Card,Mumbai - Chembur,Delayed
102715,2025-03-31,C1797,Powai Plates,Desserts,1712,38,4.8,Credit Card,Mumbai - Colaba,Delayed
102716,2026-06-03,C7254,Chembur Spice House,Biryani,198,32,3.6,UPI,Mumbai - Colaba,Delayed
102717,2025-06-14,C8451,Andheri Kitchen,Burger,1504,21,3.1,Wallet,Mumbai - Ghatkopar,Cancelled
102718,2025-05-02,C1856,Chembur Spice House,Desserts,479,37,3.3,Wallet,Mumbai - Chembur,Delivered
102719,2026-01-02,C7471,Malad Food Hub,Healthy Food,960,81,4.0,Wallet,Mumbai - Borivali,Delayed
102720,2026-05-16,C1870,Chembur Spice House,Healthy Food,343,76,2.6,Debit Card,Mumbai - Dadar,Delayed
102721,2026-06-05,C3023,Kurla Kitchen,North Indian,1035,85,3.8,Credit Card,Mumbai - Colaba,Cancelled
102722,2025-06-12,C3749,Bandra Bites,North Indian,844,16,2.6,UPI,Mumbai - Andheri,Delivered
102723,2025-11-08,C7558,Colaba Cafe,Chinese,1248,27,4.1,Wallet,Mumbai - Mulund,Delivered
102724,2025-11-22,C1501,Kurla Kitchen,Biryani,426,81,3.4,Wallet,Mumbai - Dadar,Delivered
102725,2026-02-06,C2675,Andheri Kitchen,Burger,1748,25,4.2,Wallet,Mumbai - Thane,Delivered
102726,2026-04-28,C8304,Andheri Kitchen,Healthy Food,1697,16,4.9,UPI,Mumbai - Thane,Cancelled
102727,2026-02-15,C9615,Ghatkopar Grill,South Indian,496,34,4.5,Debit Card,Mumbai - Colaba,Delivered
102728,2026-01-04,C5576,Thane Treats,North Indian,1643,30,2.8,Credit Card,Mumbai - Malad,Delivered
102729,2025-09-08,C5575,Kurla Kitchen,Chinese,646,83,4.0,Debit Card,Mumbai - Borivali,Delivered
102730,2025-02-10,C6321,Thane Treats,South Indian,533,24,2.8,Debit Card,Mumbai - Thane,Delivered
102731,2025-10-27,C8867,Chembur Spice House,Chinese,1481,46,4.7,UPI,Mumbai - Ghatkopar,Delivered
102732,2025-07-14,C3038,Thane Treats,Beverages,1159,31,3.3,Wallet,Mumbai - Powai,Cancelled
102733,2026-05-28,C4842,Malad Food Hub,Beverages,818,85,2.9,Wallet,Mumbai - Vashi,Delayed
102734,2026-03-16,C5632,Andheri Kitchen,Desserts,760,27,3.1,UPI,Mumbai - Colaba,Delayed
102735,2025-01-30,C2726,Dadar Darbar,Pizza,513,72,2.5,Debit Card,Mumbai - Kurla,Delayed
102736,2026-06-04,C4344,Powai Plates,Chinese,591,43,2.7,Cash,Mumbai - Thane,Cancelled
102737,2026-02-23,C3147,Mumbai Tadka,South Indian,504,41,4.2,UPI,Mumbai - Chembur,Delayed
102738,2026-05-30,C3060,Powai Plates,North Indian,1478,24,4.0,UPI,Mumbai - Chembur,Delivered
102739,2025-08-23,C5674,Borivali Bistro,Beverages,1373,71,3.7,Credit Card,Mumbai - Colaba,Delivered
102740,2025-11-19,C9094,Thane Treats,South Indian,263,62,3.6,UPI,Mumbai - Bandra,Cancelled
102741,2025-04-30,C9791,Andheri Kitchen,Desserts,689,71,2.7,UPI,Mumbai - Kurla,Delivered
102742,2025-08-15,C4626,Colaba Cafe,Healthy Food,375,20,3.7,UPI,Mumbai - Malad,Delivered
102743,2026-06-05,C8338,Powai Plates,Pizza,1439,30,3.9,Debit Card,Mumbai - Andheri,Cancelled
102744,2025-05-26,C5638,Chembur Spice House,South Indian,556,52,2.8,UPI,Mumbai - Mulund,Delivered
102745,2025-05-04,C8286,Andheri Kitchen,North Indian,185,66,4.3,Debit Card,Mumbai - Andheri,Delivered
102746,2025-02-04,C8464,Borivali Bistro,Biryani,717,37,4.5,Wallet,Mumbai - Colaba,Delivered
102747,2025-12-24,C8935,Andheri Kitchen,Desserts,1789,16,3.5,Wallet,Mumbai - Vashi,Delivered
102748,2025-03-25,C3183,Borivali Bistro,Pizza,870,62,4.7,Cash,Mumbai - Kurla,Delivered
102749,2025-12-09,C5693,Borivali Bistro,Biryani,1517,29,3.7,Cash,Mumbai - Ghatkopar,Delivered
102750,2025-07-16,C3142,Kurla Kitchen,Beverages,978,16,2.6,Credit Card,Mumbai - Powai,Delivered
102751,2026-01-29,C5894,Thane Treats,Desserts,1265,40,3.7,Wallet,Mumbai - Ghatkopar,Cancelled
102752,2026-02-23,C4741,Malad Food Hub,Biryani,235,63,5.0,Credit Card,Mumbai - Bandra,Cancelled
102753,2025-02-21,C6432,Marine Drive Meals,South Indian,1200,83,2.9,Credit Card,Mumbai - Thane,Delivered
102754,2025-04-06,C8110,Andheri Kitchen,Chinese,252,52,3.0,Cash,Mumbai - Andheri,Delivered
102755,2025-05-02,C4199,Thane Treats,Beverages,1112,67,4.4,Debit Card,Mumbai - Chembur,Cancelled
102756,2025-07-24,C7106,Malad Food Hub,Desserts,1569,28,4.9,Wallet,Mumbai - Vashi,Delivered
102757,2026-02-01,C8443,Andheri Kitchen,North Indian,677,77,2.8,UPI,Mumbai - Borivali,Cancelled
102758,2025-09-21,C6689,Dadar Darbar,South Indian,1533,42,3.9,Debit Card,Mumbai - Mulund,Delivered
102759,2025-11-19,C1761,Vashi Veg Corner,South Indian,1089,85,3.8,Credit Card,Mumbai - Ghatkopar,Cancelled
102760,2026-06-03,C9188,Borivali Bistro,Healthy Food,1519,72,4.4,Cash,Mumbai - Bandra,Delivered
102761,2026-02-25,C8797,Chembur Spice House,North Indian,106,55,4.1,Cash,Mumbai - Mulund,Delayed
102762,2025-01-03,C2317,Chembur Spice House,Beverages,1103,50,4.8,UPI,Mumbai - Borivali,Delayed
102763,2026-02-07,C1489,Chembur Spice House,Burger,828,65,3.3,Cash,Mumbai - Dadar,Delivered
102764,2025-06-02,C1551,Chembur Spice House,Pizza,1618,32,2.9,UPI,Mumbai - Mulund,Delivered
102765,2026-03-01,C4850,Thane Treats,South Indian,685,66,4.0,Credit Card,Mumbai - Andheri,Delayed
102766,2026-03-12,C7145,Thane Treats,Burger,1248,37,3.7,Debit Card,Mumbai - Malad,Delivered
102767,2025-10-09,C4832,Thane Treats,Desserts,1202,18,4.0,Credit Card,Mumbai - Thane,Delivered
102768,2025-09-06,C8136,Marine Drive Meals,Biryani,969,81,3.6,UPI,Mumbai - Andheri,Delivered
102769,2025-03-26,C3876,Colaba Cafe,Healthy Food,280,59,4.7,Credit Card,Mumbai - Dadar,Delivered
102770,2026-05-15,C3396,Dadar Darbar,Pizza,557,38,3.2,Credit Card,Mumbai - Andheri,Delayed
102771,2025-12-17,C3730,Marine Drive Meals,Healthy Food,1751,66,3.1,UPI,Mumbai - Borivali,Delivered
102772,2026-05-16,C5978,Colaba Cafe,Burger,145,42,2.7,UPI,Mumbai - Colaba,Delivered
102773,2025-12-10,C1783,Bandra Bites,Desserts,1744,49,4.1,UPI,Mumbai - Colaba,Cancelled
102774,2026-03-08,C3206,Vashi Veg Corner,Beverages,1212,35,3.1,Wallet,Mumbai - Mulund,Cancelled
102775,2025-11-17,C6808,Dadar Darbar,Desserts,836,84,5.0,Wallet,Mumbai - Borivali,Delivered
102776,2026-04-28,C8696,Colaba Cafe,Biryani,1245,76,4.1,Cash,Mumbai - Dadar,Delivered
102777,2025-05-11,C5202,Thane Treats,South Indian,1744,55,2.6,Wallet,Mumbai - Andheri,Delivered
102778,2025-11-30,C6939,Borivali Bistro,Burger,1725,24,2.6,Wallet,Mumbai - Ghatkopar,Delayed
102779,2026-01-06,C5739,Borivali Bistro,Desserts,832,42,5.0,Cash,Mumbai - Vashi,Delivered
102780,2026-06-10,C6785,Ghatkopar Grill,Beverages,1435,66,3.2,Cash,Mumbai - Colaba,Delivered
102781,2025-06-27,C3107,Malad Food Hub,North Indian,357,35,3.7,Wallet,Mumbai - Colaba,Delivered
102782,2025-04-04,C1410,Vashi Veg Corner,Pizza,402,52,4.1,Wallet,Mumbai - Vashi,Delayed
102783,2025-03-06,C2602,Kurla Kitchen,Healthy Food,1337,68,4.5,Credit Card,Mumbai - Colaba,Delivered
102784,2026-04-07,C3583,Colaba Cafe,Chinese,1481,70,4.9,UPI,Mumbai - Dadar,Delivered
102785,2026-06-09,C2013,Ghatkopar Grill,Biryani,995,28,2.9,UPI,Mumbai - Borivali,Delivered
102786,2026-04-23,C8260,Borivali Bistro,South Indian,756,40,2.8,Debit Card,Mumbai - Vashi,Cancelled
102787,2025-09-26,C4997,Dadar Darbar,Desserts,682,56,4.1,Debit Card,Mumbai - Ghatkopar,Delivered
102788,2025-03-27,C7135,Dadar Darbar,Beverages,869,53,2.7,Credit Card,Mumbai - Thane,Delivered
102789,2026-06-08,C7192,Chembur Spice House,North Indian,1748,34,2.5,Credit Card,Mumbai - Dadar,Cancelled
102790,2026-01-09,C3761,Powai Plates,Pizza,1169,26,2.7,UPI,Mumbai - Andheri,Delivered
102791,2025-10-06,C1522,Borivali Bistro,Pizza,813,19,4.0,UPI,Mumbai - Andheri,Delivered
102792,2026-02-03,C9475,Dadar Darbar,South Indian,1585,21,3.7,Cash,Mumbai - Ghatkopar,Delayed
102793,2025-05-07,C2053,Marine Drive Meals,Chinese,844,50,3.3,UPI,Mumbai - Bandra,Delivered
102794,2025-10-23,C1111,Kurla Kitchen,Chinese,1679,70,4.3,Debit Card,Mumbai - Colaba,Delivered
102795,2026-02-10,C7710,Borivali Bistro,Biryani,328,65,4.0,UPI,Mumbai - Vashi,Delivered
102796,2025-03-10,C4729,Malad Food Hub,Biryani,725,33,4.9,Debit Card,Mumbai - Vashi,Delivered
102797,2026-01-03,C2950,Powai Plates,Desserts,157,53,4.5,Wallet,Mumbai - Powai,Cancelled
102798,2025-05-17,C9860,Dadar Darbar,Biryani,702,15,2.8,UPI,Mumbai - Ghatkopar,Delivered
102799,2026-03-25,C9945,Thane Treats,North Indian,1490,26,3.5,Credit Card,Mumbai - Andheri,Delivered
102800,2025-06-20,C9646,Kurla Kitchen,Biryani,373,62,3.3,Credit Card,Mumbai - Borivali,Delayed
102801,2025-04-01,C5753,Kurla Kitchen,Desserts,450,23,4.5,Debit Card,Mumbai - Borivali,Delayed
102802,2026-04-01,C8646,Mumbai Tadka,Pizza,277,25,4.2,Debit Card,Mumbai - Andheri,Delivered
102803,2025-11-14,C7523,Bandra Bites,South Indian,825,36,4.4,Wallet,Mumbai - Chembur,Delivered
102804,2025-01-05,C8622,Powai Plates,North Indian,1126,28,3.0,Cash,Mumbai - Mulund,Delayed
102805,2025-07-17,C9017,Thane Treats,Beverages,547,18,3.2,Cash,Mumbai - Colaba,Delivered
102806,2025-10-02,C4756,Kurla Kitchen,Chinese,1773,18,3.8,Credit Card,Mumbai - Andheri,Delivered
102807,2025-02-25,C5769,Dadar Darbar,Beverages,1706,57,4.4,Wallet,Mumbai - Colaba,Delivered
102808,2026-01-21,C2090,Malad Food Hub,Pizza,1122,82,4.7,Wallet,Mumbai - Powai,Cancelled
102809,2025-06-27,C5059,Vashi Veg Corner,Pizza,911,36,5.0,Cash,Mumbai - Malad,Delivered
102810,2025-06-10,C3296,Andheri Kitchen,Healthy Food,154,21,3.6,Credit Card,Mumbai - Borivali,Delivered
102811,2025-12-24,C5995,Bandra Bites,Chinese,334,26,3.7,Wallet,Mumbai - Andheri,Cancelled
102812,2025-08-02,C7654,Dadar Darbar,Desserts,1233,81,3.1,Cash,Mumbai - Borivali,Delivered
102813,2025-03-31,C8527,Ghatkopar Grill,Healthy Food,600,70,4.5,Credit Card,Mumbai - Dadar,Delayed
102814,2025-11-25,C1468,Dadar Darbar,Beverages,927,84,4.2,Debit Card,Mumbai - Colaba,Delivered
102815,2025-12-07,C6953,Marine Drive Meals,Beverages,1774,22,4.0,Credit Card,Mumbai - Kurla,Delivered
102816,2025-04-18,C1425,Dadar Darbar,Pizza,1305,35,2.5,Cash,Mumbai - Vashi,Delivered
102817,2025-08-07,C5743,Ghatkopar Grill,South Indian,244,18,4.3,Credit Card,Mumbai - Ghatkopar,Delivered
102818,2025-02-25,C2380,Borivali Bistro,Burger,423,32,4.7,Wallet,Mumbai - Kurla,Delivered
102819,2026-06-04,C9737,Malad Food Hub,South Indian,1324,26,3.4,Credit Card,Mumbai - Andheri,Delivered
102820,2025-02-25,C3418,Vashi Veg Corner,South Indian,1298,39,3.4,Debit Card,Mumbai - Kurla,Delayed
102821,2025-10-16,C5596,Colaba Cafe,Pizza,842,50,3.8,Cash,Mumbai - Borivali,Delivered
102822,2025-09-05,C9819,Andheri Kitchen,North Indian,615,18,3.0,UPI,Mumbai - Vashi,Cancelled
102823,2026-03-02,C1604,Powai Plates,North Indian,1675,72,4.7,Debit Card,Mumbai - Chembur,Delivered
102824,2026-05-01,C5796,Vashi Veg Corner,Burger,330,69,2.7,UPI,Mumbai - Malad,Delivered
102825,2025-01-05,C5268,Mumbai Tadka,Burger,712,50,3.6,Credit Card,Mumbai - Powai,Cancelled
102826,2025-05-08,C8068,Chembur Spice House,South Indian,1569,55,3.2,Credit Card,Mumbai - Andheri,Delivered
102827,2025-12-21,C3362,Marine Drive Meals,North Indian,237,58,4.5,UPI,Mumbai - Bandra,Delivered
102828,2026-04-10,C9166,Marine Drive Meals,South Indian,153,73,2.8,Debit Card,Mumbai - Bandra,Delivered
102829,2025-02-05,C1994,Bandra Bites,Beverages,359,44,3.9,Debit Card,Mumbai - Powai,Delivered
102830,2026-03-13,C3529,Andheri Kitchen,Healthy Food,1793,37,4.1,Debit Card,Mumbai - Chembur,Cancelled
102831,2025-06-22,C5837,Kurla Kitchen,Chinese,129,27,4.4,UPI,Mumbai - Vashi,Delayed
102832,2025-07-01,C6714,Kurla Kitchen,Biryani,1002,20,2.7,Cash,Mumbai - Ghatkopar,Delivered
102833,2026-03-25,C5640,Borivali Bistro,Beverages,1407,54,2.8,Wallet,Mumbai - Vashi,Cancelled
102834,2025-01-04,C5734,Borivali Bistro,Pizza,1461,80,4.4,Wallet,Mumbai - Borivali,Delivered
102835,2025-11-25,C4212,Andheri Kitchen,Beverages,1380,23,2.6,Wallet,Mumbai - Colaba,Delivered
102836,2026-01-18,C2329,Marine Drive Meals,Biryani,328,69,4.8,Wallet,Mumbai - Ghatkopar,Delayed
102837,2025-12-20,C1156,Powai Plates,South Indian,1297,73,5.0,Credit Card,Mumbai - Bandra,Delivered
102838,2026-05-11,C4395,Thane Treats,Healthy Food,1069,58,3.9,UPI,Mumbai - Malad,Delayed
102839,2025-10-21,C3629,Thane Treats,Healthy Food,105,61,3.8,Cash,Mumbai - Bandra,Delivered
102840,2025-09-18,C7869,Bandra Bites,South Indian,774,59,4.8,Cash,Mumbai - Colaba,Delivered
102841,2026-04-20,C5845,Mumbai Tadka,Burger,624,40,3.2,Cash,Mumbai - Colaba,Delivered
102842,2025-10-25,C3430,Colaba Cafe,North Indian,862,61,4.8,UPI,Mumbai - Bandra,Delayed
102843,2025-04-03,C2977,Colaba Cafe,Healthy Food,750,19,4.1,Wallet,Mumbai - Malad,Delivered
102844,2026-01-15,C8042,Bandra Bites,Pizza,1117,76,2.6,UPI,Mumbai - Powai,Delivered
102845,2025-08-08,C6146,Kurla Kitchen,North Indian,617,18,3.3,Cash,Mumbai - Vashi,Delivered
102846,2025-11-03,C5475,Borivali Bistro,Burger,1258,41,4.6,Debit Card,Mumbai - Borivali,Delivered
102847,2025-10-31,C6041,Colaba Cafe,Healthy Food,655,78,2.9,Cash,Mumbai - Thane,Delivered
102848,2025-04-08,C2880,Marine Drive Meals,Pizza,602,38,4.7,Debit Card,Mumbai - Thane,Cancelled
102849,2025-04-04,C3088,Chembur Spice House,Desserts,1603,48,4.4,Cash,Mumbai - Ghatkopar,Delivered
102850,2025-12-02,C9558,Thane Treats,North Indian,1694,59,3.1,Credit Card,Mumbai - Powai,Delayed
102851,2026-05-04,C1001,Bandra Bites,Burger,1059,53,3.2,Cash,Mumbai - Andheri,Delivered
102852,2025-04-24,C2021,Ghatkopar Grill,South Indian,1235,70,2.7,Debit Card,Mumbai - Vashi,Delayed
102853,2025-07-27,C2105,Powai Plates,Desserts,547,60,4.8,Debit Card,Mumbai - Dadar,Delayed
102854,2026-04-05,C6882,Thane Treats,South Indian,110,30,3.1,Cash,Mumbai - Malad,Cancelled
102855,2026-03-31,C3168,Kurla Kitchen,North Indian,805,58,3.7,Cash,Mumbai - Chembur,Delayed
102856,2026-04-12,C5576,Andheri Kitchen,South Indian,784,15,4.7,UPI,Mumbai - Mulund,Delayed
102857,2025-11-02,C7127,Chembur Spice House,Pizza,547,68,4.2,Cash,Mumbai - Chembur,Cancelled
102858,2025-09-11,C8921,Andheri Kitchen,Desserts,461,60,2.9,Credit Card,Mumbai - Vashi,Delivered
102859,2025-11-01,C4366,Dadar Darbar,Beverages,1219,42,4.5,Wallet,Mumbai - Kurla,Cancelled
102860,2026-06-11,C8367,Mumbai Tadka,Burger,1299,34,3.5,Credit Card,Mumbai - Powai,Cancelled
102861,2025-10-16,C6083,Vashi Veg Corner,Beverages,1627,19,4.8,Wallet,Mumbai - Powai,Delivered
102862,2025-10-27,C9421,Chembur Spice House,Chinese,983,22,2.7,Wallet,Mumbai - Thane,Delivered
102863,2026-04-21,C8733,Dadar Darbar,Burger,568,49,3.6,Credit Card,Mumbai - Andheri,Cancelled
102864,2025-04-09,C6397,Thane Treats,North Indian,595,75,3.6,Wallet,Mumbai - Vashi,Delivered
102865,2026-01-07,C9393,Kurla Kitchen,Beverages,764,23,2.9,Debit Card,Mumbai - Dadar,Delivered
102866,2026-06-18,C1276,Andheri Kitchen,North Indian,979,43,2.6,UPI,Mumbai - Vashi,Delayed
102867,2025-06-15,C6018,Powai Plates,South Indian,1418,28,3.9,Cash,Mumbai - Dadar,Delivered
102868,2025-01-14,C5302,Mumbai Tadka,Biryani,651,51,2.9,Wallet,Mumbai - Thane,Cancelled
102869,2025-11-02,C9848,Kurla Kitchen,Beverages,941,71,5.0,Credit Card,Mumbai - Mulund,Cancelled
102870,2025-05-09,C2903,Marine Drive Meals,North Indian,992,44,4.0,Cash,Mumbai - Colaba,Delivered
102871,2025-11-25,C1766,Colaba Cafe,Biryani,152,55,4.3,Credit Card,Mumbai - Powai,Cancelled
102872,2025-06-06,C3491,Powai Plates,Chinese,335,21,2.5,Credit Card,Mumbai - Thane,Delivered
102873,2025-04-18,C3562,Andheri Kitchen,Biryani,1634,63,3.0,Cash,Mumbai - Thane,Cancelled
102874,2025-12-23,C2305,Thane Treats,Burger,1625,29,3.5,Cash,Mumbai - Mulund,Delivered
102875,2025-01-23,C1437,Powai Plates,Beverages,1647,47,3.1,UPI,Mumbai - Ghatkopar,Delivered
102876,2026-04-03,C5281,Bandra Bites,Desserts,379,46,3.4,Credit Card,Mumbai - Andheri,Cancelled
102877,2025-04-27,C2924,Powai Plates,Desserts,401,15,4.8,Credit Card,Mumbai - Malad,Cancelled
102878,2025-07-25,C5672,Mumbai Tadka,North Indian,346,76,3.3,UPI,Mumbai - Andheri,Cancelled
102879,2026-05-31,C6616,Dadar Darbar,Healthy Food,756,26,4.9,UPI,Mumbai - Powai,Delivered
102880,2025-11-21,C7988,Andheri Kitchen,Biryani,1233,35,4.0,Credit Card,Mumbai - Vashi,Cancelled
102881,2025-02-03,C1107,Borivali Bistro,South Indian,1092,53,4.6,UPI,Mumbai - Kurla,Cancelled
102882,2026-06-01,C6707,Chembur Spice House,North Indian,1540,47,2.9,Debit Card,Mumbai - Andheri,Delivered
102883,2025-09-01,C6606,Marine Drive Meals,Desserts,653,67,2.9,UPI,Mumbai - Colaba,Delivered
102884,2025-07-20,C9004,Powai Plates,Burger,708,16,4.4,Debit Card,Mumbai - Colaba,Cancelled
102885,2025-12-31,C8616,Dadar Darbar,Pizza,1304,41,4.7,Wallet,Mumbai - Vashi,Delivered
102886,2025-01-13,C4279,Andheri Kitchen,Beverages,1584,53,4.6,Cash,Mumbai - Chembur,Delivered
102887,2025-07-18,C4770,Chembur Spice House,North Indian,733,70,4.4,UPI,Mumbai - Ghatkopar,Delivered
102888,2026-06-08,C1059,Kurla Kitchen,Pizza,1707,46,4.0,Credit Card,Mumbai - Kurla,Delivered
102889,2025-03-31,C8932,Powai Plates,Biryani,1317,33,2.9,Debit Card,Mumbai - Malad,Delivered
102890,2025-09-18,C6825,Malad Food Hub,South Indian,880,42,3.5,Cash,Mumbai - Kurla,Delivered
102891,2025-10-14,C2411,Vashi Veg Corner,North Indian,1092,76,3.2,Debit Card,Mumbai - Colaba,Delivered
102892,2025-07-29,C9222,Malad Food Hub,Burger,1780,61,3.6,Cash,Mumbai - Malad,Delivered
102893,2025-09-27,C8525,Colaba Cafe,Burger,1295,25,2.9,Credit Card,Mumbai - Thane,Delivered
102894,2025-05-25,C7496,Andheri Kitchen,North Indian,1751,61,3.9,UPI,Mumbai - Thane,Delivered
102895,2025-03-05,C7154,Vashi Veg Corner,Biryani,1174,51,2.9,Wallet,Mumbai - Mulund,Delivered
102896,2025-09-01,C3811,Malad Food Hub,Burger,679,61,3.2,Debit Card,Mumbai - Malad,Delivered
102897,2025-03-17,C1441,Marine Drive Meals,Beverages,1231,17,2.7,Cash,Mumbai - Kurla,Delivered
102898,2026-04-24,C5850,Colaba Cafe,Pizza,1380,70,3.7,Credit Card,Mumbai - Chembur,Delivered
102899,2025-08-03,C2159,Chembur Spice House,Desserts,993,72,3.3,Debit Card,Mumbai - Kurla,Delayed
102900,2025-05-24,C7108,Chembur Spice House,North Indian,363,64,4.1,Cash,Mumbai - Vashi,Delivered
102901,2025-10-29,C2521,Dadar Darbar,Desserts,482,26,4.3,Credit Card,Mumbai - Dadar,Delivered
102902,2025-04-02,C4486,Kurla Kitchen,Pizza,993,67,4.5,Credit Card,Mumbai - Bandra,Delayed
102903,2025-07-26,C8971,Borivali Bistro,Pizza,1622,75,3.6,Cash,Mumbai - Thane,Delivered
102904,2025-04-30,C1723,Kurla Kitchen,Pizza,931,57,3.4,Cash,Mumbai - Mulund,Delivered
102905,2026-03-15,C3517,Marine Drive Meals,Burger,677,81,2.6,Wallet,Mumbai - Vashi,Delivered
102906,2026-02-07,C3468,Dadar Darbar,Beverages,1754,61,4.4,Cash,Mumbai - Vashi,Cancelled
102907,2025-12-05,C6910,Malad Food Hub,South Indian,946,15,4.1,Credit Card,Mumbai - Ghatkopar,Delivered
102908,2026-01-17,C3778,Andheri Kitchen,Burger,933,34,4.8,UPI,Mumbai - Chembur,Delivered
102909,2026-04-15,C2344,Bandra Bites,Pizza,1380,31,3.0,Cash,Mumbai - Colaba,Delayed
102910,2026-06-01,C2721,Thane Treats,Chinese,1296,70,3.2,Debit Card,Mumbai - Colaba,Delayed
102911,2025-11-24,C7509,Powai Plates,Pizza,560,50,3.8,Debit Card,Mumbai - Dadar,Delivered
102912,2025-02-06,C8833,Malad Food Hub,Biryani,108,83,3.0,Credit Card,Mumbai - Thane,Cancelled
102913,2025-02-10,C1856,Powai Plates,Chinese,1326,37,4.6,Wallet,Mumbai - Chembur,Delivered
102914,2026-04-12,C2982,Thane Treats,Beverages,307,25,4.2,UPI,Mumbai - Thane,Delayed
102915,2025-06-10,C4108,Dadar Darbar,Pizza,948,26,3.1,Credit Card,Mumbai - Vashi,Delayed
102916,2025-06-29,C6618,Thane Treats,Chinese,1045,17,2.9,UPI,Mumbai - Chembur,Delayed
102917,2025-09-09,C3558,Andheri Kitchen,Desserts,568,64,3.7,Wallet,Mumbai - Borivali,Delivered
102918,2025-11-26,C7377,Marine Drive Meals,Healthy Food,279,79,2.6,Credit Card,Mumbai - Chembur,Delivered
102919,2025-12-30,C7446,Ghatkopar Grill,Biryani,303,28,3.6,Credit Card,Mumbai - Kurla,Delivered
102920,2025-09-19,C4038,Vashi Veg Corner,Chinese,1212,39,4.1,Credit Card,Mumbai - Borivali,Delivered
102921,2025-12-31,C6734,Dadar Darbar,Chinese,1185,66,4.4,Wallet,Mumbai - Vashi,Delivered
102922,2026-04-21,C1190,Thane Treats,Biryani,742,58,3.9,Debit Card,Mumbai - Bandra,Delivered
102923,2026-03-17,C8689,Vashi Veg Corner,South Indian,386,25,2.9,UPI,Mumbai - Andheri,Delivered
102924,2026-06-19,C5887,Chembur Spice House,Desserts,1439,22,2.8,UPI,Mumbai - Dadar,Delivered
102925,2025-03-08,C4207,Kurla Kitchen,Healthy Food,501,47,3.0,Debit Card,Mumbai - Thane,Delivered
102926,2025-07-09,C9755,Ghatkopar Grill,Biryani,1396,62,4.6,Debit Card,Mumbai - Dadar,Delivered
102927,2025-01-22,C5940,Powai Plates,Beverages,677,79,4.5,UPI,Mumbai - Malad,Cancelled
102928,2025-02-04,C6070,Colaba Cafe,Biryani,879,80,4.2,Credit Card,Mumbai - Ghatkopar,Delivered
102929,2025-06-21,C2800,Marine Drive Meals,South Indian,1502,80,4.2,Debit Card,Mumbai - Dadar,Cancelled
102930,2026-05-31,C5490,Mumbai Tadka,Beverages,1070,61,4.3,Debit Card,Mumbai - Vashi,Delivered
102931,2025-05-08,C4721,Chembur Spice House,Biryani,795,16,4.6,Debit Card,Mumbai - Chembur,Delivered
102932,2025-04-19,C9848,Thane Treats,Pizza,1545,54,4.5,Wallet,Mumbai - Malad,Delivered
102933,2026-03-07,C3743,Chembur Spice House,Biryani,882,21,3.0,Cash,Mumbai - Dadar,Delivered
102934,2025-10-02,C6954,Vashi Veg Corner,Healthy Food,202,22,3.1,Credit Card,Mumbai - Chembur,Delayed
102935,2026-05-24,C5270,Chembur Spice House,Biryani,251,29,3.1,Debit Card,Mumbai - Vashi,Delivered
102936,2025-09-19,C8325,Powai Plates,South Indian,1417,52,3.8,Credit Card,Mumbai - Malad,Delivered
102937,2026-06-22,C7457,Borivali Bistro,Burger,1060,37,2.8,Debit Card,Mumbai - Andheri,Delivered
102938,2026-04-03,C4130,Malad Food Hub,Biryani,570,59,4.8,Credit Card,Mumbai - Dadar,Cancelled
102939,2025-05-22,C4834,Dadar Darbar,Healthy Food,673,33,4.9,Credit Card,Mumbai - Vashi,Delivered
102940,2025-06-09,C6014,Chembur Spice House,Pizza,508,45,3.7,Debit Card,Mumbai - Mulund,Delivered
102941,2025-08-18,C3247,Marine Drive Meals,North Indian,1355,71,4.7,Wallet,Mumbai - Thane,Cancelled
102942,2026-03-20,C9758,Kurla Kitchen,Chinese,845,63,2.6,UPI,Mumbai - Colaba,Delayed
102943,2025-01-21,C3105,Dadar Darbar,Healthy Food,1182,72,3.7,Cash,Mumbai - Mulund,Delayed
102944,2026-06-10,C3769,Andheri Kitchen,North Indian,626,61,4.9,Cash,Mumbai - Thane,Delayed
102945,2026-03-10,C4421,Vashi Veg Corner,Burger,886,71,3.7,Wallet,Mumbai - Kurla,Delivered
102946,2025-04-26,C4113,Mumbai Tadka,Chinese,1051,79,3.6,Credit Card,Mumbai - Kurla,Delayed
102947,2025-10-29,C8111,Colaba Cafe,South Indian,646,58,3.1,Credit Card,Mumbai - Ghatkopar,Delivered
102948,2026-03-25,C4461,Malad Food Hub,Healthy Food,1700,53,2.7,Cash,Mumbai - Bandra,Delivered
102949,2025-01-23,C8542,Thane Treats,Pizza,951,41,3.0,Debit Card,Mumbai - Mulund,Delivered
102950,2026-06-17,C1262,Vashi Veg Corner,Burger,1667,38,3.3,Wallet,Mumbai - Kurla,Cancelled
102951,2025-04-05,C5963,Dadar Darbar,Chinese,1277,80,3.4,Credit Card,Mumbai - Thane,Delivered
102952,2026-04-15,C9931,Andheri Kitchen,Healthy Food,1732,46,4.0,UPI,Mumbai - Chembur,Delayed
102953,2025-08-23,C5166,Mumbai Tadka,Chinese,1370,19,2.8,Credit Card,Mumbai - Powai,Delivered
102954,2025-08-07,C5872,Malad Food Hub,Beverages,440,76,4.5,Wallet,Mumbai - Borivali,Delivered
102955,2025-02-15,C8326,Borivali Bistro,South Indian,1753,80,4.3,Debit Card,Mumbai - Mulund,Delayed
102956,2025-04-22,C4234,Thane Treats,Burger,741,57,4.4,Cash,Mumbai - Colaba,Delivered
102957,2025-01-09,C9101,Colaba Cafe,Biryani,984,25,2.5,UPI,Mumbai - Colaba,Delivered
102958,2025-10-05,C7979,Dadar Darbar,Desserts,1071,75,3.9,Cash,Mumbai - Malad,Delayed
102959,2025-06-07,C1188,Bandra Bites,Healthy Food,591,30,3.8,Credit Card,Mumbai - Thane,Delivered
102960,2026-03-27,C5236,Marine Drive Meals,Burger,925,85,4.0,Credit Card,Mumbai - Borivali,Delivered
102961,2025-02-17,C1608,Dadar Darbar,Chinese,426,40,3.3,Wallet,Mumbai - Mulund,Delivered
102962,2025-10-04,C7077,Ghatkopar Grill,South Indian,1578,51,4.9,Credit Card,Mumbai - Dadar,Delivered
102963,2025-05-29,C5613,Mumbai Tadka,Healthy Food,1575,56,4.4,UPI,Mumbai - Thane,Delayed
102964,2025-02-02,C8399,Marine Drive Meals,Burger,586,47,4.1,UPI,Mumbai - Mulund,Delivered
102965,2025-06-05,C9321,Mumbai Tadka,Burger,1201,28,3.2,UPI,Mumbai - Thane,Delivered
102966,2025-04-26,C7592,Malad Food Hub,Biryani,1215,34,4.8,Cash,Mumbai - Chembur,Cancelled
102967,2025-04-13,C8987,Vashi Veg Corner,Desserts,1272,78,4.6,Debit Card,Mumbai - Malad,Delivered
102968,2025-09-05,C6085,Vashi Veg Corner,Burger,1687,70,3.2,Credit Card,Mumbai - Mulund,Delivered
102969,2025-06-16,C3566,Andheri Kitchen,Desserts,538,49,3.5,UPI,Mumbai - Kurla,Delivered
102970,2025-06-29,C5391,Powai Plates,Desserts,398,58,4.9,Credit Card,Mumbai - Colaba,Delivered
102971,2026-05-29,C7822,Bandra Bites,Pizza,236,31,4.5,UPI,Mumbai - Ghatkopar,Delivered
102972,2026-06-25,C8678,Chembur Spice House,Desserts,804,43,3.6,Cash,Mumbai - Borivali,Delayed
102973,2025-10-09,C7362,Borivali Bistro,Pizza,509,53,3.9,Debit Card,Mumbai - Vashi,Delivered
102974,2026-03-26,C8280,Marine Drive Meals,Desserts,945,62,2.7,Debit Card,Mumbai - Powai,Delivered
102975,2025-03-10,C5871,Mumbai Tadka,Pizza,1090,48,3.4,Credit Card,Mumbai - Powai,Delayed
102976,2025-12-24,C9198,Powai Plates,Burger,1341,33,3.8,UPI,Mumbai - Thane,Delayed
102977,2025-02-24,C7050,Ghatkopar Grill,Biryani,1050,82,3.9,Cash,Mumbai - Thane,Delivered
102978,2026-04-03,C5437,Kurla Kitchen,South Indian,856,37,3.1,Credit Card,Mumbai - Borivali,Delayed
102979,2025-05-31,C3844,Colaba Cafe,North Indian,1662,56,3.3,Credit Card,Mumbai - Kurla,Delivered
102980,2025-08-31,C3998,Ghatkopar Grill,Beverages,641,68,2.9,Debit Card,Mumbai - Dadar,Delayed
102981,2025-12-08,C4387,Mumbai Tadka,Beverages,338,34,4.3,Credit Card,Mumbai - Ghatkopar,Delivered
102982,2026-04-27,C8459,Andheri Kitchen,South Indian,1037,85,4.5,Wallet,Mumbai - Ghatkopar,Delayed
102983,2025-04-05,C5693,Mumbai Tadka,Pizza,687,71,3.3,Cash,Mumbai - Mulund,Delayed
102984,2025-06-04,C8698,Marine Drive Meals,Beverages,378,55,4.6,Cash,Mumbai - Borivali,Delivered
102985,2025-07-01,C4207,Vashi Veg Corner,Pizza,1000,78,4.5,UPI,Mumbai - Dadar,Delivered
102986,2026-01-11,C4100,Borivali Bistro,Burger,995,39,4.5,Cash,Mumbai - Mulund,Delivered
102987,2025-04-07,C8358,Thane Treats,Healthy Food,1718,54,3.9,Wallet,Mumbai - Kurla,Cancelled
102988,2025-09-20,C6643,Ghatkopar Grill,Beverages,1236,72,3.2,UPI,Mumbai - Bandra,Delivered
102989,2026-05-24,C8210,Dadar Darbar,South Indian,941,18,4.7,Wallet,Mumbai - Kurla,Delivered
102990,2025-08-06,C1278,Powai Plates,North Indian,1217,25,3.4,Debit Card,Mumbai - Borivali,Delivered
102991,2025-11-27,C9991,Malad Food Hub,South Indian,1221,25,4.8,UPI,Mumbai - Colaba,Delivered
102992,2025-12-18,C3541,Dadar Darbar,Pizza,805,58,2.8,Credit Card,Mumbai - Malad,Delivered
102993,2025-04-28,C7373,Andheri Kitchen,Pizza,1434,33,4.3,Debit Card,Mumbai - Ghatkopar,Delivered
102994,2025-08-29,C3481,Ghatkopar Grill,Healthy Food,1606,81,3.2,Debit Card,Mumbai - Andheri,Delayed
102995,2025-08-15,C6999,Powai Plates,South Indian,758,55,3.0,Wallet,Mumbai - Dadar,Cancelled
102996,2025-08-31,C5943,Dadar Darbar,Beverages,752,29,3.7,Credit Card,Mumbai - Colaba,Delayed
102997,2025-04-22,C8197,Borivali Bistro,Healthy Food,276,52,3.7,Credit Card,Mumbai - Thane,Delivered
102998,2025-01-24,C4908,Thane Treats,Desserts,457,21,3.3,Wallet,Mumbai - Powai,Delivered
102999,2025-12-16,C4176,Dadar Darbar,Healthy Food,1022,54,4.1,Credit Card,Mumbai - Mulund,Cancelled
103000,2025-10-08,C2319,Chembur Spice House,North Indian,399,21,4.2,Cash,Mumbai - Powai,Delivered
103001,2025-10-04,C3306,Vashi Veg Corner,Pizza,423,79,3.7,Credit Card,Mumbai - Mulund,Delayed
103002,2025-12-04,C4989,Thane Treats,Chinese,1543,19,4.4,Wallet,Mumbai - Mulund,Delayed
103003,2025-02-03,C1241,Bandra Bites,Desserts,700,81,2.8,UPI,Mumbai - Dadar,Delayed
103004,2025-09-08,C6217,Marine Drive Meals,South Indian,172,57,2.8,Wallet,Mumbai - Thane,Cancelled
103005,2026-03-26,C3292,Andheri Kitchen,Biryani,715,47,2.7,Cash,Mumbai - Malad,Delivered
103006,2026-05-29,C2613,Mumbai Tadka,Healthy Food,1087,46,2.6,Cash,Mumbai - Thane,Delivered
103007,2025-05-11,C2541,Colaba Cafe,Healthy Food,400,75,3.7,UPI,Mumbai - Ghatkopar,Delivered
103008,2026-05-09,C1462,Chembur Spice House,Biryani,425,54,3.3,Credit Card,Mumbai - Bandra,Cancelled
103009,2025-04-08,C2260,Thane Treats,Biryani,1688,82,3.2,UPI,Mumbai - Vashi,Delayed
103010,2025-10-21,C1869,Dadar Darbar,South Indian,1422,22,4.6,Wallet,Mumbai - Bandra,Delayed
103011,2026-05-24,C2485,Vashi Veg Corner,North Indian,1420,78,4.2,Wallet,Mumbai - Andheri,Delayed
103012,2026-03-07,C3590,Andheri Kitchen,Biryani,1235,20,2.8,Wallet,Mumbai - Malad,Delivered
103013,2026-03-15,C8631,Dadar Darbar,North Indian,523,34,3.7,Debit Card,Mumbai - Powai,Delivered
103014,2025-02-25,C9701,Dadar Darbar,Desserts,840,49,4.1,UPI,Mumbai - Chembur,Delivered
103015,2025-07-01,C5248,Chembur Spice House,Beverages,551,36,4.8,Credit Card,Mumbai - Kurla,Delivered
103016,2025-03-18,C4695,Vashi Veg Corner,North Indian,764,30,2.9,Credit Card,Mumbai - Bandra,Delayed
103017,2025-02-28,C6363,Chembur Spice House,Desserts,1298,44,3.5,UPI,Mumbai - Dadar,Cancelled
103018,2025-12-02,C7784,Marine Drive Meals,Desserts,1775,17,2.7,Credit Card,Mumbai - Powai,Delivered
103019,2025-02-24,C8473,Bandra Bites,South Indian,1260,19,3.3,Cash,Mumbai - Mulund,Cancelled
103020,2025-04-20,C2484,Powai Plates,Chinese,157,70,3.5,Credit Card,Mumbai - Malad,Delivered
103021,2025-06-14,C7880,Mumbai Tadka,Biryani,1260,42,3.0,Wallet,Mumbai - Vashi,Delivered
103022,2025-04-12,C6385,Kurla Kitchen,Healthy Food,179,67,3.7,UPI,Mumbai - Malad,Delivered
103023,2025-07-21,C2986,Kurla Kitchen,Pizza,194,47,4.5,Cash,Mumbai - Colaba,Delayed
103024,2025-11-15,C7797,Bandra Bites,Beverages,617,73,3.9,Credit Card,Mumbai - Chembur,Cancelled
103025,2025-02-26,C5266,Andheri Kitchen,Healthy Food,319,73,4.2,Cash,Mumbai - Vashi,Delayed
103026,2026-02-08,C5653,Vashi Veg Corner,South Indian,339,35,2.9,Wallet,Mumbai - Dadar,Delivered
103027,2025-07-29,C9943,Andheri Kitchen,Desserts,158,77,2.8,Wallet,Mumbai - Powai,Cancelled
103028,2025-06-17,C2072,Borivali Bistro,Healthy Food,607,34,3.7,Credit Card,Mumbai - Bandra,Delivered
103029,2025-01-01,C8329,Borivali Bistro,South Indian,1477,64,3.2,Cash,Mumbai - Vashi,Delivered
103030,2026-01-27,C3726,Thane Treats,Desserts,178,47,3.9,UPI,Mumbai - Malad,Delivered
103031,2025-09-18,C8089,Colaba Cafe,Burger,342,50,4.3,Credit Card,Mumbai - Kurla,Cancelled
103032,2025-02-12,C4712,Colaba Cafe,North Indian,1075,25,3.0,UPI,Mumbai - Mulund,Delayed
103033,2026-01-31,C4461,Malad Food Hub,South Indian,976,41,3.4,Wallet,Mumbai - Colaba,Delivered
103034,2025-02-04,C8567,Dadar Darbar,Pizza,1315,19,3.8,Credit Card,Mumbai - Vashi,Delivered
103035,2026-03-06,C9577,Ghatkopar Grill,Biryani,1155,15,4.7,Credit Card,Mumbai - Chembur,Delayed
103036,2025-03-26,C3858,Malad Food Hub,Healthy Food,342,24,3.3,Debit Card,Mumbai - Malad,Cancelled
103037,2025-11-17,C2918,Chembur Spice House,South Indian,1596,51,4.3,Cash,Mumbai - Ghatkopar,Delivered
103038,2025-09-13,C7421,Ghatkopar Grill,Desserts,552,31,4.6,Wallet,Mumbai - Bandra,Delayed
103039,2025-04-28,C9829,Dadar Darbar,Biryani,412,67,4.5,Cash,Mumbai - Colaba,Delayed
103040,2025-08-02,C5493,Marine Drive Meals,Beverages,758,15,3.3,Credit Card,Mumbai - Colaba,Cancelled
103041,2025-01-12,C5287,Kurla Kitchen,South Indian,672,83,3.7,Credit Card,Mumbai - Colaba,Delivered
103042,2025-05-05,C5832,Marine Drive Meals,Chinese,771,32,3.9,Cash,Mumbai - Borivali,Cancelled
103043,2025-09-13,C3753,Bandra Bites,South Indian,1458,53,3.4,UPI,Mumbai - Thane,Delivered
103044,2026-06-06,C1750,Powai Plates,South Indian,678,82,2.5,UPI,Mumbai - Malad,Delivered
103045,2025-07-11,C7928,Thane Treats,Burger,786,72,4.3,Wallet,Mumbai - Ghatkopar,Delayed
103046,2025-04-13,C1359,Borivali Bistro,Healthy Food,714,72,3.1,Debit Card,Mumbai - Borivali,Delayed
103047,2025-03-21,C2338,Chembur Spice House,Desserts,1208,57,3.8,Debit Card,Mumbai - Mulund,Delivered
103048,2025-06-06,C5702,Vashi Veg Corner,Healthy Food,660,40,2.8,Cash,Mumbai - Borivali,Delivered
103049,2026-01-02,C5922,Vashi Veg Corner,Biryani,1619,17,4.3,Cash,Mumbai - Dadar,Delivered
103050,2025-07-15,C4084,Thane Treats,Healthy Food,1360,30,4.4,Credit Card,Mumbai - Powai,Delayed
103051,2026-05-08,C2927,Marine Drive Meals,Desserts,1030,75,4.1,Credit Card,Mumbai - Malad,Delivered
103052,2025-03-17,C1911,Dadar Darbar,Chinese,135,49,4.9,UPI,Mumbai - Borivali,Delivered
103053,2025-06-20,C2376,Vashi Veg Corner,Burger,373,78,3.3,Debit Card,Mumbai - Ghatkopar,Delayed
103054,2025-04-18,C2489,Malad Food Hub,Desserts,979,47,4.6,Credit Card,Mumbai - Bandra,Delivered
103055,2025-09-09,C8643,Borivali Bistro,Burger,1417,16,3.2,Debit Card,Mumbai - Mulund,Delivered
103056,2025-05-06,C4806,Thane Treats,Beverages,1172,80,3.1,UPI,Mumbai - Colaba,Delayed
103057,2026-03-14,C7739,Marine Drive Meals,Chinese,543,75,4.6,Debit Card,Mumbai - Powai,Cancelled
103058,2025-01-18,C7646,Marine Drive Meals,Healthy Food,1687,47,4.1,Cash,Mumbai - Andheri,Delivered
103059,2025-03-13,C6447,Ghatkopar Grill,South Indian,1199,43,3.4,Wallet,Mumbai - Mulund,Delivered
103060,2025-01-29,C6151,Ghatkopar Grill,Desserts,1734,38,2.9,Wallet,Mumbai - Malad,Delayed
103061,2025-09-23,C7802,Colaba Cafe,Healthy Food,1592,22,2.6,Credit Card,Mumbai - Dadar,Delivered
103062,2025-01-25,C5474,Borivali Bistro,Burger,657,56,2.8,Debit Card,Mumbai - Bandra,Cancelled
103063,2025-08-17,C4765,Marine Drive Meals,North Indian,1316,47,3.4,Wallet,Mumbai - Chembur,Delayed
103064,2026-03-01,C1421,Vashi Veg Corner,Chinese,489,73,4.2,Credit Card,Mumbai - Malad,Delivered
103065,2025-09-27,C6012,Vashi Veg Corner,Pizza,423,58,3.4,UPI,Mumbai - Bandra,Cancelled
103066,2026-05-16,C9961,Powai Plates,Pizza,772,53,3.7,Credit Card,Mumbai - Powai,Delivered
103067,2026-06-05,C2495,Colaba Cafe,Healthy Food,289,15,4.0,Cash,Mumbai - Kurla,Delivered
103068,2025-06-13,C3225,Colaba Cafe,Pizza,875,23,4.7,Credit Card,Mumbai - Ghatkopar,Delivered
103069,2025-10-20,C2511,Vashi Veg Corner,South Indian,591,45,3.9,Credit Card,Mumbai - Vashi,Delivered
103070,2025-03-17,C9318,Mumbai Tadka,Pizza,1558,69,2.6,Wallet,Mumbai - Bandra,Delivered
103071,2025-12-12,C1513,Dadar Darbar,Pizza,1574,65,4.5,Cash,Mumbai - Borivali,Delivered
103072,2026-04-04,C8648,Borivali Bistro,Beverages,763,54,4.6,UPI,Mumbai - Kurla,Delayed
103073,2026-01-03,C6840,Borivali Bistro,South Indian,404,44,3.5,Debit Card,Mumbai - Bandra,Cancelled
103074,2026-06-19,C3265,Kurla Kitchen,South Indian,472,75,2.9,Cash,Mumbai - Colaba,Cancelled
103075,2025-10-16,C2684,Colaba Cafe,Burger,1708,42,3.1,UPI,Mumbai - Powai,Delivered
103076,2025-04-08,C7093,Borivali Bistro,Healthy Food,1458,80,4.6,Cash,Mumbai - Chembur,Delivered
103077,2026-04-05,C4157,Chembur Spice House,Chinese,1250,42,3.0,Cash,Mumbai - Mulund,Cancelled
103078,2026-01-15,C7528,Borivali Bistro,Desserts,1525,66,3.0,Wallet,Mumbai - Thane,Delivered
103079,2025-12-04,C3066,Vashi Veg Corner,Pizza,1002,17,3.0,Debit Card,Mumbai - Andheri,Cancelled
103080,2025-04-03,C1573,Ghatkopar Grill,South Indian,1247,65,2.7,UPI,Mumbai - Thane,Cancelled
103081,2026-01-23,C5275,Borivali Bistro,North Indian,251,65,3.2,UPI,Mumbai - Ghatkopar,Delivered
103082,2025-12-29,C7752,Dadar Darbar,Healthy Food,712,29,3.2,Debit Card,Mumbai - Chembur,Delayed
103083,2025-12-31,C4194,Powai Plates,Burger,552,50,4.0,Credit Card,Mumbai - Mulund,Cancelled
103084,2025-04-18,C2149,Kurla Kitchen,North Indian,1580,67,3.7,Debit Card,Mumbai - Colaba,Delivered
103085,2025-11-27,C4109,Dadar Darbar,Desserts,1791,71,4.8,Debit Card,Mumbai - Mulund,Delivered
103086,2026-05-04,C6362,Chembur Spice House,North Indian,1528,21,4.0,Debit Card,Mumbai - Chembur,Delivered
103087,2025-04-07,C1597,Chembur Spice House,Pizza,951,61,2.9,Debit Card,Mumbai - Chembur,Cancelled
103088,2025-07-31,C9061,Borivali Bistro,Desserts,1563,58,3.7,UPI,Mumbai - Ghatkopar,Delivered
103089,2025-10-30,C3719,Marine Drive Meals,Beverages,800,56,3.4,Wallet,Mumbai - Bandra,Cancelled
103090,2026-04-09,C6823,Marine Drive Meals,South Indian,118,83,3.8,Cash,Mumbai - Mulund,Delivered
103091,2026-06-22,C5545,Andheri Kitchen,Pizza,1514,18,4.4,Cash,Mumbai - Ghatkopar,Delivered
103092,2026-06-03,C9095,Marine Drive Meals,South Indian,731,58,4.7,Cash,Mumbai - Mulund,Delivered
103093,2025-04-27,C7728,Powai Plates,Chinese,1049,57,2.9,Debit Card,Mumbai - Chembur,Delivered
103094,2025-02-05,C6723,Thane Treats,Chinese,730,59,4.4,Debit Card,Mumbai - Vashi,Delivered
103095,2025-12-26,C1170,Dadar Darbar,Healthy Food,1588,48,2.9,Cash,Mumbai - Andheri,Delivered
103096,2025-03-29,C6183,Colaba Cafe,Burger,632,28,2.8,Wallet,Mumbai - Colaba,Cancelled
103097,2025-08-13,C5233,Malad Food Hub,Biryani,851,68,4.0,Cash,Mumbai - Andheri,Cancelled
103098,2026-05-26,C8867,Andheri Kitchen,North Indian,204,29,2.5,Debit Card,Mumbai - Mulund,Delayed
103099,2025-06-04,C3192,Vashi Veg Corner,Biryani,1707,21,2.8,UPI,Mumbai - Bandra,Cancelled
103100,2026-06-14,C3147,Thane Treats,Burger,716,74,3.2,Credit Card,Mumbai - Malad,Delayed
103101,2026-02-17,C6341,Ghatkopar Grill,Desserts,1003,25,4.9,Cash,Mumbai - Chembur,Cancelled
103102,2026-02-28,C2984,Thane Treats,Biryani,1645,18,3.0,UPI,Mumbai - Malad,Delivered
103103,2025-10-06,C8387,Ghatkopar Grill,Beverages,807,73,3.6,Cash,Mumbai - Borivali,Delivered
103104,2025-09-13,C1179,Powai Plates,Healthy Food,1485,69,2.6,Cash,Mumbai - Powai,Delayed
103105,2026-06-05,C3464,Chembur Spice House,North Indian,966,84,4.4,Cash,Mumbai - Malad,Delivered
103106,2025-07-20,C5903,Thane Treats,Desserts,1121,26,4.1,Credit Card,Mumbai - Thane,Delivered
103107,2025-12-31,C7079,Colaba Cafe,Pizza,963,55,3.0,Debit Card,Mumbai - Dadar,Delivered
103108,2025-05-07,C1574,Vashi Veg Corner,North Indian,1434,61,3.1,Credit Card,Mumbai - Mulund,Cancelled
103109,2025-03-26,C4369,Kurla Kitchen,Chinese,1594,58,4.1,Credit Card,Mumbai - Malad,Delivered
103110,2025-05-31,C3583,Powai Plates,Pizza,1731,53,3.0,UPI,Mumbai - Kurla,Delivered
103111,2025-07-02,C8383,Mumbai Tadka,Desserts,575,68,2.8,Cash,Mumbai - Powai,Cancelled
103112,2025-11-29,C3667,Colaba Cafe,North Indian,1085,18,3.4,UPI,Mumbai - Andheri,Cancelled
103113,2025-03-08,C7743,Andheri Kitchen,Pizza,493,16,3.6,Cash,Mumbai - Chembur,Delivered
103114,2026-06-24,C4673,Dadar Darbar,Biryani,1204,64,4.6,Wallet,Mumbai - Malad,Delivered
103115,2026-01-19,C7972,Kurla Kitchen,Biryani,580,42,4.4,Debit Card,Mumbai - Mulund,Delivered
103116,2026-04-17,C7940,Chembur Spice House,Desserts,590,22,4.6,Credit Card,Mumbai - Colaba,Delayed
103117,2026-02-11,C7888,Colaba Cafe,Burger,1339,70,4.2,Cash,Mumbai - Chembur,Delivered
103118,2025-10-19,C8980,Kurla Kitchen,Chinese,310,58,4.9,Debit Card,Mumbai - Chembur,Delivered
103119,2025-01-21,C7214,Powai Plates,North Indian,859,59,3.7,Wallet,Mumbai - Dadar,Delayed
103120,2025-02-15,C7708,Colaba Cafe,Desserts,287,27,3.4,Debit Card,Mumbai - Powai,Delivered
103121,2025-09-13,C7065,Andheri Kitchen,Pizza,1045,85,3.1,Credit Card,Mumbai - Thane,Delivered
103122,2026-06-18,C1353,Andheri Kitchen,Desserts,219,47,4.2,UPI,Mumbai - Kurla,Delivered
103123,2025-11-10,C7736,Borivali Bistro,Pizza,1257,16,2.9,UPI,Mumbai - Powai,Delivered
103124,2025-06-21,C1119,Vashi Veg Corner,Chinese,927,78,4.3,Cash,Mumbai - Powai,Cancelled
103125,2025-12-25,C5165,Dadar Darbar,Beverages,592,69,4.3,Debit Card,Mumbai - Mulund,Delivered
103126,2026-01-26,C2351,Powai Plates,Beverages,1040,27,4.8,Wallet,Mumbai - Chembur,Delayed
103127,2026-04-12,C6406,Mumbai Tadka,South Indian,426,30,4.8,Wallet,Mumbai - Mulund,Delivered
103128,2026-02-02,C9067,Bandra Bites,Burger,1051,18,4.9,UPI,Mumbai - Mulund,Delivered
103129,2026-02-13,C2910,Mumbai Tadka,North Indian,1524,85,3.4,Debit Card,Mumbai - Dadar,Delivered
103130,2025-05-27,C4267,Bandra Bites,Pizza,1634,70,4.3,Wallet,Mumbai - Bandra,Cancelled
103131,2025-11-25,C1954,Kurla Kitchen,Beverages,916,79,2.9,Debit Card,Mumbai - Powai,Cancelled
103132,2025-07-03,C2308,Thane Treats,South Indian,1501,65,2.7,Debit Card,Mumbai - Kurla,Delivered
103133,2026-04-25,C1942,Borivali Bistro,Pizza,214,55,4.8,Cash,Mumbai - Thane,Delayed
103134,2025-12-21,C8631,Thane Treats,Beverages,1198,82,4.6,Credit Card,Mumbai - Kurla,Delivered
103135,2026-01-04,C5431,Dadar Darbar,Healthy Food,1768,24,3.0,Wallet,Mumbai - Malad,Delayed
103136,2025-04-25,C6383,Ghatkopar Grill,Pizza,522,34,3.2,Cash,Mumbai - Mulund,Delivered
103137,2025-10-01,C8025,Mumbai Tadka,Healthy Food,143,21,2.7,UPI,Mumbai - Ghatkopar,Delivered
103138,2025-05-24,C9334,Bandra Bites,Burger,397,82,2.6,UPI,Mumbai - Ghatkopar,Delivered
103139,2025-11-21,C5608,Ghatkopar Grill,Beverages,132,51,4.9,Cash,Mumbai - Andheri,Cancelled
103140,2025-04-09,C3194,Mumbai Tadka,Healthy Food,1673,75,2.8,Credit Card,Mumbai - Malad,Cancelled
103141,2025-01-31,C4491,Dadar Darbar,Chinese,1042,68,3.1,Wallet,Mumbai - Dadar,Delivered
103142,2025-05-16,C6311,Bandra Bites,Healthy Food,270,65,2.9,Cash,Mumbai - Chembur,Delayed
103143,2025-08-26,C4891,Borivali Bistro,Healthy Food,769,37,4.3,Wallet,Mumbai - Chembur,Delayed
103144,2026-05-15,C4633,Kurla Kitchen,South Indian,480,76,4.4,Debit Card,Mumbai - Thane,Cancelled
103145,2025-07-07,C2611,Bandra Bites,North Indian,1315,80,3.5,UPI,Mumbai - Borivali,Delayed
103146,2026-02-09,C7914,Borivali Bistro,Beverages,1358,70,2.5,Debit Card,Mumbai - Andheri,Delivered
103147,2026-05-06,C1800,Borivali Bistro,South Indian,1136,40,4.3,Debit Card,Mumbai - Powai,Delivered
103148,2025-05-22,C6135,Dadar Darbar,North Indian,918,63,4.5,Debit Card,Mumbai - Borivali,Delivered
103149,2025-05-18,C5884,Kurla Kitchen,Chinese,1345,21,3.2,UPI,Mumbai - Vashi,Delivered
103150,2025-01-16,C9286,Ghatkopar Grill,Beverages,198,51,4.2,Debit Card,Mumbai - Ghatkopar,Delivered
103151,2025-08-19,C3879,Ghatkopar Grill,Beverages,1310,20,3.8,Credit Card,Mumbai - Borivali,Delivered
103152,2026-05-03,C8059,Marine Drive Meals,Healthy Food,231,45,2.6,Wallet,Mumbai - Malad,Delivered
103153,2025-12-31,C2973,Vashi Veg Corner,Chinese,632,75,2.7,Cash,Mumbai - Powai,Delivered
103154,2025-06-03,C9655,Mumbai Tadka,Burger,403,19,3.0,Wallet,Mumbai - Ghatkopar,Cancelled
103155,2025-04-10,C1571,Dadar Darbar,Chinese,471,77,4.4,Wallet,Mumbai - Colaba,Cancelled
103156,2025-03-02,C3237,Powai Plates,North Indian,1715,49,3.2,Cash,Mumbai - Dadar,Delivered
103157,2025-02-14,C7083,Andheri Kitchen,Pizza,1495,53,3.3,Debit Card,Mumbai - Thane,Delayed
103158,2026-01-12,C4247,Vashi Veg Corner,Biryani,1199,43,3.7,UPI,Mumbai - Mulund,Delayed
103159,2025-07-07,C7718,Andheri Kitchen,Beverages,1594,67,3.8,Debit Card,Mumbai - Thane,Delayed
103160,2026-01-11,C9907,Vashi Veg Corner,Desserts,250,22,2.9,Cash,Mumbai - Malad,Cancelled
103161,2026-03-07,C8911,Marine Drive Meals,Healthy Food,570,24,3.1,Cash,Mumbai - Malad,Delayed
103162,2025-11-17,C3195,Colaba Cafe,North Indian,896,44,4.2,UPI,Mumbai - Kurla,Delivered
103163,2025-11-06,C3231,Chembur Spice House,Burger,739,48,4.4,Wallet,Mumbai - Mulund,Delayed
103164,2026-03-31,C8226,Kurla Kitchen,Pizza,570,49,4.0,Debit Card,Mumbai - Bandra,Delivered
103165,2025-11-14,C4056,Ghatkopar Grill,Desserts,981,83,3.7,Wallet,Mumbai - Malad,Delayed
103166,2026-05-31,C8121,Colaba Cafe,Chinese,1349,57,3.6,Wallet,Mumbai - Andheri,Cancelled
103167,2025-01-29,C6434,Marine Drive Meals,Biryani,987,44,2.7,Credit Card,Mumbai - Powai,Delivered
103168,2025-08-21,C1256,Malad Food Hub,Healthy Food,898,29,3.9,Wallet,Mumbai - Borivali,Cancelled
103169,2025-12-03,C4408,Thane Treats,Beverages,1588,72,3.1,Credit Card,Mumbai - Colaba,Delivered
103170,2025-05-01,C8226,Malad Food Hub,North Indian,891,44,2.7,Credit Card,Mumbai - Thane,Cancelled
103171,2025-08-10,C5027,Borivali Bistro,Burger,650,80,4.8,Cash,Mumbai - Kurla,Delivered
103172,2025-06-03,C8666,Kurla Kitchen,Desserts,1762,31,2.8,Credit Card,Mumbai - Borivali,Delivered
103173,2025-08-02,C9754,Vashi Veg Corner,Chinese,1687,65,4.1,Wallet,Mumbai - Mulund,Cancelled
103174,2025-11-26,C9905,Bandra Bites,Healthy Food,596,42,4.1,Debit Card,Mumbai - Kurla,Delayed
103175,2026-03-31,C4659,Vashi Veg Corner,Beverages,231,63,4.4,Debit Card,Mumbai - Bandra,Cancelled
103176,2026-03-13,C1997,Ghatkopar Grill,Healthy Food,1589,64,4.4,Wallet,Mumbai - Dadar,Delayed
103177,2026-04-08,C8353,Marine Drive Meals,Pizza,968,18,4.5,UPI,Mumbai - Kurla,Delivered
103178,2026-06-21,C5826,Borivali Bistro,Chinese,1261,52,3.0,Cash,Mumbai - Kurla,Delivered
103179,2026-03-31,C7526,Malad Food Hub,Biryani,1061,29,3.7,UPI,Mumbai - Kurla,Delayed
103180,2025-02-07,C7776,Powai Plates,Biryani,1230,17,4.3,Cash,Mumbai - Mulund,Delayed
103181,2025-05-25,C8709,Mumbai Tadka,Healthy Food,1126,53,3.5,Credit Card,Mumbai - Dadar,Delivered
103182,2025-07-28,C9736,Thane Treats,Burger,1451,47,3.9,Debit Card,Mumbai - Andheri,Delivered
103183,2025-12-11,C5121,Ghatkopar Grill,Burger,259,80,3.2,Credit Card,Mumbai - Andheri,Cancelled
103184,2026-04-11,C2703,Kurla Kitchen,Burger,265,32,2.5,Wallet,Mumbai - Kurla,Delivered
103185,2025-02-05,C3800,Thane Treats,Chinese,1151,76,4.1,Credit Card,Mumbai - Borivali,Delivered
103186,2025-07-09,C5351,Andheri Kitchen,Desserts,1679,25,4.0,Credit Card,Mumbai - Powai,Delayed
103187,2026-05-19,C7756,Colaba Cafe,Chinese,1758,41,3.5,Cash,Mumbai - Bandra,Delivered
103188,2025-09-07,C4650,Dadar Darbar,Pizza,466,85,3.1,Cash,Mumbai - Dadar,Delivered
103189,2026-02-06,C8124,Kurla Kitchen,Pizza,257,38,4.1,Cash,Mumbai - Malad,Cancelled
103190,2025-05-26,C4108,Malad Food Hub,South Indian,623,56,4.1,Credit Card,Mumbai - Colaba,Delayed
103191,2026-05-05,C7512,Vashi Veg Corner,Desserts,973,63,3.2,Debit Card,Mumbai - Andheri,Delivered
103192,2025-06-27,C4714,Powai Plates,Desserts,1491,78,4.7,Credit Card,Mumbai - Dadar,Delivered
103193,2025-08-17,C6294,Borivali Bistro,Healthy Food,801,79,4.0,UPI,Mumbai - Colaba,Delivered
103194,2025-10-18,C3773,Thane Treats,Beverages,1594,40,3.4,Wallet,Mumbai - Borivali,Delivered
103195,2026-04-15,C7053,Marine Drive Meals,South Indian,579,39,2.5,Debit Card,Mumbai - Colaba,Delivered
103196,2025-09-10,C3407,Borivali Bistro,North Indian,743,36,3.7,Debit Card,Mumbai - Dadar,Delivered
103197,2026-01-14,C3012,Andheri Kitchen,Burger,591,81,2.9,Cash,Mumbai - Borivali,Delivered
103198,2026-03-04,C2207,Chembur Spice House,Burger,125,16,4.5,Debit Card,Mumbai - Dadar,Delayed
103199,2025-02-28,C7541,Andheri Kitchen,Chinese,1749,32,2.6,Credit Card,Mumbai - Malad,Delivered
103200,2025-06-16,C8067,Powai Plates,South Indian,1617,46,3.5,UPI,Mumbai - Vashi,Delivered
103201,2026-06-17,C2414,Colaba Cafe,Beverages,365,49,3.8,UPI,Mumbai - Borivali,Delivered
103202,2025-03-17,C2618,Dadar Darbar,Pizza,1424,73,4.5,Credit Card,Mumbai - Powai,Cancelled
103203,2025-07-05,C6089,Borivali Bistro,Desserts,713,40,4.0,UPI,Mumbai - Borivali,Delivered
103204,2026-04-01,C8700,Ghatkopar Grill,North Indian,710,54,3.3,Cash,Mumbai - Bandra,Delivered
103205,2025-10-30,C2307,Borivali Bistro,Beverages,1301,56,4.8,Credit Card,Mumbai - Borivali,Delivered
103206,2025-06-10,C9836,Bandra Bites,North Indian,227,47,2.6,Wallet,Mumbai - Chembur,Delivered
103207,2025-10-22,C9719,Marine Drive Meals,South Indian,1260,19,3.8,UPI,Mumbai - Malad,Delivered
103208,2025-01-10,C9104,Chembur Spice House,Beverages,1654,63,4.3,Wallet,Mumbai - Borivali,Cancelled
103209,2025-02-24,C5646,Andheri Kitchen,Burger,714,70,3.4,UPI,Mumbai - Mulund,Delivered
103210,2026-04-19,C5544,Thane Treats,Chinese,508,28,4.8,Credit Card,Mumbai - Bandra,Delivered
103211,2025-08-16,C4393,Vashi Veg Corner,Biryani,643,32,4.6,Credit Card,Mumbai - Malad,Delivered
103212,2025-02-18,C7097,Borivali Bistro,South Indian,621,75,2.7,Wallet,Mumbai - Kurla,Delivered
103213,2026-03-01,C3643,Thane Treats,Healthy Food,607,39,4.9,Cash,Mumbai - Malad,Delivered
103214,2026-01-03,C9335,Kurla Kitchen,Beverages,477,83,3.6,Credit Card,Mumbai - Powai,Delivered
103215,2025-11-02,C8432,Dadar Darbar,Burger,697,22,3.5,Debit Card,Mumbai - Malad,Delayed
103216,2025-12-23,C1082,Powai Plates,Desserts,169,27,4.5,UPI,Mumbai - Kurla,Delivered
103217,2025-09-10,C8176,Bandra Bites,South Indian,131,21,2.9,Cash,Mumbai - Chembur,Delivered
103218,2025-06-20,C6279,Kurla Kitchen,Chinese,999,17,2.7,Debit Card,Mumbai - Dadar,Delivered
103219,2025-03-07,C6375,Borivali Bistro,North Indian,907,47,3.4,Cash,Mumbai - Chembur,Delivered
103220,2026-06-11,C9078,Powai Plates,Healthy Food,606,69,2.8,Wallet,Mumbai - Bandra,Cancelled
103221,2025-03-17,C4424,Vashi Veg Corner,Pizza,385,21,3.0,UPI,Mumbai - Kurla,Delayed
103222,2025-02-09,C8446,Borivali Bistro,Pizza,1646,40,2.6,Credit Card,Mumbai - Mulund,Delivered
103223,2025-04-22,C9856,Thane Treats,Pizza,828,48,4.4,UPI,Mumbai - Powai,Delivered
103224,2025-10-25,C1635,Colaba Cafe,Chinese,602,26,4.8,Debit Card,Mumbai - Kurla,Delivered
103225,2025-12-14,C2560,Ghatkopar Grill,South Indian,1202,32,4.6,Debit Card,Mumbai - Powai,Delivered
103226,2026-02-11,C6355,Dadar Darbar,Burger,1595,64,5.0,UPI,Mumbai - Andheri,Delivered
103227,2025-01-06,C8490,Bandra Bites,South Indian,1327,35,3.1,UPI,Mumbai - Bandra,Delayed
103228,2025-09-08,C9692,Andheri Kitchen,Desserts,1485,60,4.7,Credit Card,Mumbai - Mulund,Delayed
103229,2026-01-21,C2890,Dadar Darbar,South Indian,911,42,4.5,Credit Card,Mumbai - Mulund,Delivered
103230,2025-01-08,C2146,Kurla Kitchen,South Indian,704,63,3.4,Debit Card,Mumbai - Malad,Delivered
103231,2025-09-19,C3774,Chembur Spice House,Burger,473,31,4.0,Wallet,Mumbai - Dadar,Delivered
103232,2025-04-19,C4680,Andheri Kitchen,Desserts,1383,35,4.9,Credit Card,Mumbai - Vashi,Delivered
103233,2026-01-22,C6792,Borivali Bistro,Pizza,303,15,4.3,Cash,Mumbai - Vashi,Cancelled
103234,2025-01-25,C9810,Powai Plates,Chinese,873,61,2.9,Credit Card,Mumbai - Bandra,Delivered
103235,2025-05-03,C7268,Colaba Cafe,South Indian,311,47,4.2,Credit Card,Mumbai - Borivali,Delayed
103236,2025-12-25,C6144,Marine Drive Meals,Burger,1258,85,4.8,Wallet,Mumbai - Vashi,Cancelled
103237,2026-01-03,C2329,Powai Plates,Chinese,1660,23,3.5,Debit Card,Mumbai - Colaba,Delivered
103238,2025-07-05,C6750,Malad Food Hub,South Indian,1744,75,3.8,UPI,Mumbai - Mulund,Delivered
103239,2025-07-02,C6782,Colaba Cafe,Burger,688,70,4.4,UPI,Mumbai - Ghatkopar,Cancelled
103240,2025-02-12,C3172,Ghatkopar Grill,Chinese,634,26,2.8,Debit Card,Mumbai - Chembur,Cancelled
103241,2026-06-16,C7163,Thane Treats,North Indian,1105,43,3.4,Wallet,Mumbai - Chembur,Delivered
103242,2026-01-11,C9597,Marine Drive Meals,Pizza,230,49,3.6,Wallet,Mumbai - Vashi,Cancelled
103243,2025-02-24,C7104,Vashi Veg Corner,Pizza,1495,36,2.6,Wallet,Mumbai - Dadar,Cancelled
103244,2025-04-28,C5736,Mumbai Tadka,Chinese,478,37,4.5,Debit Card,Mumbai - Borivali,Delivered
103245,2025-02-01,C2102,Malad Food Hub,Biryani,120,82,3.0,Credit Card,Mumbai - Thane,Delivered
103246,2025-06-12,C7727,Borivali Bistro,South Indian,1223,39,4.7,Credit Card,Mumbai - Ghatkopar,Delivered
103247,2025-02-04,C6106,Marine Drive Meals,Burger,664,36,3.0,Cash,Mumbai - Borivali,Delivered
103248,2025-01-27,C1017,Marine Drive Meals,Biryani,1330,47,4.4,Debit Card,Mumbai - Chembur,Delivered
103249,2025-08-07,C9887,Colaba Cafe,Pizza,699,24,2.6,Wallet,Mumbai - Mulund,Delivered
103250,2025-08-02,C6630,Colaba Cafe,Beverages,798,61,5.0,Wallet,Mumbai - Andheri,Delivered
103251,2025-11-09,C4560,Chembur Spice House,North Indian,1488,51,3.3,Credit Card,Mumbai - Andheri,Delivered
103252,2026-06-12,C6620,Mumbai Tadka,Desserts,934,17,3.8,Wallet,Mumbai - Colaba,Cancelled
103253,2026-03-02,C9382,Powai Plates,Pizza,1002,34,2.7,Debit Card,Mumbai - Borivali,Cancelled
103254,2026-05-14,C5048,Colaba Cafe,North Indian,307,85,2.6,Wallet,Mumbai - Mulund,Delayed
103255,2025-08-19,C4716,Malad Food Hub,Pizza,1578,63,3.8,Wallet,Mumbai - Ghatkopar,Delayed
103256,2026-05-30,C1564,Thane Treats,Biryani,219,35,2.7,Cash,Mumbai - Thane,Cancelled
103257,2025-12-18,C7970,Marine Drive Meals,Biryani,1378,49,3.2,Wallet,Mumbai - Colaba,Delayed
103258,2025-04-12,C4483,Andheri Kitchen,Biryani,386,38,3.0,Cash,Mumbai - Kurla,Delivered
103259,2025-11-02,C7761,Chembur Spice House,Pizza,1116,75,3.5,Debit Card,Mumbai - Dadar,Delivered
103260,2026-03-10,C8969,Chembur Spice House,Biryani,1157,43,2.9,Cash,Mumbai - Chembur,Delivered
103261,2025-12-18,C1003,Powai Plates,Healthy Food,698,27,4.4,Cash,Mumbai - Bandra,Cancelled
103262,2025-05-11,C7662,Marine Drive Meals,Beverages,1426,49,3.6,Credit Card,Mumbai - Dadar,Delivered
103263,2025-02-14,C1782,Marine Drive Meals,North Indian,1330,56,3.4,Cash,Mumbai - Malad,Delayed
103264,2025-08-26,C9799,Kurla Kitchen,Biryani,1797,52,3.0,UPI,Mumbai - Malad,Cancelled
103265,2026-05-18,C7670,Thane Treats,Biryani,1657,81,3.0,Cash,Mumbai - Vashi,Cancelled
103266,2025-07-31,C3553,Ghatkopar Grill,Pizza,391,37,3.3,UPI,Mumbai - Malad,Delayed
103267,2025-11-15,C6113,Dadar Darbar,North Indian,543,20,3.3,UPI,Mumbai - Dadar,Cancelled
103268,2025-04-15,C5500,Mumbai Tadka,Beverages,821,19,4.1,Credit Card,Mumbai - Colaba,Delayed
103269,2025-02-13,C9378,Bandra Bites,Pizza,609,45,4.7,UPI,Mumbai - Dadar,Delayed
103270,2025-10-03,C4287,Dadar Darbar,Beverages,299,84,4.7,Credit Card,Mumbai - Bandra,Cancelled
103271,2025-03-25,C7038,Andheri Kitchen,Biryani,1763,66,2.7,UPI,Mumbai - Kurla,Delivered
103272,2026-03-07,C9147,Mumbai Tadka,Chinese,1398,17,3.8,Wallet,Mumbai - Malad,Delivered
103273,2025-06-06,C7028,Vashi Veg Corner,Healthy Food,1019,81,3.8,Wallet,Mumbai - Andheri,Delayed
103274,2026-01-13,C3213,Powai Plates,Desserts,1728,74,4.6,Credit Card,Mumbai - Thane,Delayed
103275,2026-02-10,C7629,Borivali Bistro,Beverages,379,48,4.8,Wallet,Mumbai - Dadar,Delivered
103276,2025-11-28,C8037,Marine Drive Meals,Biryani,628,42,3.3,Wallet,Mumbai - Andheri,Delivered
103277,2026-03-15,C2989,Colaba Cafe,Chinese,1748,65,3.7,Wallet,Mumbai - Borivali,Delivered
103278,2026-01-17,C5968,Bandra Bites,Biryani,454,76,4.7,Cash,Mumbai - Malad,Delivered
103279,2025-05-15,C6252,Mumbai Tadka,North Indian,1556,18,3.3,Wallet,Mumbai - Andheri,Delivered
103280,2025-12-07,C3835,Vashi Veg Corner,North Indian,1055,29,2.5,Wallet,Mumbai - Thane,Delivered
103281,2025-11-27,C7966,Marine Drive Meals,Chinese,1234,24,5.0,Wallet,Mumbai - Borivali,Delivered
103282,2026-03-02,C5831,Vashi Veg Corner,Pizza,315,51,4.0,Debit Card,Mumbai - Malad,Delivered
103283,2025-01-31,C8584,Marine Drive Meals,Pizza,714,46,3.2,UPI,Mumbai - Dadar,Delivered
103284,2026-02-24,C2184,Dadar Darbar,Chinese,431,30,3.2,Cash,Mumbai - Colaba,Delivered
103285,2026-05-26,C2707,Thane Treats,Healthy Food,608,15,4.9,Credit Card,Mumbai - Borivali,Delivered
103286,2026-04-30,C2450,Dadar Darbar,Beverages,1799,47,4.4,Cash,Mumbai - Colaba,Delivered
103287,2025-02-08,C3204,Kurla Kitchen,South Indian,1429,83,3.2,Cash,Mumbai - Andheri,Delivered
103288,2026-03-19,C5442,Andheri Kitchen,Beverages,1028,17,3.1,Credit Card,Mumbai - Borivali,Delivered
103289,2025-09-27,C2718,Powai Plates,Biryani,866,22,4.6,UPI,Mumbai - Powai,Delivered
103290,2026-01-17,C2526,Vashi Veg Corner,Beverages,861,62,3.4,Cash,Mumbai - Ghatkopar,Delivered
103291,2025-07-04,C2914,Thane Treats,Desserts,890,25,4.9,Cash,Mumbai - Andheri,Delivered
103292,2025-04-05,C5038,Thane Treats,Desserts,324,59,4.5,Credit Card,Mumbai - Colaba,Delivered
103293,2025-01-29,C2622,Marine Drive Meals,Desserts,816,29,4.5,Cash,Mumbai - Kurla,Delivered
103294,2025-02-20,C7843,Chembur Spice House,Biryani,1026,83,2.7,Debit Card,Mumbai - Andheri,Delivered
103295,2025-11-17,C9268,Borivali Bistro,Healthy Food,1621,24,3.7,Debit Card,Mumbai - Borivali,Delivered
103296,2025-05-04,C7274,Mumbai Tadka,Pizza,1225,74,4.2,UPI,Mumbai - Kurla,Delivered
103297,2025-08-06,C3587,Kurla Kitchen,Chinese,486,23,4.7,Credit Card,Mumbai - Borivali,Delivered
103298,2026-06-13,C1329,Malad Food Hub,Biryani,1473,35,2.8,Debit Card,Mumbai - Chembur,Cancelled
103299,2026-02-03,C6300,Thane Treats,South Indian,1474,44,2.7,Cash,Mumbai - Bandra,Delivered
103300,2026-04-16,C9735,Dadar Darbar,Healthy Food,101,48,4.3,Cash,Mumbai - Mulund,Delayed
103301,2026-06-13,C6157,Dadar Darbar,North Indian,492,25,3.9,UPI,Mumbai - Thane,Cancelled
103302,2025-12-02,C3232,Borivali Bistro,North Indian,1453,24,3.3,UPI,Mumbai - Malad,Delivered
103303,2025-03-09,C2580,Marine Drive Meals,Pizza,237,17,3.9,Wallet,Mumbai - Powai,Delivered
103304,2025-02-26,C4979,Bandra Bites,Chinese,1741,18,4.6,Credit Card,Mumbai - Chembur,Cancelled
103305,2025-07-10,C9966,Kurla Kitchen,Chinese,1226,78,4.1,Wallet,Mumbai - Powai,Delivered
103306,2026-01-13,C5816,Powai Plates,Pizza,723,85,4.7,Wallet,Mumbai - Vashi,Delivered
103307,2026-05-12,C2540,Ghatkopar Grill,Burger,1652,71,4.7,UPI,Mumbai - Andheri,Delivered
103308,2025-11-08,C6775,Thane Treats,Biryani,192,85,3.7,Credit Card,Mumbai - Vashi,Delivered
103309,2025-03-25,C4656,Vashi Veg Corner,North Indian,1007,48,3.8,Wallet,Mumbai - Borivali,Delivered
103310,2026-05-01,C2714,Malad Food Hub,Pizza,306,40,2.8,Cash,Mumbai - Powai,Delivered
103311,2025-12-10,C6578,Kurla Kitchen,Beverages,1029,19,4.6,Wallet,Mumbai - Malad,Delivered
103312,2025-09-29,C1758,Andheri Kitchen,Chinese,1310,61,3.7,Credit Card,Mumbai - Chembur,Delivered
103313,2025-03-14,C3244,Chembur Spice House,Healthy Food,1552,29,3.4,Wallet,Mumbai - Vashi,Delivered
103314,2025-11-27,C8193,Colaba Cafe,Biryani,805,36,2.7,UPI,Mumbai - Dadar,Delivered
103315,2025-05-10,C2781,Colaba Cafe,Healthy Food,465,17,3.5,Cash,Mumbai - Vashi,Delivered
103316,2025-06-16,C3846,Dadar Darbar,Burger,642,25,4.6,UPI,Mumbai - Colaba,Delivered
103317,2025-03-05,C2487,Chembur Spice House,Beverages,153,57,4.2,Debit Card,Mumbai - Dadar,Delayed
103318,2025-12-08,C9891,Chembur Spice House,Beverages,448,62,3.6,UPI,Mumbai - Thane,Delivered
103319,2025-08-15,C2531,Mumbai Tadka,North Indian,688,64,4.9,Cash,Mumbai - Dadar,Delivered
103320,2026-03-17,C4335,Andheri Kitchen,Pizza,582,22,4.6,Cash,Mumbai - Mulund,Delivered
103321,2025-05-03,C1824,Andheri Kitchen,South Indian,500,84,4.5,UPI,Mumbai - Ghatkopar,Delayed
103322,2025-12-25,C4753,Borivali Bistro,Burger,1100,58,5.0,Cash,Mumbai - Malad,Delayed
103323,2025-08-07,C7451,Borivali Bistro,Desserts,410,57,4.5,Cash,Mumbai - Andheri,Delivered
103324,2026-06-17,C2633,Kurla Kitchen,Burger,798,40,3.2,Credit Card,Mumbai - Bandra,Delayed
103325,2026-02-05,C8334,Thane Treats,Beverages,471,81,4.3,Cash,Mumbai - Mulund,Delivered
103326,2026-05-05,C4974,Andheri Kitchen,South Indian,743,48,2.9,Wallet,Mumbai - Dadar,Delivered
103327,2025-03-07,C8294,Chembur Spice House,North Indian,808,57,4.4,Credit Card,Mumbai - Dadar,Delivered
103328,2025-03-20,C5274,Kurla Kitchen,North Indian,1055,37,2.6,Cash,Mumbai - Borivali,Delayed
103329,2026-03-23,C4448,Mumbai Tadka,Chinese,1492,57,4.4,Wallet,Mumbai - Bandra,Delivered
103330,2025-01-11,C7197,Dadar Darbar,Healthy Food,204,39,3.4,Debit Card,Mumbai - Dadar,Delivered
103331,2026-02-19,C8243,Chembur Spice House,Pizza,522,51,4.5,Wallet,Mumbai - Kurla,Delayed
103332,2025-09-21,C5887,Thane Treats,Healthy Food,956,29,4.0,Cash,Mumbai - Malad,Delivered
103333,2026-06-08,C7871,Vashi Veg Corner,North Indian,590,83,2.6,Wallet,Mumbai - Ghatkopar,Delayed
103334,2026-05-04,C5834,Colaba Cafe,South Indian,1714,81,3.5,Credit Card,Mumbai - Ghatkopar,Delayed
103335,2025-07-29,C2628,Borivali Bistro,Chinese,1207,73,3.9,UPI,Mumbai - Ghatkopar,Delivered
103336,2025-12-24,C2536,Mumbai Tadka,Desserts,578,18,4.4,Wallet,Mumbai - Mulund,Delivered
103337,2025-07-27,C7230,Thane Treats,Desserts,154,57,2.7,UPI,Mumbai - Bandra,Delayed
103338,2025-04-07,C8585,Thane Treats,North Indian,472,49,3.4,Debit Card,Mumbai - Powai,Delayed
103339,2026-03-11,C9865,Vashi Veg Corner,Biryani,225,77,4.0,Wallet,Mumbai - Thane,Delivered
103340,2026-05-19,C9833,Colaba Cafe,Desserts,896,43,5.0,Credit Card,Mumbai - Vashi,Delayed
103341,2025-09-07,C8480,Thane Treats,South Indian,1712,41,5.0,Credit Card,Mumbai - Colaba,Delivered
103342,2026-06-18,C6603,Marine Drive Meals,North Indian,1406,21,3.6,Debit Card,Mumbai - Powai,Delivered
103343,2025-12-26,C2551,Bandra Bites,Beverages,1105,28,4.4,UPI,Mumbai - Andheri,Cancelled
103344,2026-06-24,C5165,Chembur Spice House,Desserts,638,60,3.8,Wallet,Mumbai - Dadar,Delayed
103345,2025-08-26,C6886,Marine Drive Meals,Burger,1606,23,2.6,Debit Card,Mumbai - Thane,Delayed
103346,2026-05-15,C6788,Thane Treats,Burger,1310,16,3.6,Debit Card,Mumbai - Thane,Cancelled
103347,2025-01-03,C2081,Chembur Spice House,South Indian,1112,80,4.1,UPI,Mumbai - Powai,Delivered
103348,2025-06-01,C1534,Andheri Kitchen,Desserts,1785,63,3.5,Cash,Mumbai - Chembur,Delayed
103349,2025-07-24,C4523,Bandra Bites,Healthy Food,1046,51,3.3,Wallet,Mumbai - Powai,Cancelled
103350,2025-11-06,C4793,Borivali Bistro,Pizza,783,34,3.4,Debit Card,Mumbai - Chembur,Delivered
103351,2025-09-06,C5137,Colaba Cafe,Pizza,1203,76,3.3,UPI,Mumbai - Thane,Delivered
103352,2026-06-12,C9329,Andheri Kitchen,Healthy Food,963,35,2.6,UPI,Mumbai - Chembur,Delivered
103353,2025-05-20,C4520,Thane Treats,Burger,1348,26,3.2,Wallet,Mumbai - Chembur,Cancelled
103354,2026-06-02,C1524,Mumbai Tadka,Healthy Food,1672,67,4.2,Cash,Mumbai - Borivali,Delayed
103355,2025-03-20,C2971,Thane Treats,Burger,1099,24,2.9,UPI,Mumbai - Ghatkopar,Delivered
103356,2025-09-19,C6646,Mumbai Tadka,Biryani,1398,44,3.9,Cash,Mumbai - Colaba,Delayed
103357,2025-10-18,C8979,Dadar Darbar,North Indian,1538,51,3.6,Cash,Mumbai - Andheri,Cancelled
103358,2025-11-27,C6917,Kurla Kitchen,South Indian,1536,46,3.0,Cash,Mumbai - Thane,Delivered
103359,2026-04-03,C4667,Kurla Kitchen,Desserts,1078,52,2.8,Credit Card,Mumbai - Malad,Delayed
103360,2025-03-05,C8536,Borivali Bistro,Desserts,1634,35,2.7,Credit Card,Mumbai - Powai,Delivered
103361,2025-02-18,C4090,Ghatkopar Grill,Healthy Food,431,48,3.1,Cash,Mumbai - Chembur,Delivered
103362,2025-09-12,C7523,Mumbai Tadka,Beverages,941,19,4.8,Cash,Mumbai - Vashi,Delivered
103363,2026-06-24,C9726,Malad Food Hub,Beverages,505,46,4.8,UPI,Mumbai - Powai,Delivered
103364,2025-12-22,C2551,Thane Treats,North Indian,1163,84,3.8,Credit Card,Mumbai - Bandra,Delivered
103365,2025-11-10,C3480,Dadar Darbar,Beverages,1429,68,3.2,Wallet,Mumbai - Chembur,Delivered
103366,2026-02-28,C8737,Marine Drive Meals,Biryani,789,85,3.8,Wallet,Mumbai - Colaba,Delayed
103367,2025-10-27,C6480,Powai Plates,Pizza,617,64,3.1,Wallet,Mumbai - Kurla,Delivered
103368,2025-06-09,C8113,Marine Drive Meals,Desserts,1706,38,2.5,Debit Card,Mumbai - Andheri,Delivered
103369,2025-04-17,C4917,Chembur Spice House,Burger,491,79,3.0,Cash,Mumbai - Chembur,Delivered
103370,2025-02-26,C7321,Borivali Bistro,Chinese,344,70,4.6,Credit Card,Mumbai - Borivali,Cancelled
103371,2025-01-14,C2482,Borivali Bistro,Desserts,963,62,4.8,UPI,Mumbai - Thane,Delivered
103372,2025-12-01,C5889,Mumbai Tadka,Healthy Food,962,28,4.3,Debit Card,Mumbai - Malad,Cancelled
103373,2025-04-27,C1884,Kurla Kitchen,Desserts,922,34,4.0,Cash,Mumbai - Bandra,Delivered
103374,2025-12-02,C6591,Vashi Veg Corner,Biryani,160,69,3.8,Credit Card,Mumbai - Vashi,Delivered
103375,2025-02-10,C3819,Andheri Kitchen,Pizza,1643,51,2.8,Wallet,Mumbai - Ghatkopar,Delivered
103376,2025-06-15,C8338,Powai Plates,North Indian,493,75,3.9,UPI,Mumbai - Powai,Delivered
103377,2026-05-21,C9976,Kurla Kitchen,Desserts,174,46,3.8,Wallet,Mumbai - Ghatkopar,Delivered
103378,2026-01-04,C8120,Kurla Kitchen,Pizza,918,23,4.3,UPI,Mumbai - Vashi,Cancelled
103379,2025-05-01,C8234,Thane Treats,Pizza,665,74,3.8,UPI,Mumbai - Thane,Delivered
103380,2025-05-27,C4358,Dadar Darbar,South Indian,125,78,4.6,Cash,Mumbai - Thane,Delivered
103381,2025-05-29,C6328,Kurla Kitchen,Burger,179,78,4.8,Debit Card,Mumbai - Kurla,Delivered
103382,2026-02-11,C9774,Vashi Veg Corner,Burger,1670,16,2.6,Wallet,Mumbai - Ghatkopar,Delivered
103383,2026-01-22,C2838,Dadar Darbar,Healthy Food,1307,78,3.6,Cash,Mumbai - Thane,Delayed
103384,2026-01-18,C7162,Bandra Bites,Burger,207,71,4.6,Credit Card,Mumbai - Malad,Delayed
103385,2025-10-09,C1863,Borivali Bistro,South Indian,131,30,3.3,Cash,Mumbai - Borivali,Delivered
103386,2026-02-01,C1619,Dadar Darbar,Biryani,1544,54,2.8,Credit Card,Mumbai - Chembur,Delivered
103387,2025-01-10,C6365,Powai Plates,Biryani,553,52,4.6,Credit Card,Mumbai - Mulund,Delivered
103388,2026-06-22,C8509,Ghatkopar Grill,Desserts,834,67,4.0,Cash,Mumbai - Chembur,Delivered
103389,2025-02-27,C2383,Dadar Darbar,Beverages,866,15,3.5,Credit Card,Mumbai - Colaba,Delivered
103390,2026-03-05,C8705,Mumbai Tadka,Chinese,1480,67,3.3,Credit Card,Mumbai - Borivali,Delivered
103391,2026-06-20,C4350,Chembur Spice House,Beverages,718,83,2.7,Cash,Mumbai - Ghatkopar,Cancelled
103392,2025-06-16,C7291,Ghatkopar Grill,Chinese,964,82,2.6,Cash,Mumbai - Malad,Delivered
103393,2025-02-23,C2257,Vashi Veg Corner,Healthy Food,652,47,3.6,Credit Card,Mumbai - Dadar,Cancelled
103394,2026-06-17,C9365,Ghatkopar Grill,Burger,699,26,4.2,Wallet,Mumbai - Malad,Delivered
103395,2025-08-12,C7238,Thane Treats,Desserts,395,66,2.9,Debit Card,Mumbai - Borivali,Delivered
103396,2026-02-23,C8909,Thane Treats,Biryani,108,36,3.1,Credit Card,Mumbai - Vashi,Cancelled
103397,2025-07-10,C1154,Thane Treats,Healthy Food,477,39,3.1,Wallet,Mumbai - Ghatkopar,Delivered
103398,2026-05-24,C5000,Colaba Cafe,South Indian,497,49,3.9,Wallet,Mumbai - Powai,Delivered
103399,2025-12-05,C7560,Dadar Darbar,Pizza,1558,63,2.7,Wallet,Mumbai - Thane,Delivered
103400,2025-11-28,C7579,Ghatkopar Grill,Burger,1716,48,3.4,Wallet,Mumbai - Vashi,Delivered
103401,2025-07-02,C2683,Ghatkopar Grill,North Indian,974,43,4.6,UPI,Mumbai - Dadar,Delivered
103402,2025-05-18,C8143,Chembur Spice House,Chinese,1612,71,4.9,UPI,Mumbai - Bandra,Cancelled
103403,2025-02-09,C9111,Malad Food Hub,North Indian,1255,75,3.5,Credit Card,Mumbai - Andheri,Delivered
103404,2025-12-16,C5781,Colaba Cafe,Chinese,1489,75,3.9,Cash,Mumbai - Dadar,Delayed
103405,2025-11-14,C5195,Powai Plates,South Indian,252,73,2.8,Debit Card,Mumbai - Chembur,Delivered
103406,2026-03-17,C6623,Bandra Bites,Beverages,1286,54,3.6,Wallet,Mumbai - Colaba,Cancelled
103407,2026-05-05,C8081,Ghatkopar Grill,Burger,115,39,4.2,Credit Card,Mumbai - Malad,Delivered
103408,2026-01-18,C6845,Mumbai Tadka,Biryani,664,23,4.3,UPI,Mumbai - Thane,Delivered
103409,2025-12-05,C5194,Andheri Kitchen,Chinese,276,30,2.5,UPI,Mumbai - Mulund,Delivered
103410,2025-11-14,C5029,Marine Drive Meals,Biryani,951,45,4.1,Cash,Mumbai - Kurla,Delivered
103411,2025-03-13,C7399,Malad Food Hub,Pizza,509,32,2.8,Wallet,Mumbai - Ghatkopar,Delayed
103412,2026-04-13,C5661,Mumbai Tadka,South Indian,354,54,3.2,Debit Card,Mumbai - Vashi,Delivered
103413,2026-05-13,C1058,Andheri Kitchen,Pizza,1555,16,3.3,Wallet,Mumbai - Vashi,Delivered
103414,2025-01-30,C9854,Kurla Kitchen,Desserts,747,29,4.4,Wallet,Mumbai - Ghatkopar,Delivered
103415,2025-08-20,C1239,Bandra Bites,Beverages,1609,80,4.7,Wallet,Mumbai - Thane,Delivered
103416,2025-08-13,C5661,Bandra Bites,Chinese,1021,56,2.7,UPI,Mumbai - Vashi,Delayed
103417,2025-08-24,C9546,Kurla Kitchen,Biryani,1228,40,4.5,Debit Card,Mumbai - Malad,Delivered
103418,2025-05-11,C1182,Thane Treats,Chinese,415,16,3.2,Credit Card,Mumbai - Mulund,Delayed
103419,2025-08-10,C3404,Powai Plates,Biryani,1704,36,2.8,Cash,Mumbai - Andheri,Cancelled
103420,2026-03-13,C9901,Powai Plates,Desserts,352,73,4.1,Cash,Mumbai - Colaba,Delivered
103421,2026-03-02,C6281,Bandra Bites,North Indian,875,39,2.6,Debit Card,Mumbai - Powai,Delivered
103422,2025-04-03,C4374,Borivali Bistro,Beverages,947,58,5.0,UPI,Mumbai - Ghatkopar,Delivered
103423,2025-03-19,C6478,Borivali Bistro,Healthy Food,650,18,3.8,Credit Card,Mumbai - Colaba,Delayed
103424,2025-11-08,C9636,Bandra Bites,Burger,519,45,4.3,Wallet,Mumbai - Powai,Cancelled
103425,2026-01-15,C5532,Powai Plates,Biryani,1109,53,2.9,Wallet,Mumbai - Vashi,Delivered
103426,2026-05-24,C5875,Dadar Darbar,Burger,687,24,3.7,Wallet,Mumbai - Dadar,Delivered
103427,2025-09-26,C3146,Borivali Bistro,Desserts,1283,63,3.1,UPI,Mumbai - Chembur,Delivered
103428,2026-01-18,C6915,Ghatkopar Grill,Burger,524,63,4.6,Debit Card,Mumbai - Malad,Delivered
103429,2025-11-02,C6204,Chembur Spice House,Healthy Food,1612,61,3.1,UPI,Mumbai - Borivali,Delivered
103430,2025-05-14,C9781,Mumbai Tadka,Healthy Food,424,50,3.7,Debit Card,Mumbai - Bandra,Delivered
103431,2026-01-15,C6090,Andheri Kitchen,Burger,1760,82,4.4,Credit Card,Mumbai - Vashi,Delayed
103432,2026-03-21,C1297,Thane Treats,South Indian,178,41,2.9,UPI,Mumbai - Colaba,Delivered
103433,2025-04-12,C6245,Powai Plates,Chinese,1127,39,4.7,Debit Card,Mumbai - Malad,Delayed
103434,2025-08-21,C1841,Bandra Bites,Healthy Food,852,64,2.8,Credit Card,Mumbai - Dadar,Cancelled
103435,2025-09-14,C8630,Borivali Bistro,Chinese,533,19,3.1,Cash,Mumbai - Bandra,Cancelled
103436,2025-11-25,C7680,Mumbai Tadka,South Indian,985,63,3.0,Wallet,Mumbai - Chembur,Delayed
103437,2025-03-30,C7974,Malad Food Hub,North Indian,519,73,3.6,Wallet,Mumbai - Colaba,Delivered
103438,2025-05-09,C3642,Malad Food Hub,South Indian,1674,50,2.9,Wallet,Mumbai - Andheri,Delivered
103439,2025-10-16,C5819,Powai Plates,South Indian,580,31,3.1,Credit Card,Mumbai - Ghatkopar,Delivered
103440,2026-02-26,C2606,Ghatkopar Grill,Chinese,1618,39,2.8,Wallet,Mumbai - Thane,Cancelled
103441,2025-03-07,C7725,Powai Plates,Beverages,1679,40,4.3,UPI,Mumbai - Bandra,Delayed
103442,2026-06-14,C1350,Vashi Veg Corner,North Indian,824,24,4.8,Wallet,Mumbai - Andheri,Delayed
103443,2025-10-31,C8699,Bandra Bites,Desserts,1009,77,2.6,Cash,Mumbai - Chembur,Delayed
103444,2025-06-23,C5907,Colaba Cafe,Biryani,1123,15,2.6,UPI,Mumbai - Bandra,Delivered
103445,2025-03-02,C8436,Dadar Darbar,Chinese,367,72,4.4,UPI,Mumbai - Mulund,Delivered
103446,2025-08-08,C1578,Thane Treats,Desserts,891,54,3.1,UPI,Mumbai - Kurla,Delayed
103447,2025-01-21,C5019,Mumbai Tadka,South Indian,137,34,4.5,Credit Card,Mumbai - Mulund,Delivered
103448,2025-09-19,C6860,Vashi Veg Corner,Beverages,476,63,3.1,Credit Card,Mumbai - Chembur,Delivered
103449,2025-12-02,C3512,Andheri Kitchen,Desserts,695,56,3.4,Wallet,Mumbai - Vashi,Cancelled
103450,2026-03-18,C9278,Malad Food Hub,Biryani,305,42,4.5,Wallet,Mumbai - Dadar,Delivered
103451,2025-12-29,C2589,Marine Drive Meals,Biryani,505,79,2.5,Credit Card,Mumbai - Powai,Delivered
103452,2026-05-25,C3984,Kurla Kitchen,Healthy Food,1693,74,4.3,UPI,Mumbai - Bandra,Delivered
103453,2025-06-07,C7320,Chembur Spice House,North Indian,913,76,2.7,Credit Card,Mumbai - Kurla,Delivered
103454,2025-02-23,C5410,Bandra Bites,Healthy Food,1234,42,2.9,Debit Card,Mumbai - Borivali,Delivered
103455,2025-01-16,C5774,Vashi Veg Corner,Pizza,1630,54,4.8,UPI,Mumbai - Bandra,Delayed
103456,2025-06-03,C2421,Mumbai Tadka,North Indian,1621,36,4.1,UPI,Mumbai - Colaba,Cancelled
103457,2025-10-07,C7171,Kurla Kitchen,South Indian,221,69,2.9,UPI,Mumbai - Dadar,Cancelled
103458,2025-05-03,C9704,Kurla Kitchen,Chinese,1076,59,3.8,Cash,Mumbai - Chembur,Cancelled
103459,2025-03-30,C1686,Dadar Darbar,Desserts,1739,47,3.8,Wallet,Mumbai - Thane,Delayed
103460,2026-01-10,C8901,Powai Plates,Healthy Food,749,28,4.0,UPI,Mumbai - Chembur,Delivered
103461,2025-12-13,C9018,Malad Food Hub,Biryani,397,46,3.4,Credit Card,Mumbai - Colaba,Delivered
103462,2025-03-31,C7575,Borivali Bistro,Desserts,585,47,4.1,Debit Card,Mumbai - Andheri,Cancelled
103463,2025-04-19,C9031,Ghatkopar Grill,Desserts,1429,36,3.6,Cash,Mumbai - Borivali,Delivered
103464,2025-05-30,C4081,Vashi Veg Corner,Chinese,754,25,5.0,Wallet,Mumbai - Dadar,Cancelled
103465,2025-01-08,C2496,Thane Treats,Burger,1008,74,3.2,Debit Card,Mumbai - Ghatkopar,Delivered
103466,2025-02-08,C8790,Dadar Darbar,Beverages,228,43,4.9,Wallet,Mumbai - Powai,Delayed
103467,2025-08-22,C5194,Chembur Spice House,Desserts,1780,41,4.2,Cash,Mumbai - Kurla,Delivered
103468,2026-02-23,C2399,Powai Plates,Desserts,1122,69,4.2,Debit Card,Mumbai - Powai,Delivered
103469,2025-10-05,C4575,Borivali Bistro,South Indian,419,78,3.7,Credit Card,Mumbai - Colaba,Delivered
103470,2025-07-27,C9653,Thane Treats,Beverages,1321,63,4.1,Cash,Mumbai - Borivali,Delivered
103471,2025-03-31,C9411,Chembur Spice House,Chinese,835,79,4.1,UPI,Mumbai - Powai,Cancelled
103472,2025-12-31,C6508,Andheri Kitchen,South Indian,1450,57,3.4,Wallet,Mumbai - Dadar,Delivered
103473,2025-12-18,C9812,Ghatkopar Grill,Beverages,1081,54,4.4,UPI,Mumbai - Colaba,Cancelled
103474,2025-10-04,C6969,Dadar Darbar,Pizza,499,81,4.1,UPI,Mumbai - Chembur,Delayed
103475,2026-03-31,C8698,Malad Food Hub,North Indian,1214,34,3.5,Debit Card,Mumbai - Andheri,Delivered
103476,2026-01-03,C9637,Kurla Kitchen,Burger,287,74,3.3,Wallet,Mumbai - Bandra,Delayed
103477,2026-01-07,C3101,Ghatkopar Grill,Chinese,1699,80,4.1,Wallet,Mumbai - Thane,Cancelled
103478,2025-06-28,C7863,Chembur Spice House,Chinese,1718,50,3.6,Wallet,Mumbai - Chembur,Delivered
103479,2025-09-13,C9500,Vashi Veg Corner,South Indian,943,20,4.3,Wallet,Mumbai - Colaba,Delivered
103480,2025-09-29,C8241,Vashi Veg Corner,Biryani,1530,54,4.3,Wallet,Mumbai - Powai,Delivered
103481,2025-02-04,C9496,Andheri Kitchen,Pizza,964,23,3.4,Cash,Mumbai - Vashi,Delivered
103482,2025-09-05,C7103,Dadar Darbar,North Indian,1043,59,4.3,Cash,Mumbai - Bandra,Cancelled
103483,2026-04-24,C1774,Chembur Spice House,Pizza,133,18,4.6,Cash,Mumbai - Colaba,Delivered
103484,2026-05-17,C4631,Borivali Bistro,Burger,1028,29,4.5,Wallet,Mumbai - Thane,Delivered
103485,2025-01-09,C3999,Ghatkopar Grill,North Indian,917,34,3.7,Wallet,Mumbai - Dadar,Delivered
103486,2025-10-05,C1213,Powai Plates,Pizza,969,49,5.0,Cash,Mumbai - Powai,Cancelled
103487,2026-02-08,C2217,Thane Treats,Beverages,361,41,4.0,UPI,Mumbai - Kurla,Delivered
103488,2025-02-01,C5656,Malad Food Hub,Desserts,972,65,2.8,Debit Card,Mumbai - Ghatkopar,Cancelled
103489,2026-06-10,C8968,Marine Drive Meals,Beverages,748,75,4.8,Wallet,Mumbai - Powai,Cancelled
103490,2026-04-30,C6063,Vashi Veg Corner,Desserts,753,83,4.7,Cash,Mumbai - Powai,Delivered
103491,2026-03-20,C1732,Borivali Bistro,Burger,565,59,3.2,Wallet,Mumbai - Kurla,Delivered
103492,2025-03-23,C2381,Andheri Kitchen,Biryani,106,74,2.6,Wallet,Mumbai - Powai,Delivered
103493,2025-12-29,C5267,Colaba Cafe,Burger,1089,39,3.4,Credit Card,Mumbai - Malad,Delivered
103494,2025-10-10,C6436,Thane Treats,Beverages,1753,29,4.6,UPI,Mumbai - Dadar,Delivered
103495,2025-09-23,C2725,Vashi Veg Corner,Beverages,1478,60,3.8,UPI,Mumbai - Malad,Delivered
103496,2025-04-01,C7971,Malad Food Hub,Pizza,1655,30,3.8,Cash,Mumbai - Ghatkopar,Delivered
103497,2026-02-09,C2846,Vashi Veg Corner,North Indian,1770,74,2.5,Cash,Mumbai - Bandra,Delivered
103498,2025-08-25,C4436,Thane Treats,Chinese,339,76,4.5,Debit Card,Mumbai - Ghatkopar,Delivered
103499,2025-04-15,C5857,Vashi Veg Corner,Chinese,221,19,5.0,Debit Card,Mumbai - Andheri,Delivered
103500,2026-03-02,C3469,Dadar Darbar,Chinese,297,68,4.4,Credit Card,Mumbai - Ghatkopar,Delivered
103501,2025-03-14,C2863,Vashi Veg Corner,Burger,623,53,4.2,Wallet,Mumbai - Vashi,Delivered
103502,2025-05-27,C3637,Bandra Bites,Burger,662,24,3.8,UPI,Mumbai - Malad,Delivered
103503,2025-12-31,C3454,Vashi Veg Corner,Burger,430,48,4.3,Credit Card,Mumbai - Malad,Delivered
103504,2025-05-09,C1810,Malad Food Hub,Biryani,1140,35,4.2,UPI,Mumbai - Vashi,Cancelled
103505,2025-01-20,C7638,Thane Treats,Burger,1276,36,2.8,UPI,Mumbai - Chembur,Delivered
103506,2025-10-07,C8421,Andheri Kitchen,Biryani,1687,54,4.9,Credit Card,Mumbai - Andheri,Cancelled
103507,2026-03-13,C9198,Colaba Cafe,Chinese,529,23,2.7,UPI,Mumbai - Dadar,Delivered
103508,2025-09-16,C9944,Kurla Kitchen,South Indian,1053,28,3.8,Credit Card,Mumbai - Chembur,Delayed
103509,2025-03-24,C3615,Powai Plates,South Indian,1360,21,3.9,Debit Card,Mumbai - Dadar,Delivered
103510,2025-08-14,C8498,Thane Treats,Beverages,1359,29,2.8,Wallet,Mumbai - Andheri,Delivered
103511,2026-04-27,C7735,Powai Plates,Healthy Food,342,33,3.9,UPI,Mumbai - Colaba,Delivered
103512,2025-07-17,C3848,Vashi Veg Corner,Chinese,1495,19,3.9,Debit Card,Mumbai - Thane,Delivered
103513,2026-02-15,C8669,Kurla Kitchen,Biryani,1355,15,4.0,Cash,Mumbai - Colaba,Delivered
103514,2025-11-28,C7275,Mumbai Tadka,Healthy Food,1608,71,4.4,Debit Card,Mumbai - Powai,Delivered
103515,2026-01-26,C2634,Chembur Spice House,Pizza,1415,55,4.8,Debit Card,Mumbai - Malad,Delivered
103516,2025-09-19,C7631,Ghatkopar Grill,Beverages,404,62,4.3,Debit Card,Mumbai - Colaba,Delayed
103517,2025-01-26,C2010,Andheri Kitchen,Beverages,1437,55,4.5,Cash,Mumbai - Powai,Cancelled
103518,2026-03-29,C9926,Thane Treats,Burger,504,85,3.6,Wallet,Mumbai - Chembur,Delivered
103519,2025-01-08,C8561,Bandra Bites,Burger,1433,33,4.6,UPI,Mumbai - Kurla,Delivered
103520,2026-03-06,C2014,Vashi Veg Corner,North Indian,727,39,4.0,Cash,Mumbai - Dadar,Delivered
103521,2025-06-10,C4064,Colaba Cafe,Biryani,1117,57,3.5,Cash,Mumbai - Dadar,Cancelled
103522,2026-04-15,C4534,Powai Plates,Desserts,1776,58,2.5,Cash,Mumbai - Thane,Delivered
103523,2026-04-26,C9442,Ghatkopar Grill,North Indian,581,65,4.3,Cash,Mumbai - Vashi,Delivered
103524,2025-07-23,C4037,Borivali Bistro,Burger,147,44,4.9,Credit Card,Mumbai - Bandra,Cancelled
103525,2026-04-24,C1750,Andheri Kitchen,Pizza,806,36,4.6,Cash,Mumbai - Colaba,Delivered
103526,2025-02-15,C7679,Thane Treats,Chinese,1206,27,3.7,UPI,Mumbai - Bandra,Delivered
103527,2025-08-06,C3199,Kurla Kitchen,Desserts,1088,43,3.7,Credit Card,Mumbai - Vashi,Delivered
103528,2025-03-09,C8107,Kurla Kitchen,South Indian,1719,77,4.7,Cash,Mumbai - Borivali,Delivered
103529,2026-05-28,C7657,Bandra Bites,South Indian,247,65,3.3,Cash,Mumbai - Malad,Delayed
103530,2025-07-22,C7561,Colaba Cafe,Beverages,1783,33,5.0,UPI,Mumbai - Malad,Cancelled
103531,2025-07-08,C7207,Bandra Bites,Burger,511,62,3.6,Cash,Mumbai - Mulund,Delivered
103532,2025-06-18,C3925,Andheri Kitchen,Chinese,106,73,4.0,Credit Card,Mumbai - Dadar,Delivered
103533,2026-03-23,C3686,Andheri Kitchen,Desserts,520,40,3.1,Cash,Mumbai - Vashi,Delivered
103534,2026-03-29,C7611,Marine Drive Meals,Chinese,1482,77,3.9,UPI,Mumbai - Kurla,Delivered
103535,2026-01-06,C5852,Dadar Darbar,Desserts,1035,73,3.0,Wallet,Mumbai - Chembur,Delivered
103536,2025-08-20,C3165,Chembur Spice House,Desserts,407,38,3.8,UPI,Mumbai - Ghatkopar,Delivered
103537,2025-08-15,C8246,Andheri Kitchen,Chinese,144,71,3.1,Debit Card,Mumbai - Dadar,Cancelled
103538,2025-03-22,C7198,Borivali Bistro,South Indian,1461,82,3.4,Cash,Mumbai - Mulund,Cancelled
103539,2025-12-05,C9328,Thane Treats,Biryani,377,42,3.6,Debit Card,Mumbai - Chembur,Delivered
103540,2025-06-18,C8301,Kurla Kitchen,Desserts,951,34,3.7,Debit Card,Mumbai - Dadar,Cancelled
103541,2025-08-17,C8106,Marine Drive Meals,Desserts,298,78,4.5,Debit Card,Mumbai - Vashi,Delivered
103542,2026-01-27,C3841,Bandra Bites,Healthy Food,422,58,3.8,Wallet,Mumbai - Mulund,Delayed
103543,2025-08-26,C1893,Ghatkopar Grill,Beverages,1797,31,3.7,Wallet,Mumbai - Vashi,Delivered
103544,2025-02-11,C7298,Bandra Bites,Beverages,1718,39,4.2,UPI,Mumbai - Ghatkopar,Delivered
103545,2026-02-16,C7615,Kurla Kitchen,Pizza,1550,34,3.6,UPI,Mumbai - Borivali,Cancelled
103546,2025-12-29,C4450,Powai Plates,South Indian,571,40,4.6,Cash,Mumbai - Powai,Delivered
103547,2025-09-05,C9912,Colaba Cafe,North Indian,1169,50,4.3,Cash,Mumbai - Colaba,Delivered
103548,2026-04-23,C9765,Malad Food Hub,Healthy Food,1608,77,3.0,Cash,Mumbai - Ghatkopar,Delivered
103549,2026-02-19,C1935,Kurla Kitchen,Pizza,1724,52,3.0,Credit Card,Mumbai - Borivali,Delivered
103550,2025-03-10,C9277,Mumbai Tadka,Healthy Food,1323,19,4.4,Cash,Mumbai - Thane,Delivered
103551,2025-12-13,C5360,Thane Treats,Beverages,475,35,4.1,UPI,Mumbai - Thane,Delayed
103552,2025-08-07,C5870,Ghatkopar Grill,Beverages,1058,31,3.1,Cash,Mumbai - Dadar,Delayed
103553,2026-02-14,C5597,Vashi Veg Corner,Burger,1271,65,4.2,UPI,Mumbai - Bandra,Cancelled
103554,2025-11-21,C5509,Ghatkopar Grill,South Indian,1368,39,3.4,Debit Card,Mumbai - Borivali,Delivered
103555,2025-01-31,C4563,Vashi Veg Corner,Beverages,1675,40,4.0,UPI,Mumbai - Dadar,Delivered
103556,2025-06-21,C2246,Thane Treats,Burger,654,61,4.4,UPI,Mumbai - Mulund,Cancelled
103557,2026-06-12,C2923,Borivali Bistro,Desserts,1049,28,4.1,Debit Card,Mumbai - Mulund,Cancelled
103558,2025-07-19,C6214,Malad Food Hub,Burger,1241,71,4.0,Cash,Mumbai - Borivali,Delivered
103559,2025-09-01,C5328,Thane Treats,Beverages,279,57,4.5,Wallet,Mumbai - Chembur,Delivered
103560,2025-07-15,C9674,Malad Food Hub,South Indian,1218,21,4.7,UPI,Mumbai - Malad,Delivered
103561,2025-10-28,C8804,Ghatkopar Grill,Beverages,1643,34,4.1,UPI,Mumbai - Mulund,Delayed
103562,2025-07-16,C7573,Vashi Veg Corner,Healthy Food,1118,51,3.3,Wallet,Mumbai - Borivali,Delivered
103563,2025-08-28,C1890,Malad Food Hub,Chinese,137,82,2.8,Cash,Mumbai - Bandra,Delayed
103564,2025-08-07,C1603,Kurla Kitchen,Biryani,186,39,4.5,Cash,Mumbai - Malad,Cancelled
103565,2025-05-27,C2789,Vashi Veg Corner,Beverages,1043,25,2.6,Wallet,Mumbai - Ghatkopar,Cancelled
103566,2026-04-25,C3682,Bandra Bites,Healthy Food,1130,25,2.5,Cash,Mumbai - Malad,Delivered
103567,2025-04-11,C8957,Bandra Bites,Burger,1000,56,4.1,Credit Card,Mumbai - Kurla,Delayed
103568,2026-05-29,C5683,Mumbai Tadka,Desserts,1367,83,3.8,Cash,Mumbai - Dadar,Delivered
103569,2025-11-08,C9990,Malad Food Hub,South Indian,1163,58,3.6,Debit Card,Mumbai - Mulund,Delivered
103570,2025-03-15,C6255,Bandra Bites,North Indian,1235,27,3.7,Credit Card,Mumbai - Andheri,Delivered
103571,2025-01-11,C2477,Marine Drive Meals,Beverages,1305,27,2.6,Cash,Mumbai - Ghatkopar,Delivered
103572,2025-02-04,C7134,Marine Drive Meals,Pizza,1478,29,3.5,Credit Card,Mumbai - Ghatkopar,Delivered
103573,2026-02-25,C7601,Mumbai Tadka,Burger,1372,40,2.8,Cash,Mumbai - Thane,Delivered
103574,2025-06-06,C3681,Mumbai Tadka,Chinese,1068,32,3.4,Wallet,Mumbai - Borivali,Cancelled
103575,2025-04-11,C7097,Powai Plates,Beverages,376,20,4.5,Cash,Mumbai - Dadar,Delivered
103576,2025-10-14,C2752,Thane Treats,North Indian,564,66,3.0,Debit Card,Mumbai - Andheri,Cancelled
103577,2025-05-31,C3196,Powai Plates,Healthy Food,264,20,4.8,Wallet,Mumbai - Malad,Delayed
103578,2025-07-21,C2385,Marine Drive Meals,Healthy Food,1309,57,3.8,Wallet,Mumbai - Andheri,Delayed
103579,2026-06-25,C1761,Dadar Darbar,Biryani,200,21,3.6,Wallet,Mumbai - Dadar,Delivered
103580,2026-03-09,C4329,Ghatkopar Grill,Chinese,1424,15,4.7,Credit Card,Mumbai - Powai,Delivered
103581,2026-02-12,C9347,Vashi Veg Corner,Burger,457,64,3.4,Credit Card,Mumbai - Thane,Delivered
103582,2025-01-25,C7315,Vashi Veg Corner,Pizza,296,85,4.7,Credit Card,Mumbai - Malad,Delivered
103583,2025-03-02,C7040,Malad Food Hub,South Indian,1119,15,3.0,Credit Card,Mumbai - Borivali,Delivered
103584,2025-10-23,C8592,Dadar Darbar,Pizza,719,77,2.6,Credit Card,Mumbai - Malad,Delivered
103585,2025-08-20,C3711,Thane Treats,Chinese,777,85,4.0,Debit Card,Mumbai - Kurla,Delivered
103586,2025-09-04,C7898,Thane Treats,South Indian,329,84,4.6,UPI,Mumbai - Kurla,Cancelled
103587,2026-03-15,C4945,Kurla Kitchen,South Indian,1581,79,3.6,Wallet,Mumbai - Ghatkopar,Delivered
103588,2025-05-14,C4121,Malad Food Hub,Healthy Food,547,27,2.9,Wallet,Mumbai - Borivali,Delivered
103589,2025-02-28,C6384,Colaba Cafe,Healthy Food,347,62,4.9,Credit Card,Mumbai - Chembur,Delivered
103590,2026-05-10,C8661,Marine Drive Meals,South Indian,774,60,3.2,Debit Card,Mumbai - Dadar,Delivered
103591,2025-10-27,C5665,Vashi Veg Corner,Biryani,758,31,2.9,Debit Card,Mumbai - Bandra,Delivered
103592,2025-09-14,C5068,Mumbai Tadka,Desserts,216,75,4.9,Wallet,Mumbai - Thane,Delivered
103593,2025-03-18,C8355,Chembur Spice House,North Indian,266,23,4.1,Wallet,Mumbai - Thane,Delivered
103594,2025-07-28,C8293,Ghatkopar Grill,South Indian,1255,53,3.6,Cash,Mumbai - Powai,Cancelled
103595,2025-02-26,C4489,Bandra Bites,Healthy Food,164,80,4.0,Debit Card,Mumbai - Mulund,Cancelled
103596,2025-08-25,C5091,Mumbai Tadka,North Indian,1736,26,3.7,Credit Card,Mumbai - Chembur,Delivered
103597,2026-05-13,C1580,Dadar Darbar,Biryani,760,63,4.8,Debit Card,Mumbai - Mulund,Cancelled
103598,2025-10-12,C6118,Dadar Darbar,North Indian,206,33,3.4,Credit Card,Mumbai - Andheri,Delivered
103599,2025-10-29,C8601,Borivali Bistro,Chinese,1666,42,4.4,Debit Card,Mumbai - Kurla,Cancelled
103600,2025-08-07,C7262,Malad Food Hub,Beverages,1244,40,3.1,UPI,Mumbai - Dadar,Delayed
103601,2025-03-28,C6619,Mumbai Tadka,Healthy Food,714,26,4.3,UPI,Mumbai - Kurla,Delayed
103602,2025-09-23,C9150,Ghatkopar Grill,Beverages,735,72,4.0,Debit Card,Mumbai - Bandra,Cancelled
103603,2025-05-25,C7720,Powai Plates,Healthy Food,198,42,3.0,Credit Card,Mumbai - Colaba,Delayed
103604,2026-03-04,C5970,Kurla Kitchen,Beverages,662,55,4.7,Credit Card,Mumbai - Powai,Delivered
103605,2026-01-28,C2714,Powai Plates,Desserts,1670,46,2.6,Wallet,Mumbai - Malad,Delivered
103606,2025-02-28,C6426,Andheri Kitchen,South Indian,1424,26,4.8,Cash,Mumbai - Bandra,Delivered
103607,2025-08-28,C9594,Chembur Spice House,Burger,939,85,3.2,UPI,Mumbai - Powai,Delivered
103608,2026-04-26,C1863,Malad Food Hub,Healthy Food,1448,66,3.1,UPI,Mumbai - Borivali,Cancelled
103609,2025-11-05,C6033,Chembur Spice House,Pizza,176,65,3.8,UPI,Mumbai - Borivali,Delayed
103610,2025-11-18,C6299,Vashi Veg Corner,Beverages,249,61,2.7,Credit Card,Mumbai - Colaba,Delivered
103611,2026-05-01,C3101,Andheri Kitchen,Pizza,105,81,4.7,UPI,Mumbai - Mulund,Cancelled
103612,2026-06-04,C7064,Borivali Bistro,Chinese,100,74,2.5,Cash,Mumbai - Dadar,Delivered
103613,2025-10-07,C6106,Colaba Cafe,Biryani,190,74,3.3,Debit Card,Mumbai - Colaba,Delivered
103614,2025-03-04,C7943,Borivali Bistro,Biryani,728,61,3.9,Credit Card,Mumbai - Malad,Delivered
103615,2025-07-14,C3704,Chembur Spice House,Beverages,128,59,4.8,Debit Card,Mumbai - Bandra,Cancelled
103616,2025-09-20,C2865,Andheri Kitchen,Beverages,1286,47,4.8,Cash,Mumbai - Colaba,Cancelled
103617,2025-04-11,C3015,Thane Treats,Beverages,1665,78,4.0,Debit Card,Mumbai - Malad,Delivered
103618,2026-05-04,C7454,Thane Treats,North Indian,743,80,4.6,Cash,Mumbai - Mulund,Delayed
103619,2026-01-09,C1121,Marine Drive Meals,North Indian,127,27,2.7,Cash,Mumbai - Mulund,Cancelled
103620,2025-04-19,C1839,Powai Plates,Beverages,926,35,4.2,Debit Card,Mumbai - Malad,Delivered
103621,2026-04-09,C5278,Bandra Bites,Healthy Food,1753,85,4.0,Debit Card,Mumbai - Andheri,Cancelled
103622,2025-07-29,C3214,Vashi Veg Corner,Chinese,162,38,3.9,UPI,Mumbai - Vashi,Cancelled
103623,2026-01-29,C8252,Mumbai Tadka,Chinese,166,69,2.6,Credit Card,Mumbai - Malad,Cancelled
103624,2025-08-28,C8557,Vashi Veg Corner,Desserts,845,57,2.9,Wallet,Mumbai - Kurla,Delayed
103625,2025-03-26,C2248,Dadar Darbar,Biryani,1258,31,3.8,Wallet,Mumbai - Dadar,Delivered
103626,2026-04-02,C4213,Borivali Bistro,North Indian,1710,74,3.9,Wallet,Mumbai - Ghatkopar,Delivered
103627,2026-04-11,C2444,Powai Plates,Desserts,627,72,4.9,Debit Card,Mumbai - Vashi,Delivered
103628,2025-10-06,C7860,Ghatkopar Grill,Biryani,506,60,3.4,UPI,Mumbai - Borivali,Delivered
103629,2025-08-22,C3219,Ghatkopar Grill,Desserts,415,54,4.1,Cash,Mumbai - Vashi,Delayed
103630,2025-01-24,C6053,Vashi Veg Corner,Burger,1321,50,4.2,Wallet,Mumbai - Chembur,Delivered
103631,2025-12-18,C7427,Mumbai Tadka,Desserts,1181,67,4.4,Cash,Mumbai - Kurla,Delivered
103632,2025-11-20,C9278,Andheri Kitchen,Burger,1104,36,3.8,Wallet,Mumbai - Mulund,Delivered
103633,2025-11-04,C1656,Ghatkopar Grill,Healthy Food,1795,68,4.9,Wallet,Mumbai - Borivali,Delivered
103634,2025-09-08,C4364,Powai Plates,Biryani,214,41,2.6,Credit Card,Mumbai - Dadar,Delayed
103635,2026-06-15,C5327,Bandra Bites,North Indian,1294,58,3.2,Debit Card,Mumbai - Powai,Delivered
103636,2026-03-04,C5774,Thane Treats,Beverages,1790,53,4.4,UPI,Mumbai - Andheri,Cancelled
103637,2025-06-03,C6054,Chembur Spice House,Healthy Food,831,20,4.7,UPI,Mumbai - Kurla,Cancelled
103638,2026-03-12,C7056,Dadar Darbar,Healthy Food,1248,42,4.6,Cash,Mumbai - Ghatkopar,Delivered
103639,2025-06-28,C6802,Malad Food Hub,Chinese,395,16,3.4,Wallet,Mumbai - Bandra,Cancelled
103640,2025-08-19,C9458,Mumbai Tadka,Healthy Food,659,51,4.9,Credit Card,Mumbai - Powai,Delivered
103641,2025-02-28,C3753,Vashi Veg Corner,South Indian,1767,81,4.6,Wallet,Mumbai - Vashi,Delivered
103642,2026-04-22,C5681,Mumbai Tadka,South Indian,195,65,4.8,Cash,Mumbai - Colaba,Delivered
103643,2025-07-21,C1329,Chembur Spice House,Biryani,849,82,4.0,Credit Card,Mumbai - Colaba,Delayed
103644,2025-12-08,C5996,Mumbai Tadka,Burger,1282,64,2.7,Wallet,Mumbai - Dadar,Delayed
103645,2026-01-09,C9811,Powai Plates,Desserts,196,62,4.0,Credit Card,Mumbai - Colaba,Delayed
103646,2025-07-01,C3082,Powai Plates,Burger,1527,52,3.0,Cash,Mumbai - Powai,Delivered
103647,2025-05-29,C2434,Kurla Kitchen,Chinese,1267,23,2.7,Debit Card,Mumbai - Mulund,Delivered
103648,2026-06-05,C8103,Bandra Bites,Biryani,793,28,2.5,Debit Card,Mumbai - Vashi,Delivered
103649,2025-06-19,C7865,Borivali Bistro,Healthy Food,1770,52,2.9,Credit Card,Mumbai - Vashi,Delivered
103650,2026-01-27,C7208,Andheri Kitchen,Burger,1650,74,4.1,Debit Card,Mumbai - Thane,Delivered
103651,2025-04-12,C8317,Colaba Cafe,Desserts,1365,46,5.0,Cash,Mumbai - Andheri,Delayed
103652,2025-11-29,C3406,Thane Treats,Chinese,260,28,2.8,Credit Card,Mumbai - Kurla,Delayed
103653,2026-03-06,C6286,Mumbai Tadka,Biryani,139,81,3.2,Wallet,Mumbai - Colaba,Delivered
103654,2025-11-02,C3962,Bandra Bites,Healthy Food,557,34,3.6,Wallet,Mumbai - Vashi,Cancelled
103655,2026-05-05,C8559,Dadar Darbar,Chinese,305,40,3.7,Credit Card,Mumbai - Ghatkopar,Delivered
103656,2025-04-14,C3577,Mumbai Tadka,Chinese,338,78,2.7,UPI,Mumbai - Andheri,Delayed
103657,2025-08-18,C5097,Kurla Kitchen,Pizza,1493,64,3.0,Credit Card,Mumbai - Vashi,Delivered
103658,2026-06-24,C2149,Vashi Veg Corner,Burger,1625,22,3.5,UPI,Mumbai - Andheri,Delivered
103659,2026-04-24,C4478,Borivali Bistro,Pizza,119,81,4.7,Cash,Mumbai - Malad,Delivered
103660,2025-07-21,C4523,Kurla Kitchen,Desserts,486,44,3.7,Wallet,Mumbai - Thane,Delayed
103661,2026-06-07,C8352,Marine Drive Meals,North Indian,254,16,3.6,UPI,Mumbai - Powai,Delayed
103662,2025-01-30,C4724,Dadar Darbar,Burger,611,24,3.4,Debit Card,Mumbai - Borivali,Delivered
103663,2026-01-25,C2140,Borivali Bistro,Burger,309,35,3.7,Credit Card,Mumbai - Kurla,Delayed
103664,2025-08-10,C3967,Bandra Bites,Desserts,550,40,4.3,Wallet,Mumbai - Vashi,Delivered
103665,2025-03-25,C1359,Vashi Veg Corner,Beverages,470,65,2.6,Wallet,Mumbai - Dadar,Cancelled
103666,2025-01-01,C6966,Borivali Bistro,Desserts,934,28,3.4,Debit Card,Mumbai - Dadar,Delivered
103667,2026-01-13,C8715,Vashi Veg Corner,South Indian,1612,45,3.6,Credit Card,Mumbai - Mulund,Delivered
103668,2025-04-27,C1184,Powai Plates,North Indian,1574,67,2.9,Wallet,Mumbai - Kurla,Delivered
103669,2025-04-01,C9821,Mumbai Tadka,Biryani,1247,75,4.3,Cash,Mumbai - Kurla,Delivered
103670,2026-05-06,C9687,Vashi Veg Corner,Healthy Food,1387,40,4.1,Wallet,Mumbai - Borivali,Delivered
103671,2025-02-14,C8068,Borivali Bistro,Biryani,981,62,4.3,Credit Card,Mumbai - Vashi,Delivered
103672,2025-02-12,C3949,Kurla Kitchen,Pizza,437,32,3.1,Cash,Mumbai - Ghatkopar,Delivered
103673,2026-06-07,C8905,Vashi Veg Corner,Pizza,1472,79,5.0,Cash,Mumbai - Thane,Cancelled
103674,2025-08-31,C4765,Chembur Spice House,Pizza,1464,23,2.5,Credit Card,Mumbai - Ghatkopar,Delayed
103675,2026-01-24,C1639,Mumbai Tadka,Desserts,215,58,4.7,Debit Card,Mumbai - Vashi,Cancelled
103676,2026-02-22,C2000,Borivali Bistro,Healthy Food,1552,62,3.1,Debit Card,Mumbai - Thane,Delivered
103677,2025-07-23,C9614,Borivali Bistro,Pizza,315,51,5.0,Credit Card,Mumbai - Thane,Delivered
103678,2026-02-04,C3741,Kurla Kitchen,Burger,915,79,4.1,Debit Card,Mumbai - Dadar,Cancelled
103679,2026-02-14,C7132,Mumbai Tadka,South Indian,830,77,2.5,UPI,Mumbai - Vashi,Delivered
103680,2025-12-11,C7607,Powai Plates,South Indian,522,78,5.0,Wallet,Mumbai - Thane,Cancelled
103681,2025-08-26,C3423,Ghatkopar Grill,South Indian,1723,66,4.5,Credit Card,Mumbai - Dadar,Delivered
103682,2025-08-04,C8743,Malad Food Hub,South Indian,466,66,4.7,Cash,Mumbai - Chembur,Delivered
103683,2026-03-31,C2131,Marine Drive Meals,Healthy Food,1314,16,3.5,Debit Card,Mumbai - Kurla,Delayed
103684,2026-02-24,C4847,Thane Treats,Healthy Food,1375,22,3.5,UPI,Mumbai - Powai,Delivered
103685,2026-03-12,C3031,Ghatkopar Grill,South Indian,1014,41,3.6,UPI,Mumbai - Kurla,Delivered
103686,2025-07-19,C1573,Andheri Kitchen,South Indian,939,40,4.0,Credit Card,Mumbai - Thane,Delivered
103687,2026-04-14,C3002,Malad Food Hub,Biryani,1044,76,4.6,Debit Card,Mumbai - Chembur,Cancelled
103688,2025-05-28,C2013,Malad Food Hub,Burger,1346,29,3.5,Credit Card,Mumbai - Colaba,Delivered
103689,2025-05-21,C1716,Vashi Veg Corner,Beverages,1378,47,3.8,Credit Card,Mumbai - Dadar,Delivered
103690,2026-05-16,C1091,Kurla Kitchen,Biryani,872,62,2.8,Cash,Mumbai - Mulund,Delivered
103691,2025-10-26,C1985,Dadar Darbar,North Indian,606,76,2.5,Credit Card,Mumbai - Thane,Delivered
103692,2025-03-23,C5777,Dadar Darbar,Chinese,368,78,4.5,UPI,Mumbai - Chembur,Delivered
103693,2025-06-25,C9317,Marine Drive Meals,Chinese,501,72,3.2,Credit Card,Mumbai - Malad,Delivered
103694,2025-12-16,C9807,Chembur Spice House,Biryani,873,60,3.3,Cash,Mumbai - Andheri,Cancelled
103695,2025-02-18,C2108,Kurla Kitchen,Chinese,1116,81,3.1,Wallet,Mumbai - Borivali,Delivered
103696,2025-02-15,C8239,Marine Drive Meals,Biryani,1794,69,2.9,Cash,Mumbai - Thane,Cancelled
103697,2025-06-21,C2336,Powai Plates,Pizza,675,71,4.7,Wallet,Mumbai - Kurla,Delivered
103698,2026-03-30,C1544,Kurla Kitchen,Pizza,795,54,3.1,UPI,Mumbai - Borivali,Delivered
103699,2025-06-30,C2307,Colaba Cafe,North Indian,1530,72,2.6,Credit Card,Mumbai - Malad,Delivered
103700,2025-06-22,C3470,Colaba Cafe,South Indian,1047,72,3.8,Credit Card,Mumbai - Malad,Cancelled
103701,2025-05-17,C6742,Andheri Kitchen,Desserts,523,52,3.8,UPI,Mumbai - Ghatkopar,Delivered
103702,2025-11-10,C6119,Thane Treats,Pizza,1211,85,3.6,Wallet,Mumbai - Ghatkopar,Delivered
103703,2025-08-02,C6963,Malad Food Hub,Biryani,877,68,4.2,Cash,Mumbai - Thane,Delivered
103704,2025-04-17,C2050,Malad Food Hub,Healthy Food,1715,65,4.2,Debit Card,Mumbai - Powai,Delivered
103705,2026-03-24,C7608,Marine Drive Meals,Burger,637,21,3.6,Wallet,Mumbai - Ghatkopar,Delivered
103706,2025-08-14,C2573,Andheri Kitchen,Burger,1248,42,3.3,Credit Card,Mumbai - Borivali,Delayed
103707,2025-11-28,C6315,Colaba Cafe,Chinese,1520,46,4.3,UPI,Mumbai - Powai,Delivered
103708,2026-04-27,C3126,Vashi Veg Corner,Healthy Food,1232,24,4.1,Cash,Mumbai - Andheri,Delayed
103709,2025-05-14,C7649,Powai Plates,South Indian,943,48,2.6,Debit Card,Mumbai - Dadar,Delayed
103710,2026-02-23,C1385,Malad Food Hub,Healthy Food,334,70,2.6,Debit Card,Mumbai - Kurla,Delayed
103711,2026-04-25,C2597,Andheri Kitchen,Healthy Food,1038,22,4.0,Cash,Mumbai - Borivali,Delayed
103712,2025-06-07,C4604,Marine Drive Meals,North Indian,1462,83,3.6,UPI,Mumbai - Powai,Delivered
103713,2025-02-20,C2592,Borivali Bistro,Beverages,1632,40,4.2,Credit Card,Mumbai - Chembur,Delivered
103714,2025-02-10,C4165,Dadar Darbar,South Indian,647,52,3.0,Cash,Mumbai - Borivali,Delayed
103715,2026-01-05,C9252,Malad Food Hub,Burger,604,82,3.2,Cash,Mumbai - Vashi,Delayed
103716,2025-09-27,C3953,Malad Food Hub,Pizza,186,15,3.0,Cash,Mumbai - Colaba,Cancelled
103717,2026-06-18,C2599,Dadar Darbar,Healthy Food,902,53,3.0,Wallet,Mumbai - Malad,Delivered
103718,2025-07-07,C8592,Vashi Veg Corner,North Indian,1141,56,4.5,Debit Card,Mumbai - Bandra,Delivered
103719,2025-12-26,C5431,Chembur Spice House,Pizza,1494,73,5.0,Wallet,Mumbai - Chembur,Delivered
103720,2025-03-16,C6557,Chembur Spice House,Beverages,1623,44,2.7,Credit Card,Mumbai - Borivali,Delivered
103721,2025-06-29,C4072,Chembur Spice House,Biryani,1147,18,3.0,Debit Card,Mumbai - Chembur,Delivered
103722,2026-05-18,C4119,Kurla Kitchen,South Indian,397,69,4.8,Cash,Mumbai - Bandra,Cancelled
103723,2025-05-14,C8724,Powai Plates,Healthy Food,1568,70,2.9,Cash,Mumbai - Borivali,Delivered
103724,2025-01-21,C8439,Powai Plates,Burger,823,47,3.4,Credit Card,Mumbai - Mulund,Delivered
103725,2026-04-02,C6809,Marine Drive Meals,Healthy Food,473,42,3.5,Debit Card,Mumbai - Malad,Delivered
103726,2026-03-12,C9092,Powai Plates,Beverages,1781,71,4.6,Debit Card,Mumbai - Mulund,Delivered
103727,2025-02-11,C8106,Powai Plates,North Indian,846,67,4.2,Credit Card,Mumbai - Bandra,Delivered
103728,2026-05-30,C7728,Bandra Bites,Chinese,1177,26,3.7,Credit Card,Mumbai - Borivali,Cancelled
103729,2026-02-27,C4784,Borivali Bistro,Burger,609,69,2.9,UPI,Mumbai - Thane,Cancelled
103730,2025-02-28,C8097,Powai Plates,Chinese,549,54,3.6,Cash,Mumbai - Kurla,Delivered
103731,2026-05-23,C4358,Vashi Veg Corner,Biryani,1012,43,3.9,UPI,Mumbai - Malad,Delivered
103732,2025-04-25,C7115,Malad Food Hub,South Indian,385,23,3.6,Wallet,Mumbai - Mulund,Delivered
103733,2026-02-21,C6818,Powai Plates,Desserts,1384,71,4.3,Debit Card,Mumbai - Malad,Delivered
103734,2026-01-24,C6217,Vashi Veg Corner,Pizza,1384,32,2.9,Debit Card,Mumbai - Chembur,Delivered
103735,2025-08-12,C6593,Thane Treats,Biryani,1117,26,4.3,Credit Card,Mumbai - Vashi,Delivered
103736,2026-02-21,C4063,Andheri Kitchen,Beverages,358,42,4.4,Debit Card,Mumbai - Dadar,Delayed
103737,2025-04-16,C7949,Thane Treats,Chinese,1587,58,2.5,Cash,Mumbai - Chembur,Delivered
103738,2026-01-02,C7740,Mumbai Tadka,Healthy Food,215,19,4.0,Credit Card,Mumbai - Powai,Delayed
103739,2025-01-27,C6304,Colaba Cafe,North Indian,1723,72,4.8,Cash,Mumbai - Thane,Delayed
103740,2026-05-15,C2179,Bandra Bites,Beverages,1522,43,3.8,Debit Card,Mumbai - Thane,Delayed
103741,2026-01-10,C8378,Malad Food Hub,Pizza,1551,81,3.5,Cash,Mumbai - Colaba,Cancelled
103742,2025-02-02,C3022,Malad Food Hub,North Indian,980,33,4.5,UPI,Mumbai - Kurla,Delayed
103743,2025-06-02,C6288,Mumbai Tadka,Burger,1226,62,2.8,Cash,Mumbai - Dadar,Delivered
103744,2025-04-28,C2004,Mumbai Tadka,Burger,1718,30,3.1,Cash,Mumbai - Chembur,Delayed
103745,2025-05-21,C2640,Bandra Bites,Beverages,1308,85,4.1,Wallet,Mumbai - Chembur,Cancelled
103746,2025-03-09,C3281,Ghatkopar Grill,Healthy Food,1015,65,3.9,Cash,Mumbai - Chembur,Delivered
103747,2025-12-14,C3414,Borivali Bistro,Chinese,1357,37,4.7,Cash,Mumbai - Dadar,Delayed
103748,2026-02-27,C7358,Malad Food Hub,Beverages,1029,35,4.9,Cash,Mumbai - Colaba,Delivered
103749,2025-10-26,C8146,Bandra Bites,Pizza,1583,44,5.0,Wallet,Mumbai - Ghatkopar,Delivered
103750,2026-06-25,C6517,Chembur Spice House,Burger,1335,66,2.7,Credit Card,Mumbai - Borivali,Delivered
103751,2026-02-12,C5442,Dadar Darbar,Beverages,207,67,3.9,Wallet,Mumbai - Andheri,Delivered
103752,2025-05-16,C6234,Chembur Spice House,Desserts,1493,66,4.4,Cash,Mumbai - Vashi,Delivered
103753,2026-06-19,C6191,Ghatkopar Grill,North Indian,994,52,3.2,Cash,Mumbai - Thane,Delayed
103754,2025-02-19,C7915,Thane Treats,Healthy Food,241,75,3.7,Cash,Mumbai - Andheri,Cancelled
103755,2026-05-10,C6213,Ghatkopar Grill,Healthy Food,1447,59,4.6,Cash,Mumbai - Vashi,Delivered
103756,2025-08-13,C3014,Thane Treats,Healthy Food,1296,67,3.0,Debit Card,Mumbai - Kurla,Delivered
103757,2026-04-08,C5388,Borivali Bistro,Healthy Food,1001,65,3.4,Debit Card,Mumbai - Bandra,Delivered
103758,2026-02-19,C3014,Vashi Veg Corner,Biryani,586,17,3.4,Cash,Mumbai - Malad,Delivered
103759,2025-03-26,C5865,Mumbai Tadka,South Indian,744,21,3.4,Wallet,Mumbai - Andheri,Delivered
103760,2025-06-10,C7944,Marine Drive Meals,North Indian,442,71,5.0,Cash,Mumbai - Borivali,Delivered
103761,2026-03-18,C9275,Borivali Bistro,North Indian,1041,47,4.3,Wallet,Mumbai - Bandra,Delayed
103762,2025-03-01,C7471,Marine Drive Meals,South Indian,429,36,4.1,UPI,Mumbai - Powai,Cancelled
103763,2025-02-20,C7834,Bandra Bites,Healthy Food,820,63,4.1,UPI,Mumbai - Powai,Delivered
103764,2025-04-19,C4610,Malad Food Hub,Beverages,935,17,2.9,Credit Card,Mumbai - Powai,Delivered
103765,2025-07-10,C6991,Colaba Cafe,Burger,446,69,4.5,Debit Card,Mumbai - Powai,Delayed
103766,2026-05-14,C9380,Malad Food Hub,Desserts,108,38,2.5,Wallet,Mumbai - Dadar,Delivered
103767,2025-11-30,C9020,Chembur Spice House,Desserts,717,63,3.0,Cash,Mumbai - Andheri,Delivered
103768,2025-11-24,C5994,Thane Treats,Beverages,1680,60,4.0,UPI,Mumbai - Chembur,Delayed
103769,2025-07-11,C1006,Powai Plates,Burger,1136,29,4.9,Credit Card,Mumbai - Colaba,Cancelled
103770,2025-07-27,C4645,Kurla Kitchen,Biryani,401,20,4.5,Cash,Mumbai - Chembur,Delivered
103771,2026-05-17,C9460,Borivali Bistro,Beverages,1702,21,4.5,UPI,Mumbai - Powai,Cancelled
103772,2025-12-28,C2066,Borivali Bistro,Chinese,1332,49,3.0,Debit Card,Mumbai - Kurla,Delayed
103773,2025-05-17,C1263,Malad Food Hub,Biryani,341,61,3.0,Cash,Mumbai - Kurla,Delivered
103774,2025-11-15,C8766,Thane Treats,Beverages,1037,77,3.0,Cash,Mumbai - Andheri,Delivered
103775,2025-12-25,C1629,Thane Treats,North Indian,1703,81,4.1,Wallet,Mumbai - Ghatkopar,Delivered
103776,2025-12-29,C6561,Dadar Darbar,Beverages,1047,83,4.4,Wallet,Mumbai - Ghatkopar,Delivered
103777,2025-06-19,C3264,Ghatkopar Grill,South Indian,877,17,4.9,Credit Card,Mumbai - Dadar,Delayed
103778,2025-12-09,C4411,Chembur Spice House,North Indian,1465,22,4.2,Debit Card,Mumbai - Thane,Delivered
103779,2026-04-26,C4075,Borivali Bistro,Desserts,1784,22,2.7,Debit Card,Mumbai - Vashi,Delivered
103780,2025-11-26,C9732,Powai Plates,South Indian,1476,40,3.4,Cash,Mumbai - Malad,Delivered
103781,2025-05-03,C2054,Mumbai Tadka,Desserts,625,83,3.5,Credit Card,Mumbai - Powai,Cancelled
103782,2025-12-06,C4804,Ghatkopar Grill,Burger,651,81,4.6,UPI,Mumbai - Bandra,Delivered
103783,2025-08-16,C9655,Ghatkopar Grill,Healthy Food,1399,24,4.9,Wallet,Mumbai - Malad,Delivered
103784,2026-02-06,C8180,Malad Food Hub,Chinese,1664,62,3.4,UPI,Mumbai - Kurla,Delivered
103785,2025-04-30,C2976,Powai Plates,South Indian,1381,48,4.6,Debit Card,Mumbai - Colaba,Cancelled
103786,2025-07-31,C3841,Thane Treats,Beverages,145,48,3.4,UPI,Mumbai - Malad,Cancelled
103787,2025-05-23,C5964,Vashi Veg Corner,Desserts,547,78,3.8,Credit Card,Mumbai - Borivali,Delivered
103788,2025-05-22,C9736,Thane Treats,Beverages,754,29,3.8,UPI,Mumbai - Thane,Delivered
103789,2025-10-30,C8731,Bandra Bites,Burger,1512,28,3.9,Wallet,Mumbai - Mulund,Cancelled
103790,2025-02-26,C8062,Mumbai Tadka,Biryani,433,32,2.8,Credit Card,Mumbai - Bandra,Delivered
103791,2025-07-03,C4731,Malad Food Hub,Healthy Food,1229,71,3.7,Credit Card,Mumbai - Colaba,Delivered
103792,2026-04-10,C2112,Malad Food Hub,Beverages,1581,79,3.6,Cash,Mumbai - Ghatkopar,Cancelled
103793,2026-04-14,C7269,Andheri Kitchen,Biryani,387,15,4.1,Credit Card,Mumbai - Colaba,Delayed
103794,2026-03-13,C5132,Kurla Kitchen,Beverages,625,62,2.7,Wallet,Mumbai - Colaba,Delivered
103795,2026-06-02,C7376,Colaba Cafe,South Indian,848,37,4.8,Wallet,Mumbai - Kurla,Delivered
103796,2025-07-28,C3274,Colaba Cafe,Pizza,1285,26,3.5,Wallet,Mumbai - Powai,Delivered
103797,2025-08-03,C6194,Bandra Bites,Chinese,327,15,3.4,UPI,Mumbai - Malad,Delayed
103798,2025-02-03,C3204,Kurla Kitchen,Burger,489,54,3.5,Wallet,Mumbai - Colaba,Cancelled
103799,2025-07-25,C7938,Marine Drive Meals,Biryani,529,68,2.5,UPI,Mumbai - Vashi,Delivered
103800,2025-09-14,C5791,Mumbai Tadka,Pizza,1596,47,3.7,Credit Card,Mumbai - Vashi,Delivered
103801,2025-02-08,C9307,Marine Drive Meals,Beverages,1217,27,4.3,UPI,Mumbai - Malad,Delivered
103802,2026-05-09,C7126,Kurla Kitchen,Chinese,1395,37,4.3,Cash,Mumbai - Mulund,Delivered
103803,2026-02-25,C6212,Colaba Cafe,Chinese,1467,67,4.7,Debit Card,Mumbai - Borivali,Cancelled
103804,2025-09-16,C2635,Borivali Bistro,Biryani,631,39,3.6,Credit Card,Mumbai - Ghatkopar,Delayed
103805,2026-04-10,C2944,Ghatkopar Grill,Beverages,726,30,3.8,Debit Card,Mumbai - Powai,Delivered
103806,2026-05-17,C8288,Marine Drive Meals,Beverages,1364,43,2.7,Wallet,Mumbai - Vashi,Delayed
103807,2026-01-12,C7385,Borivali Bistro,Pizza,1388,42,3.8,Debit Card,Mumbai - Dadar,Delayed
103808,2026-03-27,C4823,Marine Drive Meals,North Indian,1596,40,3.4,Wallet,Mumbai - Colaba,Delivered
103809,2025-02-28,C5105,Ghatkopar Grill,Biryani,1111,26,2.9,Debit Card,Mumbai - Dadar,Delivered
103810,2025-08-15,C5350,Kurla Kitchen,Pizza,648,37,5.0,Credit Card,Mumbai - Andheri,Delayed
103811,2026-02-25,C9485,Kurla Kitchen,Pizza,1024,23,4.1,Credit Card,Mumbai - Bandra,Delivered
103812,2025-01-10,C2257,Powai Plates,Chinese,1306,52,2.6,Wallet,Mumbai - Dadar,Delayed
103813,2026-01-28,C3695,Colaba Cafe,Biryani,335,32,4.1,UPI,Mumbai - Andheri,Delayed
103814,2025-11-30,C8109,Bandra Bites,Pizza,490,44,3.4,Credit Card,Mumbai - Colaba,Delayed
103815,2025-10-23,C8587,Kurla Kitchen,Burger,1601,42,3.9,Wallet,Mumbai - Bandra,Delivered
103816,2025-03-24,C8070,Powai Plates,Desserts,904,17,4.4,UPI,Mumbai - Borivali,Delivered
103817,2025-06-10,C2893,Powai Plates,Burger,1503,83,4.1,Wallet,Mumbai - Andheri,Delivered
103818,2025-05-21,C1319,Kurla Kitchen,Beverages,114,24,2.5,UPI,Mumbai - Andheri,Delivered
103819,2026-01-21,C1598,Bandra Bites,North Indian,1786,60,4.2,Debit Card,Mumbai - Kurla,Cancelled
103820,2025-05-11,C1033,Malad Food Hub,Chinese,1330,84,4.4,UPI,Mumbai - Colaba,Delayed
103821,2025-10-21,C7719,Colaba Cafe,Healthy Food,742,76,3.5,Credit Card,Mumbai - Bandra,Cancelled
103822,2026-05-02,C3693,Andheri Kitchen,South Indian,272,66,4.8,UPI,Mumbai - Powai,Delivered
103823,2025-06-21,C5305,Andheri Kitchen,Burger,1140,31,3.5,UPI,Mumbai - Thane,Delivered
103824,2025-08-20,C6539,Kurla Kitchen,Healthy Food,769,76,4.2,Debit Card,Mumbai - Colaba,Delivered
103825,2025-04-10,C8488,Colaba Cafe,Desserts,1236,73,5.0,Cash,Mumbai - Colaba,Delayed
103826,2025-08-03,C8197,Colaba Cafe,Chinese,1484,68,4.7,Debit Card,Mumbai - Vashi,Cancelled
103827,2025-06-21,C8434,Mumbai Tadka,Beverages,231,55,3.7,Cash,Mumbai - Powai,Delivered
103828,2025-04-20,C1925,Ghatkopar Grill,North Indian,689,65,3.4,Wallet,Mumbai - Bandra,Delayed
103829,2025-12-05,C6508,Colaba Cafe,North Indian,1114,44,3.2,UPI,Mumbai - Dadar,Delivered
103830,2025-02-27,C9863,Bandra Bites,North Indian,1104,34,2.5,Wallet,Mumbai - Chembur,Delayed
103831,2025-12-05,C5874,Vashi Veg Corner,Desserts,113,56,3.3,UPI,Mumbai - Malad,Cancelled
103832,2025-03-10,C1052,Ghatkopar Grill,Chinese,1208,65,4.1,Credit Card,Mumbai - Ghatkopar,Delivered
103833,2025-07-11,C1805,Dadar Darbar,Burger,614,18,4.3,UPI,Mumbai - Borivali,Delivered
103834,2026-03-17,C7621,Malad Food Hub,Beverages,1256,84,4.6,UPI,Mumbai - Colaba,Delivered
103835,2025-09-22,C4984,Malad Food Hub,North Indian,1527,25,3.2,Wallet,Mumbai - Colaba,Delivered
103836,2025-08-24,C6338,Bandra Bites,Beverages,476,40,4.7,Debit Card,Mumbai - Kurla,Cancelled
103837,2026-03-12,C4005,Powai Plates,Chinese,1060,49,3.3,UPI,Mumbai - Bandra,Delivered
103838,2025-12-26,C6519,Marine Drive Meals,Chinese,959,73,3.5,Credit Card,Mumbai - Mulund,Delivered
103839,2026-06-08,C6523,Mumbai Tadka,Chinese,676,61,3.9,Cash,Mumbai - Mulund,Delivered
103840,2025-11-06,C8902,Powai Plates,Beverages,713,42,3.9,UPI,Mumbai - Andheri,Delivered
103841,2025-07-10,C4887,Andheri Kitchen,Beverages,336,40,2.5,UPI,Mumbai - Colaba,Delivered
103842,2025-10-31,C1521,Vashi Veg Corner,South Indian,303,32,2.7,Debit Card,Mumbai - Bandra,Cancelled
103843,2026-04-02,C5875,Andheri Kitchen,Beverages,1456,34,4.1,Debit Card,Mumbai - Mulund,Delivered
103844,2025-09-28,C1457,Borivali Bistro,Healthy Food,1248,39,4.8,Debit Card,Mumbai - Thane,Cancelled
103845,2026-02-24,C3475,Colaba Cafe,South Indian,951,51,3.9,Cash,Mumbai - Borivali,Delivered
103846,2026-02-04,C8473,Ghatkopar Grill,Pizza,322,43,3.9,Wallet,Mumbai - Kurla,Delivered
103847,2025-09-05,C8171,Powai Plates,North Indian,1793,74,4.1,UPI,Mumbai - Ghatkopar,Delivered
103848,2025-01-08,C7841,Borivali Bistro,Biryani,869,66,4.7,Cash,Mumbai - Chembur,Delivered
103849,2025-09-08,C4430,Mumbai Tadka,Biryani,810,64,4.2,Debit Card,Mumbai - Kurla,Delivered
103850,2025-02-24,C5267,Malad Food Hub,Burger,777,22,4.4,Debit Card,Mumbai - Ghatkopar,Cancelled
103851,2025-05-11,C8537,Chembur Spice House,Desserts,770,84,2.9,UPI,Mumbai - Andheri,Delivered
103852,2025-11-06,C7015,Borivali Bistro,Biryani,1179,24,4.2,UPI,Mumbai - Andheri,Delivered
103853,2026-04-15,C3613,Marine Drive Meals,Pizza,917,64,4.9,Debit Card,Mumbai - Chembur,Delivered
103854,2026-05-14,C1365,Bandra Bites,Desserts,1222,55,4.1,Cash,Mumbai - Colaba,Delivered
103855,2026-03-09,C9636,Dadar Darbar,Desserts,419,21,4.6,Cash,Mumbai - Colaba,Delayed
103856,2025-12-16,C4221,Malad Food Hub,Chinese,127,63,3.3,UPI,Mumbai - Kurla,Cancelled
103857,2026-02-20,C2386,Dadar Darbar,South Indian,344,47,3.1,Cash,Mumbai - Dadar,Delivered
103858,2026-05-15,C5036,Kurla Kitchen,Biryani,806,34,3.2,Credit Card,Mumbai - Powai,Cancelled
103859,2025-06-01,C6931,Malad Food Hub,Biryani,842,54,3.3,UPI,Mumbai - Dadar,Delayed
103860,2025-02-26,C2929,Mumbai Tadka,Chinese,436,85,2.6,Credit Card,Mumbai - Ghatkopar,Cancelled
103861,2025-11-11,C3858,Vashi Veg Corner,North Indian,1002,40,2.8,Cash,Mumbai - Andheri,Delivered
103862,2025-04-24,C5096,Vashi Veg Corner,Pizza,672,37,3.4,Debit Card,Mumbai - Powai,Cancelled
103863,2026-01-12,C5854,Vashi Veg Corner,Beverages,1745,79,4.4,Cash,Mumbai - Ghatkopar,Delivered
103864,2026-03-08,C1199,Colaba Cafe,Burger,276,21,3.0,Wallet,Mumbai - Kurla,Delivered
103865,2026-06-21,C1682,Malad Food Hub,Burger,1589,58,2.7,UPI,Mumbai - Chembur,Delivered
103866,2025-04-20,C4917,Powai Plates,South Indian,869,40,2.6,Wallet,Mumbai - Borivali,Delivered
103867,2026-02-17,C4736,Kurla Kitchen,North Indian,1197,49,4.9,Wallet,Mumbai - Dadar,Delayed
103868,2025-06-10,C3747,Vashi Veg Corner,South Indian,1566,84,4.8,Credit Card,Mumbai - Malad,Delivered
103869,2025-04-28,C8704,Malad Food Hub,Chinese,184,46,4.5,Credit Card,Mumbai - Mulund,Delivered
103870,2025-11-01,C8006,Marine Drive Meals,Pizza,1309,38,2.7,Credit Card,Mumbai - Chembur,Delivered
103871,2025-01-20,C5175,Marine Drive Meals,Beverages,1160,63,4.3,Credit Card,Mumbai - Vashi,Cancelled
103872,2025-09-11,C7990,Andheri Kitchen,Pizza,953,61,3.2,UPI,Mumbai - Bandra,Delivered
103873,2026-06-09,C3109,Borivali Bistro,Healthy Food,710,25,3.2,Credit Card,Mumbai - Mulund,Delayed
103874,2026-04-02,C7672,Bandra Bites,Chinese,1569,85,2.5,UPI,Mumbai - Andheri,Delayed
103875,2026-06-06,C7703,Powai Plates,Beverages,172,34,4.2,Credit Card,Mumbai - Dadar,Delayed
103876,2026-02-16,C3851,Powai Plates,Chinese,1179,58,3.3,Credit Card,Mumbai - Chembur,Cancelled
103877,2025-03-02,C5845,Colaba Cafe,Pizza,1153,78,4.9,UPI,Mumbai - Ghatkopar,Delayed
103878,2025-05-17,C7264,Mumbai Tadka,Desserts,418,69,4.0,Cash,Mumbai - Andheri,Delivered
103879,2026-01-11,C7574,Marine Drive Meals,Burger,1517,66,4.7,Credit Card,Mumbai - Vashi,Delivered
103880,2025-03-09,C3124,Thane Treats,North Indian,1377,63,4.5,Credit Card,Mumbai - Kurla,Delayed
103881,2025-02-23,C4820,Vashi Veg Corner,Biryani,1333,33,4.3,Wallet,Mumbai - Malad,Delivered
103882,2025-09-02,C6137,Marine Drive Meals,Burger,1708,44,3.2,Debit Card,Mumbai - Bandra,Delayed
103883,2025-02-04,C8894,Colaba Cafe,South Indian,253,65,4.3,Cash,Mumbai - Chembur,Delivered
103884,2025-09-23,C5366,Colaba Cafe,South Indian,1373,49,3.7,Wallet,Mumbai - Colaba,Delayed
103885,2026-04-05,C9156,Powai Plates,Healthy Food,731,40,4.4,Wallet,Mumbai - Ghatkopar,Delivered
103886,2025-01-28,C6439,Ghatkopar Grill,Desserts,408,84,4.0,Credit Card,Mumbai - Mulund,Delivered
103887,2025-07-27,C6462,Thane Treats,North Indian,154,63,3.7,Debit Card,Mumbai - Mulund,Delivered
103888,2025-10-27,C5376,Malad Food Hub,Chinese,620,54,3.9,Credit Card,Mumbai - Bandra,Delivered
103889,2026-03-31,C4078,Vashi Veg Corner,Healthy Food,203,15,4.2,Cash,Mumbai - Kurla,Delivered
103890,2025-08-19,C5119,Andheri Kitchen,Desserts,965,18,4.7,Wallet,Mumbai - Mulund,Delivered
103891,2025-04-30,C4483,Ghatkopar Grill,North Indian,351,49,2.9,Cash,Mumbai - Colaba,Delivered
103892,2026-03-08,C3680,Andheri Kitchen,Chinese,1043,72,2.9,UPI,Mumbai - Chembur,Delivered
103893,2025-03-08,C7067,Powai Plates,Chinese,179,37,3.2,Wallet,Mumbai - Borivali,Delivered
103894,2026-02-07,C8447,Dadar Darbar,Desserts,1594,37,3.1,Debit Card,Mumbai - Andheri,Delivered
103895,2025-02-09,C5869,Dadar Darbar,Chinese,1232,83,4.8,UPI,Mumbai - Ghatkopar,Cancelled
103896,2025-11-30,C2104,Borivali Bistro,Biryani,1476,52,2.7,Wallet,Mumbai - Borivali,Delivered
103897,2025-01-25,C2633,Dadar Darbar,Biryani,1495,51,3.7,Debit Card,Mumbai - Powai,Cancelled
103898,2025-09-01,C4703,Borivali Bistro,North Indian,1779,19,2.6,Credit Card,Mumbai - Kurla,Delivered
103899,2025-05-15,C4281,Bandra Bites,Beverages,834,29,3.8,Credit Card,Mumbai - Bandra,Cancelled
103900,2025-12-03,C9978,Dadar Darbar,Healthy Food,866,65,3.1,Wallet,Mumbai - Colaba,Delivered
103901,2025-10-31,C4638,Thane Treats,Pizza,678,43,4.9,Cash,Mumbai - Andheri,Delivered
103902,2025-02-14,C2209,Colaba Cafe,Pizza,508,27,3.8,Debit Card,Mumbai - Chembur,Delayed
103903,2026-05-30,C6066,Chembur Spice House,Burger,1520,63,3.2,Cash,Mumbai - Vashi,Delayed
103904,2025-01-07,C3222,Malad Food Hub,Biryani,350,42,4.9,Credit Card,Mumbai - Borivali,Delivered
103905,2026-06-25,C6398,Mumbai Tadka,South Indian,1593,66,4.1,Wallet,Mumbai - Malad,Delivered
103906,2025-09-07,C2772,Powai Plates,Chinese,1385,24,3.6,Cash,Mumbai - Dadar,Delivered
103907,2025-07-19,C9245,Chembur Spice House,Desserts,1693,80,4.4,Credit Card,Mumbai - Ghatkopar,Delayed
103908,2026-03-09,C8717,Thane Treats,Biryani,311,69,4.8,UPI,Mumbai - Dadar,Delivered
103909,2026-05-06,C7240,Powai Plates,North Indian,715,69,4.5,Credit Card,Mumbai - Colaba,Delivered
103910,2025-11-04,C1419,Dadar Darbar,Healthy Food,1098,85,4.6,Cash,Mumbai - Dadar,Delivered
103911,2025-02-25,C9330,Kurla Kitchen,Beverages,1642,45,4.0,Credit Card,Mumbai - Kurla,Delivered
103912,2025-12-07,C5329,Marine Drive Meals,Desserts,198,53,3.7,Debit Card,Mumbai - Vashi,Delivered
103913,2025-04-22,C4718,Malad Food Hub,Chinese,513,35,4.5,Debit Card,Mumbai - Borivali,Delivered
103914,2026-05-08,C5294,Borivali Bistro,Beverages,1220,55,4.6,Wallet,Mumbai - Kurla,Cancelled
103915,2025-12-19,C4998,Kurla Kitchen,Biryani,931,76,3.2,UPI,Mumbai - Ghatkopar,Delivered
103916,2025-04-21,C8591,Colaba Cafe,North Indian,637,77,3.5,Credit Card,Mumbai - Malad,Cancelled
103917,2025-01-13,C4739,Thane Treats,Burger,992,44,4.8,UPI,Mumbai - Ghatkopar,Delivered
103918,2025-03-31,C8751,Ghatkopar Grill,Beverages,1044,56,5.0,Cash,Mumbai - Andheri,Delivered
103919,2026-03-26,C6496,Dadar Darbar,Healthy Food,1008,56,4.2,Wallet,Mumbai - Bandra,Delivered
103920,2025-12-17,C6422,Ghatkopar Grill,Burger,583,79,4.0,Credit Card,Mumbai - Malad,Delayed
103921,2025-09-15,C7853,Mumbai Tadka,Biryani,941,50,3.0,Credit Card,Mumbai - Chembur,Delivered
103922,2025-11-14,C8323,Borivali Bistro,North Indian,167,55,3.4,Credit Card,Mumbai - Andheri,Cancelled
103923,2025-09-12,C9937,Powai Plates,North Indian,1507,18,2.8,Cash,Mumbai - Thane,Delivered
103924,2026-01-13,C2508,Thane Treats,Healthy Food,968,61,4.8,Cash,Mumbai - Bandra,Delayed
103925,2025-12-19,C2653,Chembur Spice House,North Indian,774,69,4.5,Cash,Mumbai - Borivali,Delivered
103926,2026-02-14,C3353,Colaba Cafe,Chinese,354,84,3.4,Credit Card,Mumbai - Ghatkopar,Delayed
103927,2026-04-23,C1390,Chembur Spice House,Burger,607,61,4.8,Wallet,Mumbai - Borivali,Delayed
103928,2026-06-07,C4972,Andheri Kitchen,Healthy Food,1146,61,2.5,Credit Card,Mumbai - Colaba,Delivered
103929,2025-04-29,C9868,Mumbai Tadka,South Indian,1509,64,4.0,UPI,Mumbai - Powai,Delivered
103930,2025-06-01,C7688,Dadar Darbar,Desserts,665,21,4.0,Wallet,Mumbai - Ghatkopar,Delivered
103931,2026-06-06,C6236,Dadar Darbar,Beverages,984,37,3.4,Credit Card,Mumbai - Dadar,Cancelled
103932,2025-04-25,C8996,Ghatkopar Grill,Pizza,500,48,4.4,UPI,Mumbai - Chembur,Delivered
103933,2025-01-30,C7276,Kurla Kitchen,Healthy Food,695,79,2.6,UPI,Mumbai - Bandra,Delayed
103934,2025-08-17,C3371,Powai Plates,Desserts,338,65,4.4,Debit Card,Mumbai - Bandra,Cancelled
103935,2025-12-12,C3412,Marine Drive Meals,Chinese,1425,56,2.8,Wallet,Mumbai - Bandra,Cancelled
103936,2026-02-11,C2662,Powai Plates,Beverages,1663,52,2.8,Cash,Mumbai - Mulund,Delivered
103937,2025-03-18,C5717,Powai Plates,South Indian,676,55,3.7,Cash,Mumbai - Borivali,Delivered
103938,2026-06-08,C4332,Thane Treats,Pizza,1685,30,4.0,Credit Card,Mumbai - Dadar,Delivered
103939,2026-06-08,C7758,Dadar Darbar,Healthy Food,356,66,3.1,Credit Card,Mumbai - Thane,Delivered
103940,2025-09-10,C4236,Bandra Bites,Healthy Food,1711,61,4.6,Credit Card,Mumbai - Borivali,Delivered
103941,2025-09-20,C6755,Colaba Cafe,Chinese,1551,67,4.0,Debit Card,Mumbai - Powai,Delivered
103942,2026-02-03,C4572,Andheri Kitchen,Chinese,762,52,3.7,Credit Card,Mumbai - Colaba,Delivered
103943,2025-04-18,C7907,Thane Treats,Beverages,611,18,2.8,Wallet,Mumbai - Kurla,Delivered
103944,2025-01-28,C8149,Kurla Kitchen,North Indian,250,30,4.4,Credit Card,Mumbai - Chembur,Delivered
103945,2025-07-28,C4546,Andheri Kitchen,Beverages,1568,79,3.5,Cash,Mumbai - Ghatkopar,Delivered
103946,2025-08-07,C5383,Andheri Kitchen,Biryani,393,24,2.6,Debit Card,Mumbai - Ghatkopar,Delayed
103947,2025-01-25,C2946,Vashi Veg Corner,Burger,1439,71,4.9,Cash,Mumbai - Powai,Cancelled
103948,2025-08-21,C8558,Borivali Bistro,North Indian,716,79,3.8,Cash,Mumbai - Dadar,Cancelled
103949,2026-06-17,C6224,Vashi Veg Corner,Healthy Food,1469,16,3.6,UPI,Mumbai - Colaba,Delivered
103950,2025-04-10,C6041,Powai Plates,North Indian,1059,75,4.7,Debit Card,Mumbai - Borivali,Cancelled
103951,2025-02-16,C7662,Ghatkopar Grill,North Indian,1704,71,4.5,UPI,Mumbai - Bandra,Cancelled
103952,2026-06-15,C6898,Borivali Bistro,Biryani,903,83,4.7,Wallet,Mumbai - Borivali,Delivered
103953,2025-01-26,C9949,Andheri Kitchen,North Indian,1250,64,3.6,Wallet,Mumbai - Vashi,Delivered
103954,2025-11-22,C1242,Bandra Bites,Chinese,503,44,3.6,Debit Card,Mumbai - Powai,Cancelled
103955,2026-01-01,C2444,Malad Food Hub,North Indian,1353,74,4.3,Debit Card,Mumbai - Thane,Delivered
103956,2025-10-04,C9551,Andheri Kitchen,Pizza,217,39,3.0,Cash,Mumbai - Colaba,Cancelled
103957,2026-06-19,C9928,Dadar Darbar,North Indian,732,65,4.4,Cash,Mumbai - Chembur,Delivered
103958,2025-12-23,C8892,Kurla Kitchen,Biryani,460,74,3.3,Wallet,Mumbai - Borivali,Delivered
103959,2025-05-24,C4465,Mumbai Tadka,Desserts,561,47,2.7,Credit Card,Mumbai - Borivali,Delayed
103960,2025-11-21,C4958,Chembur Spice House,Beverages,1316,66,4.0,Credit Card,Mumbai - Bandra,Delayed
103961,2025-02-26,C8894,Marine Drive Meals,Beverages,1758,42,4.1,Cash,Mumbai - Malad,Delivered
103962,2025-09-29,C4711,Kurla Kitchen,South Indian,1631,34,2.7,Debit Card,Mumbai - Dadar,Delayed
103963,2026-03-18,C6654,Andheri Kitchen,Healthy Food,1621,40,3.9,Credit Card,Mumbai - Colaba,Delivered
103964,2026-05-01,C1761,Thane Treats,Biryani,1502,39,3.4,UPI,Mumbai - Ghatkopar,Delayed
103965,2025-01-14,C7447,Mumbai Tadka,Pizza,1372,64,4.4,Debit Card,Mumbai - Bandra,Delivered
103966,2026-04-22,C7541,Powai Plates,Desserts,538,67,4.9,Debit Card,Mumbai - Powai,Cancelled
103967,2026-04-06,C2275,Mumbai Tadka,North Indian,1751,30,4.4,Credit Card,Mumbai - Andheri,Delivered
103968,2025-06-01,C9959,Kurla Kitchen,North Indian,957,19,3.3,Credit Card,Mumbai - Ghatkopar,Delayed
103969,2025-01-13,C5436,Mumbai Tadka,Desserts,884,42,4.3,Debit Card,Mumbai - Bandra,Delivered
103970,2026-04-21,C7112,Bandra Bites,Healthy Food,900,20,3.7,Wallet,Mumbai - Vashi,Cancelled
103971,2026-02-03,C6403,Thane Treats,Biryani,697,80,2.9,UPI,Mumbai - Mulund,Cancelled
103972,2025-06-14,C7372,Malad Food Hub,Pizza,1621,46,4.8,Debit Card,Mumbai - Chembur,Delivered
103973,2026-04-21,C8894,Colaba Cafe,North Indian,628,25,4.3,Cash,Mumbai - Thane,Delivered
103974,2025-07-29,C6642,Thane Treats,Burger,967,45,5.0,Debit Card,Mumbai - Thane,Delivered
103975,2025-12-10,C2985,Bandra Bites,Biryani,670,30,4.9,UPI,Mumbai - Borivali,Cancelled
103976,2025-01-29,C8474,Chembur Spice House,North Indian,1051,83,4.6,Debit Card,Mumbai - Kurla,Delayed
103977,2025-08-14,C6754,Kurla Kitchen,Desserts,1769,65,4.3,UPI,Mumbai - Powai,Delayed
103978,2025-09-29,C2126,Mumbai Tadka,Beverages,452,37,3.5,UPI,Mumbai - Andheri,Delivered
103979,2025-01-03,C1211,Malad Food Hub,Burger,1636,31,3.3,Cash,Mumbai - Borivali,Cancelled
103980,2025-10-09,C8923,Vashi Veg Corner,Desserts,835,37,3.0,Debit Card,Mumbai - Powai,Delivered
103981,2025-06-06,C2240,Malad Food Hub,Biryani,531,72,2.6,Debit Card,Mumbai - Vashi,Delayed
103982,2026-05-23,C4863,Andheri Kitchen,Pizza,1645,41,4.9,Credit Card,Mumbai - Bandra,Delivered
103983,2025-07-06,C5844,Kurla Kitchen,Burger,964,54,4.9,Credit Card,Mumbai - Kurla,Delayed
103984,2025-11-09,C1136,Borivali Bistro,South Indian,435,32,4.2,Credit Card,Mumbai - Thane,Delivered
103985,2025-12-31,C7104,Dadar Darbar,South Indian,1078,44,2.6,Credit Card,Mumbai - Powai,Delivered
103986,2025-08-12,C1903,Ghatkopar Grill,North Indian,1543,23,5.0,Cash,Mumbai - Chembur,Cancelled
103987,2026-05-11,C1526,Ghatkopar Grill,Desserts,1459,53,4.9,Credit Card,Mumbai - Mulund,Delivered
103988,2026-01-05,C3686,Colaba Cafe,South Indian,543,64,3.9,Credit Card,Mumbai - Kurla,Delivered
103989,2026-02-20,C1175,Dadar Darbar,North Indian,1736,81,2.8,Wallet,Mumbai - Powai,Delayed
103990,2025-11-19,C5613,Ghatkopar Grill,Biryani,135,35,4.0,Wallet,Mumbai - Andheri,Delayed
103991,2026-05-24,C9059,Thane Treats,Healthy Food,1719,26,2.9,Cash,Mumbai - Vashi,Delayed
103992,2026-05-26,C1106,Thane Treats,Chinese,100,78,3.4,Credit Card,Mumbai - Dadar,Delivered
103993,2025-03-29,C1695,Chembur Spice House,Pizza,1705,82,3.7,UPI,Mumbai - Bandra,Delayed
103994,2025-01-22,C7608,Vashi Veg Corner,Chinese,1327,64,4.5,Cash,Mumbai - Borivali,Delivered
103995,2026-01-12,C8942,Malad Food Hub,Chinese,1504,41,3.3,UPI,Mumbai - Kurla,Delivered
103996,2026-04-08,C4618,Dadar Darbar,Biryani,435,46,2.9,Debit Card,Mumbai - Powai,Delayed
103997,2026-05-10,C2802,Bandra Bites,Pizza,512,66,2.6,Debit Card,Mumbai - Chembur,Delivered
103998,2025-03-03,C7174,Kurla Kitchen,South Indian,1787,63,2.8,Cash,Mumbai - Bandra,Delivered
103999,2025-03-15,C5805,Marine Drive Meals,Chinese,666,58,4.0,Wallet,Mumbai - Powai,Delayed
104000,2026-05-30,C4096,Vashi Veg Corner,South Indian,1122,76,4.0,Wallet,Mumbai - Andheri,Delayed
104001,2025-06-19,C9349,Chembur Spice House,Burger,1780,34,3.3,Credit Card,Mumbai - Bandra,Delivered
104002,2025-05-03,C4593,Kurla Kitchen,Pizza,858,67,2.7,Debit Card,Mumbai - Ghatkopar,Cancelled
104003,2026-01-18,C6268,Kurla Kitchen,Biryani,1586,72,2.9,Wallet,Mumbai - Chembur,Delivered
104004,2025-11-12,C4707,Dadar Darbar,Burger,1159,30,4.2,UPI,Mumbai - Powai,Cancelled
104005,2025-04-06,C4693,Andheri Kitchen,Desserts,673,20,4.5,Wallet,Mumbai - Mulund,Delivered
104006,2026-05-16,C4698,Marine Drive Meals,South Indian,1752,25,3.2,Credit Card,Mumbai - Powai,Delayed
104007,2025-08-06,C6413,Thane Treats,Pizza,1768,27,3.8,Credit Card,Mumbai - Malad,Delayed
104008,2025-09-15,C6488,Marine Drive Meals,Chinese,193,83,3.6,Wallet,Mumbai - Mulund,Delivered
104009,2026-05-09,C8927,Marine Drive Meals,Pizza,1504,63,4.7,Wallet,Mumbai - Dadar,Delivered
104010,2026-06-05,C7675,Thane Treats,Beverages,1437,64,4.8,Cash,Mumbai - Malad,Delivered
104011,2026-01-22,C2814,Dadar Darbar,Desserts,1655,32,4.6,Credit Card,Mumbai - Borivali,Delivered
104012,2025-07-05,C2790,Mumbai Tadka,Healthy Food,1198,41,3.9,Debit Card,Mumbai - Thane,Delivered
104013,2025-02-21,C6273,Ghatkopar Grill,Beverages,1630,71,3.7,Wallet,Mumbai - Borivali,Delivered
104014,2025-09-05,C3480,Marine Drive Meals,North Indian,319,52,3.2,Debit Card,Mumbai - Powai,Delivered
104015,2025-08-12,C2660,Mumbai Tadka,Healthy Food,723,27,2.6,Wallet,Mumbai - Colaba,Cancelled
104016,2026-05-18,C9110,Thane Treats,North Indian,422,63,3.6,Debit Card,Mumbai - Andheri,Delivered
104017,2025-07-08,C5420,Ghatkopar Grill,North Indian,1527,72,3.2,Credit Card,Mumbai - Borivali,Delivered
104018,2025-07-21,C4392,Ghatkopar Grill,Biryani,254,70,2.6,UPI,Mumbai - Powai,Cancelled
104019,2025-12-13,C8439,Colaba Cafe,Chinese,678,17,4.4,Wallet,Mumbai - Ghatkopar,Delivered
104020,2025-03-18,C5712,Marine Drive Meals,Pizza,1209,15,4.1,Wallet,Mumbai - Powai,Delayed
104021,2025-05-11,C1608,Powai Plates,Healthy Food,545,51,3.0,Debit Card,Mumbai - Colaba,Delivered
104022,2026-06-17,C6524,Kurla Kitchen,Biryani,1107,51,3.4,UPI,Mumbai - Kurla,Cancelled
104023,2025-12-07,C3289,Powai Plates,Chinese,1064,18,3.1,UPI,Mumbai - Thane,Delayed
104024,2025-04-13,C8710,Borivali Bistro,Pizza,1647,39,3.5,Wallet,Mumbai - Andheri,Delayed
104025,2025-07-07,C3338,Thane Treats,Biryani,1204,25,3.4,Credit Card,Mumbai - Colaba,Cancelled
104026,2026-01-28,C3640,Vashi Veg Corner,Biryani,546,20,3.8,Cash,Mumbai - Andheri,Delayed
104027,2026-05-26,C7238,Borivali Bistro,Burger,644,81,4.7,Cash,Mumbai - Chembur,Delivered
104028,2025-03-18,C2937,Colaba Cafe,Pizza,330,39,2.9,UPI,Mumbai - Vashi,Delayed
104029,2025-06-01,C4858,Chembur Spice House,Beverages,1055,32,2.9,Cash,Mumbai - Vashi,Delivered
104030,2025-10-14,C6999,Chembur Spice House,North Indian,697,63,4.3,Debit Card,Mumbai - Malad,Delivered
104031,2026-02-13,C1051,Powai Plates,Burger,254,81,3.9,UPI,Mumbai - Kurla,Delivered
104032,2025-04-04,C8817,Malad Food Hub,Healthy Food,1694,59,3.5,UPI,Mumbai - Thane,Delayed
104033,2025-05-14,C9005,Mumbai Tadka,Healthy Food,1302,29,4.1,Credit Card,Mumbai - Kurla,Delivered
104034,2026-02-12,C8441,Borivali Bistro,Pizza,1001,44,3.7,Credit Card,Mumbai - Andheri,Delivered
104035,2025-06-29,C3324,Kurla Kitchen,Beverages,1088,31,4.3,Credit Card,Mumbai - Andheri,Delayed
104036,2025-12-20,C3157,Powai Plates,Healthy Food,1190,69,4.6,Wallet,Mumbai - Thane,Delivered
104037,2025-06-29,C5040,Colaba Cafe,Pizza,1273,62,4.5,Debit Card,Mumbai - Chembur,Cancelled
104038,2025-06-08,C2119,Malad Food Hub,Chinese,492,64,3.2,Debit Card,Mumbai - Kurla,Delivered
104039,2026-05-23,C4565,Chembur Spice House,Chinese,906,60,4.9,Debit Card,Mumbai - Mulund,Cancelled
104040,2025-06-28,C7959,Chembur Spice House,Desserts,690,79,3.6,Debit Card,Mumbai - Malad,Cancelled
104041,2026-02-11,C2533,Thane Treats,Burger,1042,26,3.3,Cash,Mumbai - Borivali,Delayed
104042,2025-05-12,C6823,Mumbai Tadka,Healthy Food,1400,15,3.1,Wallet,Mumbai - Dadar,Delivered
104043,2025-01-17,C9449,Bandra Bites,Healthy Food,470,44,3.9,Cash,Mumbai - Thane,Delivered
104044,2026-05-17,C8208,Chembur Spice House,Healthy Food,910,81,2.6,Debit Card,Mumbai - Ghatkopar,Delivered
104045,2025-06-17,C3169,Bandra Bites,Desserts,1282,24,4.0,Debit Card,Mumbai - Mulund,Delayed
104046,2025-01-23,C6772,Powai Plates,Beverages,1661,55,3.8,Debit Card,Mumbai - Thane,Cancelled
104047,2025-08-13,C1591,Borivali Bistro,Pizza,1248,42,4.2,Wallet,Mumbai - Thane,Delivered
104048,2025-05-03,C1115,Borivali Bistro,Pizza,1643,22,2.7,Wallet,Mumbai - Mulund,Delivered
104049,2026-02-10,C4525,Powai Plates,Healthy Food,980,39,4.3,Debit Card,Mumbai - Thane,Delivered
104050,2025-10-13,C8730,Thane Treats,Beverages,294,41,3.7,Cash,Mumbai - Andheri,Delivered
104051,2025-05-09,C2212,Dadar Darbar,South Indian,1384,45,2.9,Wallet,Mumbai - Colaba,Delivered
104052,2026-01-12,C7358,Thane Treats,Beverages,1694,68,4.4,Credit Card,Mumbai - Thane,Delivered
104053,2026-02-14,C8254,Kurla Kitchen,Chinese,1772,73,3.6,Credit Card,Mumbai - Vashi,Delayed
104054,2025-05-01,C1317,Marine Drive Meals,Biryani,1012,39,3.6,Cash,Mumbai - Thane,Delivered
104055,2026-03-27,C5342,Bandra Bites,North Indian,680,41,4.1,Debit Card,Mumbai - Chembur,Delivered
104056,2025-03-24,C9498,Borivali Bistro,Biryani,1321,67,4.7,Cash,Mumbai - Dadar,Delayed
104057,2025-07-26,C6048,Marine Drive Meals,North Indian,1671,39,3.8,UPI,Mumbai - Mulund,Cancelled
104058,2025-06-03,C7053,Bandra Bites,Burger,1672,43,4.4,Cash,Mumbai - Colaba,Delivered
104059,2025-04-27,C8262,Mumbai Tadka,Chinese,796,58,2.7,Wallet,Mumbai - Dadar,Cancelled
104060,2025-01-28,C5884,Powai Plates,Chinese,1366,52,3.4,Wallet,Mumbai - Malad,Cancelled
104061,2026-02-27,C5287,Mumbai Tadka,Healthy Food,1334,21,4.3,Wallet,Mumbai - Malad,Delayed
104062,2025-04-18,C7796,Mumbai Tadka,North Indian,373,34,2.7,Credit Card,Mumbai - Andheri,Cancelled
104063,2025-09-04,C3068,Kurla Kitchen,South Indian,899,55,3.2,Debit Card,Mumbai - Ghatkopar,Delivered
104064,2025-02-05,C5195,Borivali Bistro,Healthy Food,331,40,4.3,Cash,Mumbai - Vashi,Delivered
104065,2026-06-09,C3642,Mumbai Tadka,Biryani,572,77,4.3,Debit Card,Mumbai - Ghatkopar,Cancelled
104066,2026-02-23,C8263,Vashi Veg Corner,North Indian,1293,25,2.5,Credit Card,Mumbai - Borivali,Cancelled
104067,2026-03-08,C6837,Dadar Darbar,Chinese,1424,78,3.4,UPI,Mumbai - Ghatkopar,Delivered
104068,2026-03-04,C3829,Andheri Kitchen,Biryani,1110,76,3.3,Cash,Mumbai - Ghatkopar,Delivered
104069,2026-06-22,C4816,Mumbai Tadka,Pizza,821,50,4.4,Credit Card,Mumbai - Dadar,Delivered
104070,2025-04-24,C7988,Colaba Cafe,Pizza,343,73,4.1,Wallet,Mumbai - Ghatkopar,Cancelled
104071,2025-08-02,C9812,Thane Treats,South Indian,1320,21,3.0,Wallet,Mumbai - Kurla,Delivered
104072,2025-08-24,C7408,Borivali Bistro,Pizza,879,34,4.0,UPI,Mumbai - Thane,Delivered
104073,2025-07-20,C5051,Mumbai Tadka,Healthy Food,1619,64,2.5,UPI,Mumbai - Kurla,Delivered
104074,2026-02-28,C2436,Bandra Bites,South Indian,1082,17,4.4,Credit Card,Mumbai - Colaba,Cancelled
104075,2025-11-23,C1385,Thane Treats,South Indian,1062,20,3.4,Cash,Mumbai - Mulund,Delivered
104076,2026-03-22,C6689,Marine Drive Meals,Healthy Food,829,71,4.7,Debit Card,Mumbai - Kurla,Delayed
104077,2025-03-30,C3512,Colaba Cafe,South Indian,619,30,3.6,Credit Card,Mumbai - Chembur,Delivered
104078,2026-03-13,C2940,Kurla Kitchen,Chinese,358,42,2.9,Debit Card,Mumbai - Mulund,Delivered
104079,2026-03-06,C4453,Kurla Kitchen,Pizza,1434,36,4.5,Wallet,Mumbai - Ghatkopar,Delayed
104080,2025-06-13,C3132,Dadar Darbar,Chinese,543,85,2.7,Wallet,Mumbai - Colaba,Delayed
104081,2025-06-07,C8197,Mumbai Tadka,Biryani,597,35,4.8,Wallet,Mumbai - Andheri,Cancelled
104082,2025-09-15,C2666,Bandra Bites,Chinese,1536,78,4.0,Debit Card,Mumbai - Vashi,Delayed
104083,2025-07-01,C1021,Kurla Kitchen,Beverages,1681,84,3.1,UPI,Mumbai - Dadar,Cancelled
104084,2025-09-03,C5511,Marine Drive Meals,Desserts,1538,43,4.4,Debit Card,Mumbai - Dadar,Delivered
104085,2025-01-14,C6587,Malad Food Hub,Burger,1761,35,4.9,Cash,Mumbai - Powai,Delivered
104086,2025-10-05,C7038,Borivali Bistro,North Indian,1771,41,3.4,Credit Card,Mumbai - Colaba,Delivered
104087,2025-09-19,C8439,Bandra Bites,Biryani,538,40,3.2,Cash,Mumbai - Mulund,Delivered
104088,2025-07-03,C7504,Thane Treats,Burger,612,42,3.7,UPI,Mumbai - Ghatkopar,Delivered
104089,2025-11-16,C8809,Marine Drive Meals,North Indian,145,71,3.1,UPI,Mumbai - Vashi,Cancelled
104090,2025-01-17,C4082,Andheri Kitchen,Desserts,967,72,2.6,Wallet,Mumbai - Colaba,Delivered
104091,2026-03-06,C4090,Dadar Darbar,South Indian,1329,22,2.5,Cash,Mumbai - Mulund,Delivered
104092,2025-01-18,C9888,Bandra Bites,Pizza,1234,81,4.8,UPI,Mumbai - Bandra,Delivered
104093,2026-03-30,C8186,Colaba Cafe,Desserts,825,38,3.8,Debit Card,Mumbai - Mulund,Delivered
104094,2026-02-23,C6773,Borivali Bistro,North Indian,1078,33,2.5,Wallet,Mumbai - Ghatkopar,Delivered
104095,2026-01-06,C4550,Powai Plates,Healthy Food,643,33,4.7,Credit Card,Mumbai - Malad,Delayed
104096,2025-12-11,C4029,Andheri Kitchen,Pizza,472,75,3.5,Wallet,Mumbai - Bandra,Delayed
104097,2025-05-06,C7012,Borivali Bistro,Desserts,1210,84,4.2,Wallet,Mumbai - Kurla,Delivered
104098,2025-08-17,C1480,Vashi Veg Corner,Biryani,635,41,2.9,Wallet,Mumbai - Mulund,Delayed
104099,2026-06-02,C9797,Thane Treats,Chinese,1305,45,3.3,UPI,Mumbai - Powai,Cancelled
104100,2025-02-06,C7117,Andheri Kitchen,South Indian,670,55,2.6,Credit Card,Mumbai - Powai,Cancelled
104101,2026-02-08,C3600,Thane Treats,Pizza,332,28,4.9,Credit Card,Mumbai - Kurla,Cancelled
104102,2025-07-30,C5905,Thane Treats,South Indian,644,46,3.4,UPI,Mumbai - Kurla,Delivered
104103,2025-02-23,C6193,Marine Drive Meals,South Indian,1683,55,4.3,Wallet,Mumbai - Borivali,Delivered
104104,2025-09-30,C5429,Kurla Kitchen,Beverages,663,85,2.8,UPI,Mumbai - Andheri,Delayed
104105,2025-12-02,C6613,Dadar Darbar,North Indian,1743,52,4.1,UPI,Mumbai - Chembur,Cancelled
104106,2025-01-03,C2900,Dadar Darbar,South Indian,1627,63,4.6,Debit Card,Mumbai - Mulund,Cancelled
104107,2025-04-24,C5580,Bandra Bites,Biryani,156,67,3.1,Credit Card,Mumbai - Andheri,Delivered
104108,2025-08-13,C5562,Borivali Bistro,Beverages,661,74,3.6,UPI,Mumbai - Borivali,Delivered
104109,2026-06-02,C2184,Chembur Spice House,Chinese,996,31,4.8,Wallet,Mumbai - Borivali,Delivered
104110,2025-12-18,C6305,Bandra Bites,Pizza,576,65,2.7,Wallet,Mumbai - Malad,Delivered
104111,2025-11-27,C1372,Malad Food Hub,Beverages,1073,70,4.2,Cash,Mumbai - Powai,Delayed
104112,2025-12-14,C9354,Kurla Kitchen,Biryani,427,17,4.5,Debit Card,Mumbai - Andheri,Delivered
104113,2025-02-22,C2031,Powai Plates,Beverages,1414,76,2.6,Debit Card,Mumbai - Powai,Delivered
104114,2025-01-03,C7583,Dadar Darbar,Biryani,319,23,3.6,UPI,Mumbai - Borivali,Delivered
104115,2026-01-11,C9827,Malad Food Hub,Healthy Food,103,60,5.0,UPI,Mumbai - Colaba,Delivered
104116,2026-06-22,C9355,Chembur Spice House,Beverages,1653,72,2.6,Cash,Mumbai - Kurla,Cancelled
104117,2026-02-23,C7532,Ghatkopar Grill,North Indian,775,80,2.8,Credit Card,Mumbai - Andheri,Cancelled
104118,2025-06-15,C8646,Colaba Cafe,North Indian,724,45,3.7,Debit Card,Mumbai - Dadar,Delivered
104119,2025-04-18,C2405,Vashi Veg Corner,Beverages,449,19,4.5,Debit Card,Mumbai - Chembur,Delivered
104120,2025-08-17,C6834,Vashi Veg Corner,North Indian,1190,67,3.4,UPI,Mumbai - Bandra,Delivered
104121,2025-09-21,C2412,Chembur Spice House,South Indian,218,22,4.4,Cash,Mumbai - Powai,Cancelled
104122,2025-06-21,C9961,Marine Drive Meals,Biryani,1612,33,2.7,Cash,Mumbai - Colaba,Cancelled
104123,2025-08-22,C7098,Mumbai Tadka,Pizza,1478,19,5.0,UPI,Mumbai - Vashi,Delivered
104124,2025-12-01,C5415,Andheri Kitchen,Chinese,552,18,4.8,Cash,Mumbai - Ghatkopar,Delayed
104125,2026-06-03,C8927,Kurla Kitchen,Biryani,143,75,4.9,Wallet,Mumbai - Thane,Delivered
104126,2026-01-24,C6702,Mumbai Tadka,Burger,769,48,4.1,Debit Card,Mumbai - Vashi,Delivered
104127,2026-04-11,C2796,Vashi Veg Corner,Biryani,1085,35,4.5,Wallet,Mumbai - Thane,Delivered
104128,2025-03-18,C6224,Dadar Darbar,Healthy Food,1629,58,4.2,Credit Card,Mumbai - Mulund,Delivered
104129,2025-02-12,C4202,Dadar Darbar,Healthy Food,1785,33,4.2,Cash,Mumbai - Kurla,Delivered
104130,2026-01-27,C3619,Mumbai Tadka,Desserts,1048,19,3.2,UPI,Mumbai - Dadar,Delivered
104131,2025-07-18,C3462,Thane Treats,South Indian,193,64,3.9,Credit Card,Mumbai - Kurla,Delayed
104132,2026-05-01,C2197,Malad Food Hub,Desserts,1584,81,2.7,Wallet,Mumbai - Ghatkopar,Cancelled
104133,2025-01-02,C2900,Powai Plates,Biryani,149,24,2.9,Cash,Mumbai - Bandra,Cancelled
104134,2026-01-13,C4368,Ghatkopar Grill,Healthy Food,181,60,4.9,Cash,Mumbai - Mulund,Cancelled
104135,2025-03-18,C8419,Thane Treats,Biryani,860,55,4.7,UPI,Mumbai - Kurla,Delivered
104136,2025-11-23,C3766,Dadar Darbar,Desserts,167,17,3.3,UPI,Mumbai - Vashi,Delivered
104137,2025-08-12,C9234,Chembur Spice House,Chinese,1624,63,3.9,UPI,Mumbai - Borivali,Cancelled
104138,2025-07-04,C9676,Bandra Bites,Chinese,1777,18,4.0,Credit Card,Mumbai - Thane,Delayed
104139,2026-04-12,C6234,Borivali Bistro,Desserts,418,73,4.7,Debit Card,Mumbai - Powai,Delivered
104140,2025-06-28,C7176,Mumbai Tadka,South Indian,462,41,2.7,Credit Card,Mumbai - Kurla,Delayed
104141,2026-01-21,C7306,Ghatkopar Grill,Chinese,189,18,3.6,UPI,Mumbai - Andheri,Delayed
104142,2025-04-08,C4297,Kurla Kitchen,North Indian,1048,45,4.2,Wallet,Mumbai - Mulund,Cancelled
104143,2025-04-06,C7629,Chembur Spice House,Beverages,955,39,2.7,Credit Card,Mumbai - Vashi,Delivered
104144,2025-09-06,C7424,Chembur Spice House,Healthy Food,1434,68,2.9,Credit Card,Mumbai - Mulund,Cancelled
104145,2025-12-03,C2273,Mumbai Tadka,Beverages,570,49,2.8,Wallet,Mumbai - Powai,Delivered
104146,2026-01-09,C1628,Colaba Cafe,Pizza,1175,28,2.9,UPI,Mumbai - Chembur,Delayed
104147,2026-03-01,C5652,Kurla Kitchen,Beverages,885,46,4.8,Credit Card,Mumbai - Vashi,Delayed
104148,2025-01-03,C7401,Mumbai Tadka,North Indian,304,38,4.1,Credit Card,Mumbai - Vashi,Cancelled
104149,2026-01-31,C3686,Chembur Spice House,Beverages,1057,69,2.6,Cash,Mumbai - Kurla,Delayed
104150,2025-04-30,C1683,Dadar Darbar,Healthy Food,866,33,2.7,Credit Card,Mumbai - Colaba,Delivered
104151,2025-12-10,C2532,Andheri Kitchen,Beverages,1232,43,3.3,UPI,Mumbai - Mulund,Cancelled
104152,2025-05-29,C3014,Vashi Veg Corner,South Indian,1534,65,3.7,Cash,Mumbai - Andheri,Delivered
104153,2025-05-23,C3318,Colaba Cafe,North Indian,807,78,4.5,Credit Card,Mumbai - Bandra,Cancelled
104154,2026-03-07,C2817,Dadar Darbar,Healthy Food,242,73,4.0,Wallet,Mumbai - Ghatkopar,Cancelled
104155,2025-04-21,C4574,Ghatkopar Grill,Beverages,178,24,4.1,UPI,Mumbai - Dadar,Delayed
104156,2025-12-16,C3621,Ghatkopar Grill,Healthy Food,1696,82,2.6,UPI,Mumbai - Ghatkopar,Delivered
104157,2025-12-29,C8427,Dadar Darbar,Biryani,141,67,4.3,Debit Card,Mumbai - Dadar,Delivered
104158,2025-11-02,C8867,Andheri Kitchen,Biryani,1044,38,3.4,Cash,Mumbai - Bandra,Delivered
104159,2025-05-07,C8333,Chembur Spice House,Chinese,732,83,3.5,Cash,Mumbai - Andheri,Delivered
104160,2026-05-29,C5845,Colaba Cafe,South Indian,835,83,4.5,Cash,Mumbai - Dadar,Delivered
104161,2026-05-29,C4678,Colaba Cafe,Pizza,1309,26,4.2,Debit Card,Mumbai - Andheri,Cancelled
104162,2025-08-28,C9238,Andheri Kitchen,South Indian,1199,34,4.6,UPI,Mumbai - Mulund,Delivered
104163,2026-05-26,C7008,Vashi Veg Corner,Burger,1666,19,4.8,Wallet,Mumbai - Ghatkopar,Delivered
104164,2026-04-26,C9648,Marine Drive Meals,Pizza,1277,73,3.5,Cash,Mumbai - Ghatkopar,Cancelled
104165,2025-02-13,C4092,Marine Drive Meals,South Indian,826,38,5.0,Wallet,Mumbai - Mulund,Cancelled
104166,2025-11-23,C6101,Bandra Bites,South Indian,782,48,3.3,UPI,Mumbai - Andheri,Cancelled
104167,2025-09-04,C3000,Vashi Veg Corner,Pizza,304,43,4.3,UPI,Mumbai - Dadar,Delayed
104168,2025-05-21,C7643,Chembur Spice House,Chinese,433,72,4.4,Credit Card,Mumbai - Bandra,Delayed
104169,2026-06-04,C6541,Marine Drive Meals,Burger,943,67,3.2,Wallet,Mumbai - Andheri,Delayed
104170,2025-05-11,C9973,Borivali Bistro,South Indian,143,20,3.2,Debit Card,Mumbai - Vashi,Cancelled
104171,2025-05-22,C6119,Borivali Bistro,Beverages,926,44,3.1,Cash,Mumbai - Colaba,Delivered
104172,2025-08-20,C7679,Thane Treats,Desserts,1591,47,3.3,Wallet,Mumbai - Chembur,Delayed
104173,2025-01-26,C1800,Marine Drive Meals,Desserts,1441,42,2.6,Wallet,Mumbai - Thane,Delivered
104174,2025-03-18,C7377,Bandra Bites,Desserts,287,54,3.9,Debit Card,Mumbai - Bandra,Delayed
104175,2026-04-10,C6254,Chembur Spice House,Pizza,218,67,3.5,Cash,Mumbai - Mulund,Delivered
104176,2025-05-10,C5533,Chembur Spice House,Desserts,452,49,3.1,Cash,Mumbai - Mulund,Delivered
104177,2025-10-06,C5804,Bandra Bites,Pizza,682,68,4.8,Wallet,Mumbai - Malad,Delivered
104178,2025-11-26,C6498,Vashi Veg Corner,Pizza,132,22,2.6,Debit Card,Mumbai - Powai,Delivered
104179,2025-02-03,C2686,Powai Plates,South Indian,1649,66,4.0,Debit Card,Mumbai - Vashi,Delivered
104180,2026-01-29,C6428,Powai Plates,Pizza,867,74,2.8,Cash,Mumbai - Thane,Delayed
104181,2025-06-07,C9942,Colaba Cafe,Pizza,697,51,3.9,Credit Card,Mumbai - Ghatkopar,Delivered
104182,2026-03-07,C1935,Powai Plates,North Indian,424,77,3.0,UPI,Mumbai - Borivali,Delivered
104183,2025-04-07,C3181,Andheri Kitchen,Beverages,400,85,3.4,Debit Card,Mumbai - Dadar,Delivered
104184,2025-06-10,C1127,Andheri Kitchen,Burger,541,84,3.6,Credit Card,Mumbai - Borivali,Delivered
104185,2025-01-06,C6202,Marine Drive Meals,Pizza,669,45,4.9,UPI,Mumbai - Chembur,Delivered
104186,2025-12-03,C9906,Andheri Kitchen,Chinese,1030,82,3.5,Credit Card,Mumbai - Ghatkopar,Delivered
104187,2026-02-09,C8849,Malad Food Hub,North Indian,822,69,3.1,Cash,Mumbai - Chembur,Delayed
104188,2025-08-25,C7454,Mumbai Tadka,Chinese,1160,37,3.5,Debit Card,Mumbai - Bandra,Delayed
104189,2025-07-31,C3840,Chembur Spice House,Burger,1569,56,3.9,UPI,Mumbai - Vashi,Delivered
104190,2025-03-17,C4034,Vashi Veg Corner,Pizza,1185,36,4.1,Credit Card,Mumbai - Dadar,Delivered
104191,2026-06-08,C6554,Vashi Veg Corner,Desserts,145,48,4.2,UPI,Mumbai - Vashi,Delayed
104192,2025-12-06,C3094,Thane Treats,Beverages,978,52,3.3,Debit Card,Mumbai - Vashi,Delivered
104193,2025-02-04,C9571,Kurla Kitchen,Biryani,1475,66,4.4,Credit Card,Mumbai - Dadar,Delivered
104194,2026-01-04,C1460,Borivali Bistro,Pizza,1144,50,4.4,Debit Card,Mumbai - Colaba,Delivered
104195,2025-01-26,C8870,Vashi Veg Corner,Chinese,1781,15,4.4,UPI,Mumbai - Ghatkopar,Delivered
104196,2025-11-14,C8294,Colaba Cafe,Chinese,1083,23,4.8,Credit Card,Mumbai - Thane,Cancelled
104197,2026-06-09,C8744,Marine Drive Meals,North Indian,1705,61,4.3,Cash,Mumbai - Powai,Delivered
104198,2025-02-07,C5543,Vashi Veg Corner,Pizza,1283,36,2.8,Credit Card,Mumbai - Ghatkopar,Delivered
104199,2026-01-11,C7981,Colaba Cafe,Biryani,1510,31,5.0,Credit Card,Mumbai - Ghatkopar,Delayed
104200,2025-07-16,C2421,Kurla Kitchen,South Indian,1682,78,3.2,Wallet,Mumbai - Mulund,Delivered
104201,2025-10-17,C4029,Malad Food Hub,Biryani,1255,30,3.3,Cash,Mumbai - Thane,Delivered
104202,2025-12-26,C8833,Andheri Kitchen,South Indian,1427,56,4.7,Credit Card,Mumbai - Malad,Delayed
104203,2025-09-19,C9250,Kurla Kitchen,Chinese,172,70,2.7,Credit Card,Mumbai - Mulund,Delivered
104204,2025-11-24,C5837,Bandra Bites,Burger,1562,71,4.5,Cash,Mumbai - Andheri,Delivered
104205,2026-04-04,C3093,Mumbai Tadka,Beverages,1460,70,2.9,Cash,Mumbai - Ghatkopar,Delivered
104206,2025-12-28,C1707,Marine Drive Meals,Beverages,1478,37,3.9,Debit Card,Mumbai - Dadar,Delivered
104207,2025-12-02,C7432,Mumbai Tadka,North Indian,1442,44,2.8,Debit Card,Mumbai - Vashi,Delivered
104208,2026-01-26,C3883,Vashi Veg Corner,South Indian,1711,23,3.6,UPI,Mumbai - Malad,Cancelled
104209,2026-06-19,C1298,Kurla Kitchen,Healthy Food,1797,33,4.2,Credit Card,Mumbai - Colaba,Delivered
104210,2025-08-24,C7795,Marine Drive Meals,Biryani,131,82,5.0,Debit Card,Mumbai - Kurla,Delivered
104211,2025-12-02,C5756,Ghatkopar Grill,Desserts,1691,67,4.6,Cash,Mumbai - Malad,Cancelled
104212,2025-08-08,C5334,Vashi Veg Corner,Biryani,819,26,3.9,Credit Card,Mumbai - Mulund,Delivered
104213,2025-05-07,C5251,Ghatkopar Grill,Healthy Food,994,32,3.6,Credit Card,Mumbai - Powai,Cancelled
104214,2025-04-15,C5627,Ghatkopar Grill,Biryani,598,55,3.6,UPI,Mumbai - Thane,Delivered
104215,2025-10-28,C1067,Bandra Bites,Burger,1639,59,2.7,Wallet,Mumbai - Andheri,Delivered
104216,2025-02-01,C6187,Andheri Kitchen,Desserts,617,40,4.6,Debit Card,Mumbai - Bandra,Cancelled
104217,2025-02-10,C7639,Kurla Kitchen,Biryani,1728,52,3.0,Debit Card,Mumbai - Chembur,Delivered
104218,2025-03-15,C9826,Vashi Veg Corner,North Indian,1511,63,3.7,Debit Card,Mumbai - Colaba,Delayed
104219,2026-03-30,C3717,Bandra Bites,Beverages,401,35,4.8,Credit Card,Mumbai - Powai,Delivered
104220,2025-01-17,C4023,Malad Food Hub,Desserts,1469,78,3.9,Wallet,Mumbai - Ghatkopar,Delayed
104221,2025-02-11,C7669,Marine Drive Meals,Burger,257,78,3.8,Debit Card,Mumbai - Dadar,Delivered
104222,2025-02-02,C4608,Vashi Veg Corner,Beverages,278,75,4.4,Wallet,Mumbai - Colaba,Delivered
104223,2025-01-13,C3980,Borivali Bistro,Pizza,1407,21,2.6,Wallet,Mumbai - Mulund,Delayed
104224,2025-11-28,C2719,Colaba Cafe,South Indian,159,31,3.0,Cash,Mumbai - Borivali,Delayed
104225,2026-03-30,C9206,Borivali Bistro,Biryani,1735,50,4.1,UPI,Mumbai - Malad,Delivered
104226,2025-06-06,C8244,Bandra Bites,Healthy Food,703,47,2.6,Wallet,Mumbai - Powai,Delivered
104227,2025-09-14,C6889,Mumbai Tadka,Beverages,439,22,3.9,Debit Card,Mumbai - Bandra,Delayed
104228,2026-02-24,C4426,Powai Plates,North Indian,605,68,4.7,Wallet,Mumbai - Malad,Delivered
104229,2025-03-31,C9040,Kurla Kitchen,South Indian,625,81,2.6,Debit Card,Mumbai - Kurla,Delivered
104230,2025-12-26,C9652,Colaba Cafe,Pizza,1441,66,3.4,Debit Card,Mumbai - Chembur,Delivered
104231,2025-03-09,C9599,Ghatkopar Grill,Biryani,580,29,4.0,Wallet,Mumbai - Dadar,Delivered
104232,2026-02-09,C6695,Thane Treats,Biryani,1777,71,2.6,Cash,Mumbai - Kurla,Delivered
104233,2025-10-14,C5697,Dadar Darbar,Desserts,1671,43,3.5,Wallet,Mumbai - Malad,Cancelled
104234,2026-04-20,C1911,Malad Food Hub,Burger,732,36,3.2,Credit Card,Mumbai - Bandra,Delivered
104235,2025-10-31,C7606,Powai Plates,North Indian,1129,51,3.5,Cash,Mumbai - Borivali,Delivered
104236,2025-10-09,C3211,Malad Food Hub,Desserts,1491,40,4.1,Wallet,Mumbai - Malad,Delivered
104237,2025-09-20,C4386,Dadar Darbar,Healthy Food,1592,31,4.8,Wallet,Mumbai - Thane,Cancelled
104238,2025-05-31,C6620,Colaba Cafe,North Indian,1260,49,3.2,Credit Card,Mumbai - Mulund,Delivered
104239,2025-04-09,C3540,Ghatkopar Grill,Desserts,1248,68,3.9,Debit Card,Mumbai - Malad,Delivered
104240,2025-08-22,C5831,Vashi Veg Corner,Desserts,334,25,4.9,UPI,Mumbai - Malad,Delivered
104241,2025-08-07,C5524,Kurla Kitchen,Chinese,1408,66,3.2,Wallet,Mumbai - Andheri,Delayed
104242,2026-01-03,C6569,Mumbai Tadka,Desserts,1132,78,3.0,Debit Card,Mumbai - Andheri,Delivered
104243,2026-06-12,C6532,Vashi Veg Corner,Biryani,1614,85,4.7,Cash,Mumbai - Bandra,Delayed
104244,2025-12-21,C9566,Vashi Veg Corner,Desserts,926,19,4.9,UPI,Mumbai - Powai,Cancelled
104245,2025-07-06,C8125,Chembur Spice House,Chinese,951,51,3.6,Credit Card,Mumbai - Powai,Cancelled
104246,2025-05-03,C5933,Borivali Bistro,Pizza,579,41,4.3,Cash,Mumbai - Kurla,Delivered
104247,2025-08-28,C6884,Mumbai Tadka,Pizza,286,21,3.7,Wallet,Mumbai - Powai,Cancelled
104248,2025-10-27,C8140,Malad Food Hub,North Indian,724,16,2.6,Debit Card,Mumbai - Mulund,Delivered
104249,2025-02-14,C2511,Vashi Veg Corner,Desserts,313,27,4.4,Credit Card,Mumbai - Kurla,Delivered
104250,2025-08-26,C4752,Andheri Kitchen,Desserts,173,65,3.6,Credit Card,Mumbai - Vashi,Delayed
104251,2025-08-03,C4260,Andheri Kitchen,Beverages,1353,30,3.7,Wallet,Mumbai - Thane,Delivered
104252,2025-07-18,C1911,Colaba Cafe,Burger,1666,60,3.2,UPI,Mumbai - Dadar,Cancelled
104253,2026-01-16,C6401,Andheri Kitchen,Chinese,346,74,3.0,Cash,Mumbai - Thane,Delivered
104254,2026-03-15,C3496,Borivali Bistro,Biryani,1557,19,3.3,Cash,Mumbai - Dadar,Delivered
104255,2025-08-29,C1656,Colaba Cafe,Pizza,1346,36,4.5,UPI,Mumbai - Dadar,Delivered
104256,2026-02-01,C5066,Powai Plates,Beverages,1372,82,2.6,Debit Card,Mumbai - Powai,Delivered
104257,2025-03-08,C5268,Mumbai Tadka,Desserts,413,51,4.5,Credit Card,Mumbai - Andheri,Cancelled
104258,2025-05-21,C5194,Mumbai Tadka,Burger,1584,49,4.9,Wallet,Mumbai - Ghatkopar,Delayed
104259,2025-02-13,C8526,Kurla Kitchen,Chinese,1039,74,2.6,Cash,Mumbai - Bandra,Cancelled
104260,2025-09-20,C6797,Mumbai Tadka,Healthy Food,1007,53,4.7,Cash,Mumbai - Ghatkopar,Cancelled
104261,2025-02-15,C8288,Bandra Bites,Burger,1557,21,4.3,Wallet,Mumbai - Mulund,Cancelled
104262,2025-09-22,C8151,Dadar Darbar,Pizza,1016,18,4.1,Credit Card,Mumbai - Borivali,Delivered
104263,2026-04-22,C1589,Powai Plates,Beverages,1391,30,2.6,Debit Card,Mumbai - Andheri,Delivered
104264,2025-11-17,C6409,Colaba Cafe,Pizza,508,83,2.9,Credit Card,Mumbai - Kurla,Delivered
104265,2026-06-11,C2661,Thane Treats,North Indian,594,78,3.2,Debit Card,Mumbai - Colaba,Delivered
104266,2025-01-23,C8975,Thane Treats,Healthy Food,427,71,3.5,Credit Card,Mumbai - Mulund,Delivered
104267,2025-08-08,C6287,Thane Treats,Healthy Food,1595,24,3.0,Credit Card,Mumbai - Dadar,Delivered
104268,2026-04-16,C5715,Ghatkopar Grill,Beverages,1069,66,2.6,Wallet,Mumbai - Colaba,Cancelled
104269,2026-04-25,C8767,Bandra Bites,Chinese,531,52,4.6,Debit Card,Mumbai - Dadar,Delivered
104270,2025-09-08,C5453,Kurla Kitchen,Chinese,1605,75,4.4,Wallet,Mumbai - Borivali,Delivered
104271,2025-05-19,C7481,Borivali Bistro,Chinese,1351,18,4.8,Wallet,Mumbai - Bandra,Cancelled
104272,2026-03-11,C4621,Kurla Kitchen,South Indian,1746,43,4.1,UPI,Mumbai - Dadar,Delivered
104273,2025-09-01,C9750,Marine Drive Meals,South Indian,1692,28,4.2,Credit Card,Mumbai - Vashi,Delayed
104274,2025-09-26,C4923,Thane Treats,Desserts,129,38,3.5,UPI,Mumbai - Ghatkopar,Delivered
104275,2025-10-21,C7633,Malad Food Hub,Burger,1762,54,2.6,Wallet,Mumbai - Dadar,Delivered
104276,2025-05-01,C4406,Colaba Cafe,Beverages,1004,23,3.0,Wallet,Mumbai - Colaba,Delayed
104277,2025-06-06,C2517,Kurla Kitchen,South Indian,1035,29,4.0,UPI,Mumbai - Mulund,Delivered
104278,2026-01-28,C3239,Borivali Bistro,Healthy Food,1689,77,3.7,Cash,Mumbai - Andheri,Delivered
104279,2025-10-28,C7900,Thane Treats,Desserts,947,60,4.5,UPI,Mumbai - Powai,Delivered
104280,2025-09-29,C5150,Malad Food Hub,Chinese,781,82,3.7,UPI,Mumbai - Borivali,Delayed
104281,2025-12-25,C4502,Powai Plates,Biryani,533,68,3.4,Wallet,Mumbai - Dadar,Delivered
104282,2025-06-03,C1798,Bandra Bites,Chinese,420,41,5.0,Cash,Mumbai - Kurla,Delivered
104283,2025-04-10,C4455,Marine Drive Meals,North Indian,514,17,3.2,Cash,Mumbai - Powai,Cancelled
104284,2025-08-20,C6969,Mumbai Tadka,Chinese,1676,71,4.5,Credit Card,Mumbai - Vashi,Delivered
104285,2025-12-15,C4143,Chembur Spice House,Burger,1557,16,3.4,Credit Card,Mumbai - Mulund,Delayed
104286,2025-11-29,C7249,Powai Plates,Healthy Food,856,24,3.4,UPI,Mumbai - Powai,Delayed
104287,2025-01-16,C3449,Mumbai Tadka,Beverages,1618,36,3.2,Cash,Mumbai - Chembur,Delivered
104288,2025-07-22,C4060,Colaba Cafe,Burger,1318,72,3.8,Credit Card,Mumbai - Bandra,Delayed
104289,2025-03-15,C6363,Mumbai Tadka,Healthy Food,148,34,3.3,Debit Card,Mumbai - Dadar,Delivered
104290,2025-03-25,C4588,Bandra Bites,Chinese,504,68,3.2,Cash,Mumbai - Bandra,Delivered
104291,2025-01-24,C6970,Powai Plates,Beverages,776,34,2.6,Wallet,Mumbai - Vashi,Delivered
104292,2026-02-09,C3778,Ghatkopar Grill,Healthy Food,405,76,4.6,Credit Card,Mumbai - Powai,Cancelled
104293,2026-02-02,C2902,Bandra Bites,Beverages,949,70,2.7,Wallet,Mumbai - Vashi,Delayed
104294,2025-05-25,C7883,Dadar Darbar,Biryani,1490,73,3.5,Credit Card,Mumbai - Borivali,Delivered
104295,2025-06-16,C5531,Borivali Bistro,Beverages,332,18,4.5,Wallet,Mumbai - Vashi,Delayed
104296,2025-01-27,C4931,Powai Plates,Desserts,851,41,2.6,Credit Card,Mumbai - Kurla,Delayed
104297,2025-05-02,C1091,Borivali Bistro,Desserts,209,23,3.4,Debit Card,Mumbai - Thane,Delivered
104298,2026-01-16,C9583,Ghatkopar Grill,Pizza,1217,69,4.2,Credit Card,Mumbai - Borivali,Delivered
104299,2025-11-18,C2256,Bandra Bites,Desserts,1053,22,4.7,Cash,Mumbai - Malad,Cancelled
104300,2025-07-02,C8928,Dadar Darbar,Healthy Food,1792,57,3.6,Wallet,Mumbai - Powai,Delivered
104301,2026-05-09,C4749,Malad Food Hub,Beverages,1150,39,2.9,Credit Card,Mumbai - Borivali,Delayed
104302,2025-02-01,C1375,Bandra Bites,Healthy Food,1632,73,4.0,Debit Card,Mumbai - Vashi,Delivered
104303,2026-06-23,C2568,Andheri Kitchen,Desserts,1466,61,3.0,Debit Card,Mumbai - Bandra,Delivered
104304,2026-01-01,C9647,Borivali Bistro,Pizza,864,38,4.3,Credit Card,Mumbai - Powai,Delivered
104305,2026-06-17,C1523,Chembur Spice House,Healthy Food,1017,76,2.7,Debit Card,Mumbai - Mulund,Delivered
104306,2025-03-31,C7555,Colaba Cafe,Chinese,1231,42,3.1,Cash,Mumbai - Kurla,Delivered
104307,2025-09-11,C1474,Powai Plates,Healthy Food,1214,73,4.3,Debit Card,Mumbai - Mulund,Delivered
104308,2025-12-05,C2626,Powai Plates,Healthy Food,162,30,2.5,UPI,Mumbai - Chembur,Delivered
104309,2026-01-30,C9407,Marine Drive Meals,Pizza,1761,69,3.5,Credit Card,Mumbai - Bandra,Cancelled
104310,2025-09-27,C1128,Malad Food Hub,Pizza,511,74,2.6,Cash,Mumbai - Mulund,Cancelled
104311,2026-03-17,C7523,Chembur Spice House,Pizza,1528,26,3.3,UPI,Mumbai - Ghatkopar,Cancelled
104312,2025-11-22,C4197,Malad Food Hub,Desserts,1328,29,2.5,Cash,Mumbai - Thane,Delivered
104313,2025-03-07,C3252,Thane Treats,Biryani,749,68,3.1,Cash,Mumbai - Chembur,Delayed
104314,2025-09-16,C7636,Thane Treats,North Indian,1586,80,4.3,UPI,Mumbai - Mulund,Delivered
104315,2026-03-24,C1753,Colaba Cafe,Biryani,538,83,3.7,Debit Card,Mumbai - Bandra,Delivered
104316,2025-09-26,C5988,Colaba Cafe,North Indian,450,23,4.3,Cash,Mumbai - Powai,Cancelled
104317,2025-12-31,C2445,Dadar Darbar,Pizza,238,22,3.4,Cash,Mumbai - Thane,Delayed
104318,2025-11-01,C7152,Kurla Kitchen,Desserts,655,53,3.9,Credit Card,Mumbai - Kurla,Delivered
104319,2026-05-30,C1698,Bandra Bites,Desserts,606,80,4.5,Debit Card,Mumbai - Colaba,Delivered
104320,2026-03-03,C3348,Mumbai Tadka,Biryani,280,15,4.1,Credit Card,Mumbai - Malad,Cancelled
104321,2025-06-30,C5276,Thane Treats,North Indian,1420,59,4.1,Credit Card,Mumbai - Thane,Cancelled
104322,2026-05-27,C6488,Colaba Cafe,North Indian,1246,50,3.4,Cash,Mumbai - Borivali,Cancelled
104323,2026-03-18,C4664,Kurla Kitchen,Pizza,706,64,3.7,Credit Card,Mumbai - Borivali,Cancelled
104324,2026-03-28,C4302,Colaba Cafe,Desserts,1181,64,3.6,Credit Card,Mumbai - Dadar,Delivered
104325,2025-04-30,C1137,Kurla Kitchen,Chinese,524,58,4.6,UPI,Mumbai - Ghatkopar,Delivered
104326,2025-01-25,C3202,Chembur Spice House,Pizza,1515,70,2.6,Wallet,Mumbai - Chembur,Cancelled
104327,2025-08-24,C1649,Kurla Kitchen,Chinese,1533,69,3.6,Credit Card,Mumbai - Chembur,Delayed
104328,2025-12-11,C5256,Vashi Veg Corner,Pizza,1550,67,2.8,Wallet,Mumbai - Kurla,Delivered
104329,2026-05-02,C3604,Powai Plates,Chinese,1593,29,3.8,Wallet,Mumbai - Kurla,Cancelled
104330,2025-05-02,C4491,Borivali Bistro,North Indian,1544,35,4.1,Credit Card,Mumbai - Colaba,Delivered
104331,2025-02-02,C5608,Chembur Spice House,Biryani,1567,18,4.5,Cash,Mumbai - Powai,Delivered
104332,2025-08-10,C8850,Colaba Cafe,Desserts,832,33,3.5,Cash,Mumbai - Dadar,Delivered
104333,2026-04-30,C2109,Colaba Cafe,South Indian,557,32,4.9,UPI,Mumbai - Vashi,Delivered
104334,2025-09-07,C2597,Dadar Darbar,Desserts,461,37,4.7,Cash,Mumbai - Mulund,Delivered
104335,2025-10-29,C6536,Dadar Darbar,Healthy Food,342,43,4.7,Cash,Mumbai - Ghatkopar,Delivered
104336,2026-05-18,C4102,Mumbai Tadka,Pizza,874,68,3.5,Debit Card,Mumbai - Dadar,Delivered
104337,2025-07-15,C1850,Thane Treats,Biryani,288,34,4.7,Credit Card,Mumbai - Andheri,Cancelled
104338,2025-03-25,C3858,Bandra Bites,Healthy Food,966,56,4.1,Wallet,Mumbai - Mulund,Delivered
104339,2026-05-09,C8779,Malad Food Hub,North Indian,1195,73,3.8,Cash,Mumbai - Powai,Delivered
104340,2025-02-11,C3230,Chembur Spice House,Pizza,1499,39,4.6,Debit Card,Mumbai - Bandra,Delivered
104341,2026-04-24,C3160,Mumbai Tadka,Pizza,751,80,4.4,Debit Card,Mumbai - Chembur,Cancelled
104342,2025-01-08,C9241,Marine Drive Meals,Healthy Food,546,19,3.0,Cash,Mumbai - Bandra,Delivered
104343,2025-11-13,C6253,Ghatkopar Grill,Beverages,1593,53,3.9,Credit Card,Mumbai - Andheri,Delivered
104344,2025-02-04,C6009,Ghatkopar Grill,Healthy Food,958,74,4.7,UPI,Mumbai - Andheri,Cancelled
104345,2025-02-08,C5174,Andheri Kitchen,North Indian,1372,26,3.7,Wallet,Mumbai - Thane,Cancelled
104346,2025-05-14,C7974,Malad Food Hub,Healthy Food,1279,56,3.7,Credit Card,Mumbai - Ghatkopar,Cancelled
104347,2025-12-18,C7912,Borivali Bistro,South Indian,178,35,4.5,UPI,Mumbai - Vashi,Delayed
104348,2025-07-04,C4345,Andheri Kitchen,North Indian,1132,22,3.7,UPI,Mumbai - Malad,Delivered
104349,2026-01-23,C4094,Mumbai Tadka,Chinese,1469,38,2.8,Credit Card,Mumbai - Powai,Cancelled
104350,2025-04-07,C3863,Andheri Kitchen,Desserts,763,67,3.1,Cash,Mumbai - Ghatkopar,Delivered
104351,2025-03-09,C5194,Mumbai Tadka,South Indian,1641,55,4.6,Credit Card,Mumbai - Andheri,Delayed
104352,2025-09-06,C2588,Colaba Cafe,Burger,194,58,3.1,Wallet,Mumbai - Dadar,Cancelled
104353,2025-07-03,C7220,Bandra Bites,North Indian,926,29,4.3,UPI,Mumbai - Kurla,Delayed
104354,2026-01-17,C3359,Dadar Darbar,Biryani,1482,18,4.8,UPI,Mumbai - Borivali,Delayed
104355,2025-12-29,C1618,Colaba Cafe,Chinese,672,47,2.9,Debit Card,Mumbai - Vashi,Cancelled
104356,2025-06-05,C7866,Chembur Spice House,Burger,1414,41,2.6,Credit Card,Mumbai - Borivali,Cancelled
104357,2025-01-21,C6477,Colaba Cafe,Burger,499,78,2.7,Debit Card,Mumbai - Dadar,Delayed
104358,2026-05-03,C5674,Chembur Spice House,Burger,709,30,3.3,Cash,Mumbai - Malad,Delivered
104359,2026-02-04,C8807,Mumbai Tadka,North Indian,1451,73,4.8,Wallet,Mumbai - Chembur,Delivered
104360,2025-02-24,C3615,Vashi Veg Corner,Burger,1571,57,4.4,UPI,Mumbai - Thane,Delivered
104361,2026-06-19,C2764,Borivali Bistro,Beverages,374,80,3.3,UPI,Mumbai - Kurla,Delivered
104362,2026-04-11,C1761,Thane Treats,Desserts,386,38,3.3,Wallet,Mumbai - Chembur,Delivered
104363,2025-12-17,C5722,Kurla Kitchen,Burger,595,34,4.5,Credit Card,Mumbai - Kurla,Delayed
104364,2026-05-23,C8365,Ghatkopar Grill,Beverages,1091,76,4.5,Credit Card,Mumbai - Dadar,Delivered
104365,2026-03-20,C7351,Powai Plates,Chinese,151,50,3.4,UPI,Mumbai - Andheri,Delayed
104366,2025-07-09,C2255,Dadar Darbar,Burger,960,73,4.9,Credit Card,Mumbai - Malad,Delivered
104367,2026-04-26,C1877,Marine Drive Meals,Healthy Food,738,25,2.6,Cash,Mumbai - Kurla,Delivered
104368,2025-02-21,C4803,Colaba Cafe,Biryani,1574,43,4.8,Cash,Mumbai - Dadar,Delivered
104369,2025-08-20,C9522,Colaba Cafe,South Indian,1050,61,3.0,Credit Card,Mumbai - Thane,Cancelled
104370,2025-08-29,C1711,Dadar Darbar,Desserts,366,44,2.6,Credit Card,Mumbai - Ghatkopar,Delivered
104371,2025-12-14,C8346,Ghatkopar Grill,North Indian,190,75,4.1,Debit Card,Mumbai - Vashi,Cancelled
104372,2025-02-26,C4501,Chembur Spice House,Burger,1414,63,3.7,Debit Card,Mumbai - Powai,Delivered
104373,2025-08-11,C9557,Powai Plates,Pizza,463,46,2.6,Debit Card,Mumbai - Borivali,Delivered
104374,2025-04-14,C7483,Mumbai Tadka,Desserts,528,16,3.5,Cash,Mumbai - Mulund,Cancelled
104375,2025-07-29,C7844,Marine Drive Meals,North Indian,854,70,2.6,Wallet,Mumbai - Malad,Delayed
104376,2025-06-02,C9489,Powai Plates,Desserts,457,24,3.3,Cash,Mumbai - Chembur,Delayed
104377,2026-02-23,C5068,Powai Plates,South Indian,848,47,2.8,Credit Card,Mumbai - Kurla,Delivered
104378,2025-05-05,C4252,Dadar Darbar,North Indian,209,85,4.0,Credit Card,Mumbai - Vashi,Delivered
104379,2025-07-19,C4087,Powai Plates,Healthy Food,1319,31,4.2,Wallet,Mumbai - Kurla,Delivered
104380,2025-06-01,C1124,Dadar Darbar,Beverages,1333,36,4.4,Debit Card,Mumbai - Thane,Delivered
104381,2025-11-15,C1565,Colaba Cafe,Desserts,404,49,3.0,Cash,Mumbai - Chembur,Delivered
104382,2026-01-07,C3979,Powai Plates,Healthy Food,1268,53,2.7,UPI,Mumbai - Borivali,Delivered
104383,2026-05-05,C4317,Ghatkopar Grill,Chinese,839,80,3.3,Credit Card,Mumbai - Thane,Delivered
104384,2026-03-02,C4723,Thane Treats,Burger,1769,20,2.6,Wallet,Mumbai - Andheri,Cancelled
104385,2025-06-25,C3652,Thane Treats,Chinese,988,74,3.6,Wallet,Mumbai - Andheri,Delivered
104386,2026-05-12,C1302,Bandra Bites,Desserts,966,39,2.7,Debit Card,Mumbai - Dadar,Delivered
104387,2026-06-24,C7688,Ghatkopar Grill,Chinese,1552,63,4.3,Debit Card,Mumbai - Thane,Delivered
104388,2025-01-04,C1196,Thane Treats,Biryani,1649,52,3.1,Wallet,Mumbai - Chembur,Delivered
104389,2026-05-15,C7256,Vashi Veg Corner,Chinese,468,53,2.7,Wallet,Mumbai - Colaba,Cancelled
104390,2026-05-09,C9836,Chembur Spice House,Biryani,550,81,4.6,Wallet,Mumbai - Ghatkopar,Cancelled
104391,2026-06-18,C9879,Andheri Kitchen,Healthy Food,643,52,4.8,Credit Card,Mumbai - Powai,Delivered
104392,2025-02-13,C7429,Bandra Bites,Biryani,1525,61,4.4,Wallet,Mumbai - Ghatkopar,Delivered
104393,2025-06-18,C3900,Borivali Bistro,North Indian,1209,62,4.8,Credit Card,Mumbai - Vashi,Delivered
104394,2025-07-09,C3112,Thane Treats,South Indian,389,64,4.1,Debit Card,Mumbai - Powai,Delivered
104395,2025-09-29,C6804,Marine Drive Meals,Healthy Food,1628,38,4.8,Debit Card,Mumbai - Kurla,Delivered
104396,2026-01-20,C2336,Dadar Darbar,Biryani,832,51,3.7,Cash,Mumbai - Chembur,Delivered
104397,2026-06-11,C9300,Bandra Bites,South Indian,293,21,4.6,UPI,Mumbai - Mulund,Cancelled
104398,2025-10-10,C7683,Chembur Spice House,Pizza,184,61,3.4,Wallet,Mumbai - Bandra,Delivered
104399,2025-11-03,C4552,Andheri Kitchen,Biryani,1570,54,4.2,Debit Card,Mumbai - Kurla,Delivered
104400,2025-05-14,C2934,Vashi Veg Corner,Pizza,910,78,2.9,UPI,Mumbai - Dadar,Delivered
104401,2025-12-25,C6837,Mumbai Tadka,Chinese,767,37,2.8,Cash,Mumbai - Thane,Cancelled
104402,2025-05-19,C3099,Chembur Spice House,Healthy Food,1375,35,3.1,Debit Card,Mumbai - Ghatkopar,Delivered
104403,2026-04-21,C9259,Kurla Kitchen,Pizza,880,29,4.1,Wallet,Mumbai - Chembur,Delivered
104404,2026-05-15,C2431,Powai Plates,North Indian,235,24,2.7,Credit Card,Mumbai - Chembur,Delayed
104405,2025-08-20,C7548,Mumbai Tadka,Pizza,136,76,3.4,Credit Card,Mumbai - Mulund,Delivered
104406,2026-06-25,C3748,Borivali Bistro,North Indian,878,81,3.2,Cash,Mumbai - Vashi,Delivered
104407,2025-03-17,C1457,Chembur Spice House,Burger,827,38,3.1,Credit Card,Mumbai - Chembur,Cancelled
104408,2026-05-21,C7931,Vashi Veg Corner,South Indian,874,60,4.7,Cash,Mumbai - Thane,Delayed
104409,2025-08-09,C9296,Thane Treats,Biryani,1040,81,4.5,Wallet,Mumbai - Thane,Delivered
104410,2026-06-05,C1948,Thane Treats,Burger,860,16,4.4,Debit Card,Mumbai - Powai,Delivered
104411,2026-04-14,C3803,Colaba Cafe,Chinese,1321,35,3.7,Cash,Mumbai - Colaba,Cancelled
104412,2025-05-20,C9558,Borivali Bistro,Biryani,529,40,3.1,UPI,Mumbai - Powai,Delivered
104413,2025-07-24,C8266,Borivali Bistro,South Indian,1095,53,4.6,Debit Card,Mumbai - Colaba,Delivered
104414,2025-08-03,C4519,Dadar Darbar,Desserts,1375,26,4.1,Debit Card,Mumbai - Dadar,Delayed
104415,2025-10-21,C6898,Andheri Kitchen,Desserts,419,67,4.6,Wallet,Mumbai - Bandra,Delayed
104416,2025-10-30,C6989,Thane Treats,Chinese,1148,28,3.2,Credit Card,Mumbai - Malad,Delivered
104417,2026-05-03,C2901,Andheri Kitchen,Beverages,963,85,3.0,Debit Card,Mumbai - Powai,Delivered
104418,2025-12-20,C1637,Ghatkopar Grill,Chinese,1742,79,4.1,UPI,Mumbai - Malad,Delivered
104419,2025-06-26,C8013,Malad Food Hub,Pizza,1617,68,5.0,Debit Card,Mumbai - Thane,Delivered
104420,2026-01-24,C5032,Ghatkopar Grill,Pizza,1157,59,3.9,Credit Card,Mumbai - Borivali,Delayed
104421,2025-08-26,C5289,Thane Treats,South Indian,804,43,4.1,Credit Card,Mumbai - Kurla,Cancelled
104422,2025-12-12,C2695,Colaba Cafe,Healthy Food,1799,81,2.6,Credit Card,Mumbai - Borivali,Delivered
104423,2026-01-07,C2116,Marine Drive Meals,Chinese,583,25,3.7,Cash,Mumbai - Borivali,Delivered
104424,2025-10-14,C6628,Thane Treats,Pizza,208,42,3.1,Cash,Mumbai - Dadar,Delivered
104425,2025-08-27,C5566,Kurla Kitchen,Biryani,1406,61,4.2,Wallet,Mumbai - Dadar,Delayed
104426,2025-05-22,C2557,Vashi Veg Corner,Biryani,958,67,2.8,Credit Card,Mumbai - Thane,Cancelled
104427,2026-05-27,C9615,Vashi Veg Corner,Biryani,523,72,3.7,UPI,Mumbai - Powai,Delivered
104428,2025-08-08,C2922,Colaba Cafe,Pizza,1505,44,3.8,UPI,Mumbai - Thane,Delivered
104429,2025-04-28,C5432,Marine Drive Meals,Healthy Food,1304,52,3.8,Cash,Mumbai - Dadar,Delivered
104430,2025-02-23,C8441,Colaba Cafe,Healthy Food,657,67,2.6,Credit Card,Mumbai - Mulund,Delivered
104431,2025-12-22,C7983,Dadar Darbar,Biryani,390,65,3.2,Debit Card,Mumbai - Vashi,Delivered
104432,2025-01-20,C1659,Thane Treats,Burger,1098,55,3.6,Credit Card,Mumbai - Dadar,Delayed
104433,2026-05-04,C8409,Vashi Veg Corner,North Indian,444,46,3.3,Cash,Mumbai - Colaba,Cancelled
104434,2025-10-20,C1254,Dadar Darbar,North Indian,919,77,4.7,Cash,Mumbai - Kurla,Delayed
104435,2025-10-02,C9569,Bandra Bites,Burger,1407,56,4.2,Credit Card,Mumbai - Powai,Delivered
104436,2025-10-14,C7505,Marine Drive Meals,Chinese,568,74,4.8,UPI,Mumbai - Kurla,Delivered
104437,2025-12-16,C2736,Ghatkopar Grill,Desserts,1684,71,3.8,Cash,Mumbai - Chembur,Delivered
104438,2025-01-11,C9539,Bandra Bites,North Indian,188,42,3.9,Debit Card,Mumbai - Dadar,Cancelled
104439,2026-05-22,C9813,Bandra Bites,North Indian,1753,52,4.2,UPI,Mumbai - Mulund,Delivered
104440,2025-06-09,C2773,Dadar Darbar,North Indian,1040,85,3.0,Wallet,Mumbai - Vashi,Delivered
104441,2026-03-21,C3453,Colaba Cafe,Desserts,380,74,4.2,Cash,Mumbai - Powai,Delivered
104442,2025-06-28,C7656,Powai Plates,Pizza,433,72,2.6,Cash,Mumbai - Vashi,Delivered
104443,2026-04-04,C9435,Powai Plates,Biryani,1223,15,3.8,Wallet,Mumbai - Colaba,Delivered
104444,2026-06-07,C2826,Andheri Kitchen,South Indian,638,53,4.0,Wallet,Mumbai - Bandra,Delayed
104445,2026-05-31,C3751,Kurla Kitchen,Desserts,1595,17,4.8,Debit Card,Mumbai - Chembur,Delivered
104446,2025-04-30,C8484,Colaba Cafe,Desserts,490,83,3.4,Credit Card,Mumbai - Powai,Delivered
104447,2025-11-22,C7658,Dadar Darbar,North Indian,1760,80,3.9,Credit Card,Mumbai - Vashi,Cancelled
104448,2026-04-16,C5492,Bandra Bites,Pizza,393,78,3.9,Debit Card,Mumbai - Thane,Delivered
104449,2026-04-28,C3236,Marine Drive Meals,Pizza,1009,47,4.7,Cash,Mumbai - Vashi,Delivered
104450,2025-04-30,C5880,Marine Drive Meals,Desserts,1072,54,2.7,UPI,Mumbai - Chembur,Delayed
104451,2026-04-10,C3478,Vashi Veg Corner,Desserts,486,70,4.4,Cash,Mumbai - Ghatkopar,Delivered
104452,2026-05-23,C8455,Kurla Kitchen,South Indian,1010,71,4.0,Credit Card,Mumbai - Bandra,Delivered
104453,2026-06-06,C1482,Kurla Kitchen,South Indian,674,49,3.1,Credit Card,Mumbai - Mulund,Delivered
104454,2025-05-30,C9941,Borivali Bistro,Desserts,725,32,4.6,UPI,Mumbai - Vashi,Delivered
104455,2025-06-10,C4387,Kurla Kitchen,Chinese,210,27,5.0,Cash,Mumbai - Colaba,Delivered
104456,2025-11-18,C3076,Vashi Veg Corner,Pizza,1157,33,3.2,Debit Card,Mumbai - Malad,Cancelled
104457,2026-05-04,C2225,Colaba Cafe,Healthy Food,187,26,3.6,UPI,Mumbai - Chembur,Delivered
104458,2025-07-25,C1743,Malad Food Hub,Desserts,1374,83,3.4,Wallet,Mumbai - Malad,Delayed
104459,2025-06-17,C6183,Dadar Darbar,Chinese,1215,34,3.8,Debit Card,Mumbai - Andheri,Delayed
104460,2025-09-21,C9183,Andheri Kitchen,South Indian,1459,55,4.9,Cash,Mumbai - Borivali,Delayed
104461,2025-03-29,C2752,Marine Drive Meals,Desserts,1763,82,4.7,Cash,Mumbai - Kurla,Delivered
104462,2026-03-05,C3912,Marine Drive Meals,Chinese,188,33,4.8,Wallet,Mumbai - Chembur,Cancelled
104463,2025-03-05,C7202,Malad Food Hub,North Indian,1740,71,4.5,Debit Card,Mumbai - Chembur,Delivered
104464,2025-09-24,C5389,Marine Drive Meals,Biryani,523,83,3.6,UPI,Mumbai - Vashi,Delivered
104465,2025-08-02,C2741,Malad Food Hub,Desserts,583,37,3.3,Cash,Mumbai - Malad,Delivered
104466,2025-11-04,C1128,Marine Drive Meals,Pizza,499,23,2.8,Credit Card,Mumbai - Borivali,Delayed
104467,2025-01-20,C5651,Dadar Darbar,South Indian,1266,67,4.1,UPI,Mumbai - Colaba,Delivered
104468,2026-05-26,C3743,Ghatkopar Grill,Burger,341,62,3.9,Cash,Mumbai - Powai,Cancelled
104469,2026-02-07,C5143,Vashi Veg Corner,Beverages,1695,52,3.7,Credit Card,Mumbai - Bandra,Delivered
104470,2025-10-11,C9766,Mumbai Tadka,North Indian,1718,46,4.2,Wallet,Mumbai - Kurla,Delivered
104471,2026-06-24,C1832,Vashi Veg Corner,Biryani,1639,68,4.6,Cash,Mumbai - Mulund,Cancelled
104472,2025-09-05,C9922,Thane Treats,Beverages,1466,48,3.4,Wallet,Mumbai - Colaba,Cancelled
104473,2025-03-18,C5847,Powai Plates,North Indian,308,37,4.4,Debit Card,Mumbai - Andheri,Delivered
104474,2026-03-25,C8533,Ghatkopar Grill,South Indian,991,58,3.4,Cash,Mumbai - Colaba,Delivered
104475,2025-06-03,C5165,Ghatkopar Grill,Burger,148,36,4.8,Cash,Mumbai - Dadar,Delivered
104476,2025-03-09,C7238,Dadar Darbar,Desserts,1726,26,3.1,UPI,Mumbai - Thane,Delivered
104477,2026-03-19,C3900,Vashi Veg Corner,Pizza,1607,84,3.7,Credit Card,Mumbai - Bandra,Delivered
104478,2025-05-07,C6576,Powai Plates,Chinese,1607,43,2.7,Debit Card,Mumbai - Kurla,Delivered
104479,2025-01-21,C2646,Powai Plates,South Indian,1483,70,4.5,Wallet,Mumbai - Malad,Cancelled
104480,2026-06-06,C5122,Marine Drive Meals,Beverages,1684,52,3.7,UPI,Mumbai - Powai,Delivered
104481,2025-05-27,C4438,Chembur Spice House,Biryani,350,30,3.1,UPI,Mumbai - Borivali,Delivered
104482,2025-11-22,C2502,Dadar Darbar,Burger,1214,76,3.7,Cash,Mumbai - Borivali,Delayed
104483,2026-02-13,C4798,Powai Plates,Pizza,741,56,4.6,Credit Card,Mumbai - Colaba,Cancelled
104484,2026-04-08,C6377,Bandra Bites,Beverages,1422,34,3.0,Debit Card,Mumbai - Malad,Delivered
104485,2026-04-12,C9971,Kurla Kitchen,Desserts,1367,53,2.9,Cash,Mumbai - Bandra,Delivered
104486,2025-04-01,C1229,Borivali Bistro,Healthy Food,517,53,4.9,Debit Card,Mumbai - Thane,Delayed
104487,2025-10-09,C4662,Borivali Bistro,Desserts,935,62,3.9,Credit Card,Mumbai - Vashi,Cancelled
104488,2026-03-15,C5306,Dadar Darbar,North Indian,898,36,4.8,Wallet,Mumbai - Malad,Delivered
104489,2025-10-27,C3967,Ghatkopar Grill,Chinese,1149,52,2.7,Cash,Mumbai - Borivali,Delayed
104490,2025-01-15,C4605,Thane Treats,North Indian,399,69,2.8,UPI,Mumbai - Borivali,Cancelled
104491,2025-08-08,C1191,Borivali Bistro,North Indian,1695,51,3.9,Wallet,Mumbai - Thane,Cancelled
104492,2025-08-03,C4111,Powai Plates,Desserts,1450,39,4.5,Cash,Mumbai - Malad,Delivered
104493,2025-07-17,C3435,Vashi Veg Corner,North Indian,356,58,3.2,Wallet,Mumbai - Bandra,Cancelled
104494,2025-04-22,C8655,Marine Drive Meals,Desserts,268,39,4.7,Credit Card,Mumbai - Thane,Delivered
104495,2025-05-31,C2270,Vashi Veg Corner,Pizza,579,57,2.6,Credit Card,Mumbai - Thane,Delayed
104496,2025-10-06,C9794,Ghatkopar Grill,North Indian,313,16,4.9,Cash,Mumbai - Dadar,Cancelled
104497,2026-06-17,C4254,Malad Food Hub,Biryani,1208,31,3.4,UPI,Mumbai - Ghatkopar,Delayed
104498,2025-02-13,C2554,Colaba Cafe,Burger,1081,56,4.2,Debit Card,Mumbai - Malad,Delayed
104499,2025-04-10,C3624,Powai Plates,North Indian,671,74,4.8,Credit Card,Mumbai - Chembur,Delayed
104500,2026-04-03,C4446,Malad Food Hub,Beverages,1349,77,3.0,UPI,Mumbai - Powai,Delivered
104501,2026-06-08,C4485,Borivali Bistro,Chinese,1218,71,3.8,Wallet,Mumbai - Andheri,Delayed
104502,2025-06-01,C3642,Thane Treats,Desserts,1643,84,2.7,Debit Card,Mumbai - Vashi,Cancelled
104503,2025-04-03,C2607,Ghatkopar Grill,Desserts,1503,75,3.4,Debit Card,Mumbai - Mulund,Delayed
104504,2025-01-11,C8274,Dadar Darbar,South Indian,301,18,3.2,Cash,Mumbai - Ghatkopar,Delayed
104505,2025-04-13,C3941,Bandra Bites,Burger,870,33,5.0,Credit Card,Mumbai - Chembur,Delivered
104506,2026-04-21,C3888,Andheri Kitchen,Chinese,848,33,4.1,UPI,Mumbai - Mulund,Cancelled
104507,2025-02-03,C3719,Thane Treats,Desserts,590,17,3.0,Cash,Mumbai - Andheri,Delivered
104508,2026-06-22,C6638,Colaba Cafe,North Indian,1437,28,2.6,UPI,Mumbai - Borivali,Delivered
104509,2025-09-02,C6097,Ghatkopar Grill,North Indian,246,72,3.2,Cash,Mumbai - Bandra,Delivered
104510,2025-08-01,C7231,Dadar Darbar,Biryani,352,67,3.9,Cash,Mumbai - Andheri,Delivered
104511,2025-07-24,C2394,Bandra Bites,South Indian,757,22,4.9,Cash,Mumbai - Bandra,Delivered
104512,2026-06-14,C2584,Malad Food Hub,North Indian,1474,54,4.8,Wallet,Mumbai - Dadar,Delivered
104513,2025-08-22,C7310,Dadar Darbar,Burger,1414,19,4.8,Wallet,Mumbai - Ghatkopar,Delivered
104514,2025-02-17,C2819,Marine Drive Meals,South Indian,1109,22,4.2,Credit Card,Mumbai - Colaba,Delayed
104515,2025-08-10,C7973,Powai Plates,Beverages,1711,46,4.9,Debit Card,Mumbai - Andheri,Delivered
104516,2026-02-05,C8798,Borivali Bistro,Desserts,864,47,3.1,Debit Card,Mumbai - Mulund,Delayed
104517,2026-04-13,C8408,Powai Plates,Biryani,1180,83,3.2,Wallet,Mumbai - Malad,Cancelled
104518,2025-09-03,C8365,Vashi Veg Corner,Beverages,1568,49,3.6,Wallet,Mumbai - Vashi,Cancelled
104519,2025-09-03,C7172,Chembur Spice House,Desserts,190,28,4.8,Cash,Mumbai - Vashi,Cancelled
104520,2026-01-03,C1495,Colaba Cafe,Beverages,1412,27,3.4,Wallet,Mumbai - Dadar,Delivered
104521,2025-09-15,C8539,Dadar Darbar,Chinese,451,28,4.1,Debit Card,Mumbai - Borivali,Delivered
104522,2025-05-29,C9591,Powai Plates,North Indian,933,30,4.2,Credit Card,Mumbai - Borivali,Delivered
104523,2025-06-28,C7853,Thane Treats,Pizza,1782,51,4.4,UPI,Mumbai - Malad,Delivered
104524,2026-02-12,C4212,Andheri Kitchen,Beverages,1542,48,3.6,Credit Card,Mumbai - Dadar,Delivered
104525,2025-07-27,C6102,Powai Plates,Beverages,1252,24,2.9,Cash,Mumbai - Colaba,Delivered
104526,2026-04-23,C4596,Mumbai Tadka,Chinese,749,81,4.2,Debit Card,Mumbai - Kurla,Cancelled
104527,2026-06-03,C9690,Ghatkopar Grill,Chinese,636,29,3.0,Wallet,Mumbai - Colaba,Cancelled
104528,2025-06-10,C2429,Powai Plates,Burger,564,33,4.7,Cash,Mumbai - Mulund,Delivered
104529,2025-07-18,C2941,Mumbai Tadka,South Indian,1174,73,3.0,UPI,Mumbai - Dadar,Cancelled
104530,2025-11-05,C5624,Marine Drive Meals,Beverages,889,33,4.8,Cash,Mumbai - Powai,Delivered
104531,2025-05-15,C2734,Vashi Veg Corner,Burger,422,61,4.8,UPI,Mumbai - Borivali,Cancelled
104532,2025-11-12,C5095,Powai Plates,South Indian,1266,74,2.5,Debit Card,Mumbai - Borivali,Delivered
104533,2025-09-21,C9068,Bandra Bites,Beverages,189,34,5.0,Credit Card,Mumbai - Ghatkopar,Delivered
104534,2025-05-08,C5914,Mumbai Tadka,Healthy Food,876,72,4.3,UPI,Mumbai - Thane,Delivered
104535,2025-10-06,C1734,Powai Plates,Desserts,1369,48,3.1,Wallet,Mumbai - Bandra,Delivered
104536,2026-06-17,C1069,Kurla Kitchen,Biryani,185,50,4.9,Debit Card,Mumbai - Andheri,Delivered
104537,2025-10-25,C1932,Malad Food Hub,North Indian,1600,58,3.7,Cash,Mumbai - Andheri,Delayed
104538,2026-04-25,C7633,Chembur Spice House,Chinese,1193,70,4.2,Wallet,Mumbai - Dadar,Delivered
104539,2025-09-18,C1150,Thane Treats,Biryani,1665,33,4.1,Wallet,Mumbai - Andheri,Delayed
104540,2026-02-17,C2324,Andheri Kitchen,Pizza,321,22,4.5,UPI,Mumbai - Borivali,Delayed
104541,2025-06-02,C7241,Andheri Kitchen,Burger,1777,19,3.8,UPI,Mumbai - Mulund,Delivered
104542,2025-04-06,C8697,Colaba Cafe,Beverages,1714,52,3.7,Cash,Mumbai - Powai,Delivered
104543,2025-01-31,C2005,Chembur Spice House,South Indian,1731,74,2.7,UPI,Mumbai - Chembur,Delayed
104544,2025-02-09,C3953,Thane Treats,Pizza,609,18,3.1,Wallet,Mumbai - Chembur,Delivered
104545,2025-03-08,C3660,Mumbai Tadka,South Indian,732,58,3.1,Cash,Mumbai - Andheri,Delivered
104546,2026-06-08,C8840,Ghatkopar Grill,Pizza,1215,55,3.4,Wallet,Mumbai - Vashi,Cancelled
104547,2025-11-28,C3001,Chembur Spice House,South Indian,1109,28,4.1,Credit Card,Mumbai - Malad,Delivered
104548,2025-12-02,C1107,Borivali Bistro,Healthy Food,538,51,4.5,Cash,Mumbai - Borivali,Cancelled
104549,2026-06-17,C8424,Thane Treats,Pizza,427,27,3.8,Wallet,Mumbai - Powai,Delivered
104550,2025-03-21,C5834,Vashi Veg Corner,Beverages,633,27,4.0,Cash,Mumbai - Malad,Cancelled
104551,2026-01-08,C6816,Borivali Bistro,Biryani,1338,22,4.9,Debit Card,Mumbai - Borivali,Delayed
104552,2025-03-25,C4126,Dadar Darbar,Pizza,1586,68,2.8,UPI,Mumbai - Malad,Cancelled
104553,2025-07-20,C8687,Chembur Spice House,Desserts,1741,40,2.7,Debit Card,Mumbai - Ghatkopar,Delivered
104554,2025-01-01,C7749,Vashi Veg Corner,Healthy Food,862,36,2.9,Cash,Mumbai - Colaba,Delayed
104555,2025-06-16,C2836,Andheri Kitchen,Biryani,680,84,4.9,Credit Card,Mumbai - Powai,Delayed
104556,2026-03-03,C9215,Ghatkopar Grill,Beverages,1772,25,4.2,Credit Card,Mumbai - Dadar,Delivered
104557,2026-01-21,C3278,Chembur Spice House,Beverages,1017,80,3.8,UPI,Mumbai - Kurla,Delivered
104558,2026-06-11,C2251,Andheri Kitchen,Pizza,1514,38,3.3,Debit Card,Mumbai - Thane,Delivered
104559,2025-06-30,C9018,Ghatkopar Grill,Chinese,633,75,4.9,Cash,Mumbai - Colaba,Cancelled
104560,2025-12-30,C1304,Bandra Bites,South Indian,784,38,4.3,UPI,Mumbai - Chembur,Delivered
104561,2025-03-02,C8764,Powai Plates,North Indian,379,71,3.1,Wallet,Mumbai - Vashi,Delayed
104562,2026-04-10,C9164,Vashi Veg Corner,Pizza,1259,37,4.7,Wallet,Mumbai - Kurla,Delayed
104563,2025-05-03,C3208,Malad Food Hub,Biryani,153,80,4.7,Cash,Mumbai - Ghatkopar,Delivered
104564,2025-06-29,C1132,Vashi Veg Corner,South Indian,400,64,4.9,UPI,Mumbai - Dadar,Delayed
104565,2025-03-17,C8714,Ghatkopar Grill,South Indian,1398,47,4.2,Wallet,Mumbai - Powai,Cancelled
104566,2026-05-15,C5438,Marine Drive Meals,North Indian,835,61,3.5,Debit Card,Mumbai - Chembur,Delivered
104567,2026-04-13,C5616,Dadar Darbar,Healthy Food,792,77,3.6,Cash,Mumbai - Bandra,Delivered
104568,2025-04-29,C1117,Colaba Cafe,Beverages,1499,44,4.0,Debit Card,Mumbai - Kurla,Delayed
104569,2025-12-19,C2260,Vashi Veg Corner,South Indian,1213,20,3.7,Debit Card,Mumbai - Thane,Delivered
104570,2026-04-01,C1668,Malad Food Hub,North Indian,1173,85,4.1,Credit Card,Mumbai - Thane,Delivered
104571,2025-10-19,C5864,Vashi Veg Corner,Desserts,212,33,3.0,Cash,Mumbai - Andheri,Cancelled
104572,2025-10-02,C3766,Malad Food Hub,Biryani,998,79,4.4,Cash,Mumbai - Powai,Delivered
104573,2026-03-08,C6019,Colaba Cafe,Biryani,1405,52,3.3,Debit Card,Mumbai - Thane,Delivered
104574,2025-11-29,C4420,Colaba Cafe,Biryani,1512,46,2.5,Credit Card,Mumbai - Vashi,Delivered
104575,2026-03-25,C4645,Kurla Kitchen,Healthy Food,832,34,3.1,Credit Card,Mumbai - Powai,Delayed
104576,2025-09-12,C1652,Colaba Cafe,Desserts,282,49,3.8,Credit Card,Mumbai - Dadar,Delivered
104577,2025-11-27,C5087,Mumbai Tadka,Chinese,907,82,4.4,Credit Card,Mumbai - Colaba,Delivered
104578,2025-03-26,C8220,Marine Drive Meals,North Indian,261,58,5.0,Debit Card,Mumbai - Vashi,Delayed
104579,2025-09-12,C9164,Mumbai Tadka,Beverages,750,45,4.9,Credit Card,Mumbai - Andheri,Delivered
104580,2025-01-31,C1009,Powai Plates,South Indian,830,81,4.1,Debit Card,Mumbai - Ghatkopar,Cancelled
104581,2025-07-05,C4959,Borivali Bistro,Burger,1090,78,3.3,Wallet,Mumbai - Kurla,Delivered
104582,2026-01-04,C2445,Borivali Bistro,Burger,470,23,3.1,Wallet,Mumbai - Colaba,Delayed
104583,2025-04-28,C6752,Dadar Darbar,Burger,1575,56,4.4,Wallet,Mumbai - Malad,Cancelled
104584,2025-08-01,C1280,Ghatkopar Grill,South Indian,1590,59,2.7,UPI,Mumbai - Kurla,Delivered
104585,2026-02-01,C2922,Bandra Bites,Desserts,538,76,4.9,Credit Card,Mumbai - Vashi,Delivered
104586,2025-01-17,C3314,Andheri Kitchen,Pizza,975,76,5.0,UPI,Mumbai - Mulund,Delivered
104587,2025-07-18,C9674,Bandra Bites,Pizza,365,40,3.9,Cash,Mumbai - Bandra,Delivered
104588,2025-05-25,C9512,Colaba Cafe,Burger,1733,41,3.9,UPI,Mumbai - Kurla,Delivered
104589,2025-02-25,C1779,Ghatkopar Grill,Biryani,563,34,2.9,UPI,Mumbai - Kurla,Delivered
104590,2026-04-11,C5204,Mumbai Tadka,Biryani,619,47,3.4,Cash,Mumbai - Thane,Delivered
104591,2025-05-12,C6066,Powai Plates,Burger,1112,44,2.7,UPI,Mumbai - Bandra,Delivered
104592,2025-03-15,C9936,Ghatkopar Grill,Burger,697,82,3.6,UPI,Mumbai - Colaba,Cancelled
104593,2025-12-27,C3796,Ghatkopar Grill,Healthy Food,238,84,2.8,Debit Card,Mumbai - Mulund,Cancelled
104594,2025-02-08,C4352,Powai Plates,Chinese,483,75,4.2,UPI,Mumbai - Borivali,Delayed
104595,2025-03-15,C3160,Borivali Bistro,Pizza,1627,37,2.9,Wallet,Mumbai - Vashi,Delivered
104596,2025-11-19,C6412,Marine Drive Meals,Burger,1397,15,4.8,Credit Card,Mumbai - Bandra,Delivered
104597,2025-11-27,C5987,Powai Plates,Biryani,197,29,4.9,UPI,Mumbai - Mulund,Cancelled
104598,2026-06-14,C5071,Colaba Cafe,North Indian,1395,23,3.0,Cash,Mumbai - Colaba,Cancelled
104599,2025-10-19,C9303,Powai Plates,Chinese,584,69,3.2,Cash,Mumbai - Thane,Delivered
104600,2025-04-28,C3066,Ghatkopar Grill,Pizza,1321,34,4.5,Debit Card,Mumbai - Ghatkopar,Delivered
104601,2025-01-07,C6014,Malad Food Hub,Biryani,947,67,2.7,Debit Card,Mumbai - Malad,Delayed
104602,2025-03-06,C5063,Borivali Bistro,Pizza,271,82,2.9,Credit Card,Mumbai - Vashi,Cancelled
104603,2025-06-28,C4893,Malad Food Hub,Chinese,623,74,3.9,Debit Card,Mumbai - Andheri,Delivered
104604,2025-06-03,C3861,Andheri Kitchen,South Indian,888,75,2.7,Wallet,Mumbai - Chembur,Delivered
104605,2026-01-01,C6470,Malad Food Hub,Beverages,1352,29,4.7,Cash,Mumbai - Dadar,Delivered
104606,2025-02-06,C1911,Powai Plates,North Indian,647,69,2.6,Credit Card,Mumbai - Thane,Delayed
104607,2025-10-30,C9242,Powai Plates,Healthy Food,1416,38,3.0,UPI,Mumbai - Andheri,Cancelled
104608,2026-06-11,C3373,Chembur Spice House,North Indian,401,79,4.5,Wallet,Mumbai - Mulund,Delivered
104609,2025-01-13,C9656,Borivali Bistro,Beverages,383,70,4.5,Debit Card,Mumbai - Malad,Cancelled
104610,2025-12-31,C9839,Thane Treats,North Indian,1213,67,2.7,Wallet,Mumbai - Thane,Delivered
104611,2025-07-10,C2287,Marine Drive Meals,Healthy Food,352,65,2.6,Cash,Mumbai - Malad,Delivered
104612,2025-10-24,C7839,Marine Drive Meals,Chinese,1659,16,2.6,Credit Card,Mumbai - Mulund,Cancelled
104613,2025-06-19,C7254,Colaba Cafe,Burger,1080,18,4.4,Wallet,Mumbai - Kurla,Delayed
104614,2025-09-12,C8103,Borivali Bistro,Biryani,1217,39,4.3,Debit Card,Mumbai - Borivali,Cancelled
104615,2025-02-12,C1240,Mumbai Tadka,Chinese,898,26,4.8,Credit Card,Mumbai - Colaba,Delayed
104616,2025-06-03,C8824,Marine Drive Meals,Pizza,750,54,4.9,Credit Card,Mumbai - Thane,Delivered
104617,2025-01-15,C4250,Colaba Cafe,Desserts,320,74,3.8,Cash,Mumbai - Thane,Cancelled
104618,2026-02-24,C3759,Kurla Kitchen,Beverages,1603,68,4.5,Debit Card,Mumbai - Borivali,Delayed
104619,2025-12-28,C1010,Kurla Kitchen,Desserts,1710,54,4.0,Cash,Mumbai - Malad,Delivered
104620,2025-07-12,C7183,Chembur Spice House,South Indian,644,44,4.4,Cash,Mumbai - Thane,Cancelled
104621,2025-10-27,C9396,Marine Drive Meals,Biryani,1708,76,4.1,Cash,Mumbai - Andheri,Delivered
104622,2025-12-22,C7396,Thane Treats,North Indian,216,19,4.7,Credit Card,Mumbai - Ghatkopar,Cancelled
104623,2025-01-04,C5127,Ghatkopar Grill,Pizza,766,25,3.9,Debit Card,Mumbai - Vashi,Delayed
104624,2025-05-21,C4000,Kurla Kitchen,Pizza,910,77,2.7,Wallet,Mumbai - Vashi,Delayed
104625,2026-04-30,C1697,Colaba Cafe,Biryani,984,78,4.5,Cash,Mumbai - Borivali,Cancelled
104626,2025-09-09,C9353,Andheri Kitchen,Biryani,1082,61,4.6,Cash,Mumbai - Bandra,Delivered
104627,2026-01-13,C6833,Borivali Bistro,South Indian,428,40,2.7,Debit Card,Mumbai - Bandra,Delayed
104628,2025-01-01,C2128,Malad Food Hub,Healthy Food,299,53,3.8,Debit Card,Mumbai - Thane,Cancelled
104629,2025-12-11,C4345,Chembur Spice House,North Indian,1498,48,3.3,Credit Card,Mumbai - Colaba,Delivered
104630,2025-07-01,C5764,Borivali Bistro,Beverages,935,22,2.9,Wallet,Mumbai - Malad,Delayed
104631,2026-03-13,C7231,Malad Food Hub,Healthy Food,143,72,3.2,Credit Card,Mumbai - Powai,Delivered
104632,2025-07-15,C1060,Marine Drive Meals,Pizza,1206,66,4.2,UPI,Mumbai - Borivali,Delivered
104633,2025-01-14,C1013,Chembur Spice House,Biryani,1509,74,2.7,UPI,Mumbai - Malad,Delivered
104634,2025-01-20,C9608,Ghatkopar Grill,North Indian,1169,59,3.0,Debit Card,Mumbai - Malad,Cancelled
104635,2025-01-21,C8966,Thane Treats,Chinese,1507,52,2.6,Credit Card,Mumbai - Chembur,Delivered
104636,2025-09-02,C9985,Thane Treats,Burger,883,31,4.8,Debit Card,Mumbai - Mulund,Delivered
104637,2025-07-17,C7993,Malad Food Hub,Biryani,986,15,4.5,Cash,Mumbai - Malad,Delayed
104638,2026-02-05,C6662,Colaba Cafe,Burger,1107,71,3.7,Cash,Mumbai - Thane,Delivered
104639,2026-02-13,C6889,Vashi Veg Corner,Healthy Food,1782,16,4.7,Wallet,Mumbai - Chembur,Delayed
104640,2026-02-13,C6373,Dadar Darbar,South Indian,308,77,2.8,Wallet,Mumbai - Kurla,Cancelled
104641,2026-02-11,C8702,Mumbai Tadka,Biryani,454,50,3.3,Credit Card,Mumbai - Ghatkopar,Delivered
104642,2025-01-23,C5675,Thane Treats,Beverages,1054,69,2.6,Cash,Mumbai - Vashi,Delivered
104643,2025-10-05,C4615,Vashi Veg Corner,Burger,682,77,3.6,Wallet,Mumbai - Ghatkopar,Delivered
104644,2025-09-15,C6159,Powai Plates,Burger,996,42,3.5,Wallet,Mumbai - Kurla,Delivered
104645,2026-01-03,C2920,Bandra Bites,Burger,1756,39,4.5,Cash,Mumbai - Vashi,Delivered
104646,2026-01-03,C1712,Andheri Kitchen,Beverages,701,52,3.6,Wallet,Mumbai - Colaba,Delivered
104647,2025-09-15,C6659,Kurla Kitchen,Desserts,1109,33,3.2,Credit Card,Mumbai - Dadar,Delivered
104648,2025-01-27,C4821,Malad Food Hub,Pizza,1207,70,4.5,UPI,Mumbai - Ghatkopar,Delivered
104649,2026-04-19,C9827,Kurla Kitchen,Chinese,343,41,2.5,UPI,Mumbai - Bandra,Cancelled
104650,2025-11-16,C7243,Thane Treats,Burger,1417,70,4.6,UPI,Mumbai - Ghatkopar,Cancelled
104651,2025-10-13,C5043,Powai Plates,Beverages,1268,49,3.4,Wallet,Mumbai - Dadar,Delivered
104652,2026-02-07,C4790,Bandra Bites,Pizza,1078,62,4.5,Credit Card,Mumbai - Thane,Delivered
104653,2026-05-05,C7212,Andheri Kitchen,Burger,549,77,4.8,Cash,Mumbai - Bandra,Cancelled
104654,2025-04-08,C5026,Thane Treats,North Indian,621,42,2.8,Credit Card,Mumbai - Kurla,Cancelled
104655,2025-02-19,C4893,Powai Plates,North Indian,791,77,4.9,UPI,Mumbai - Thane,Delivered
104656,2026-06-10,C6026,Andheri Kitchen,Beverages,648,80,4.3,Credit Card,Mumbai - Vashi,Cancelled
104657,2025-04-28,C2378,Kurla Kitchen,Burger,311,19,4.1,UPI,Mumbai - Andheri,Delivered
104658,2025-09-20,C2773,Powai Plates,Chinese,167,35,3.3,Wallet,Mumbai - Thane,Delivered
104659,2026-01-21,C2025,Mumbai Tadka,Pizza,1027,39,3.4,UPI,Mumbai - Mulund,Cancelled
104660,2026-01-28,C7683,Andheri Kitchen,Healthy Food,137,39,3.4,Cash,Mumbai - Kurla,Delayed
104661,2025-05-04,C4299,Mumbai Tadka,Desserts,1405,49,4.9,Credit Card,Mumbai - Mulund,Cancelled
104662,2025-05-27,C1440,Bandra Bites,Desserts,732,31,3.4,UPI,Mumbai - Kurla,Delivered
104663,2026-03-11,C8729,Kurla Kitchen,Burger,502,26,4.7,Wallet,Mumbai - Mulund,Delivered
104664,2025-08-12,C9228,Colaba Cafe,Healthy Food,1216,33,2.9,UPI,Mumbai - Malad,Delayed
104665,2026-03-09,C3071,Mumbai Tadka,South Indian,709,45,4.6,UPI,Mumbai - Vashi,Delivered
104666,2026-05-28,C5674,Andheri Kitchen,Beverages,984,22,4.9,Credit Card,Mumbai - Chembur,Delayed
104667,2025-11-01,C4499,Dadar Darbar,North Indian,1528,45,4.0,UPI,Mumbai - Chembur,Delivered
104668,2026-05-29,C5746,Bandra Bites,Healthy Food,1479,26,4.4,Credit Card,Mumbai - Malad,Delivered
104669,2026-04-06,C6935,Mumbai Tadka,Biryani,426,83,4.0,Cash,Mumbai - Kurla,Delivered
104670,2025-08-12,C1421,Bandra Bites,Pizza,160,73,3.7,UPI,Mumbai - Bandra,Delayed
104671,2025-08-25,C8750,Thane Treats,Pizza,1607,80,4.3,Debit Card,Mumbai - Andheri,Delivered
104672,2025-10-06,C9367,Mumbai Tadka,Desserts,1472,38,4.2,Cash,Mumbai - Thane,Delivered
104673,2025-11-03,C9548,Marine Drive Meals,Pizza,1274,22,3.0,Wallet,Mumbai - Vashi,Delivered
104674,2025-10-12,C3304,Chembur Spice House,North Indian,215,39,3.0,Credit Card,Mumbai - Thane,Delivered
104675,2025-12-15,C6958,Chembur Spice House,Chinese,1489,15,3.6,Cash,Mumbai - Kurla,Delivered
104676,2025-12-20,C6338,Bandra Bites,Healthy Food,601,83,2.8,Credit Card,Mumbai - Colaba,Delivered
104677,2026-01-16,C2959,Vashi Veg Corner,South Indian,1330,19,4.3,Wallet,Mumbai - Borivali,Delivered
104678,2026-05-05,C8055,Chembur Spice House,Burger,781,27,4.5,Cash,Mumbai - Ghatkopar,Delivered
104679,2026-03-21,C7903,Kurla Kitchen,Chinese,931,28,3.6,Wallet,Mumbai - Ghatkopar,Cancelled
104680,2025-02-28,C2243,Kurla Kitchen,Chinese,1213,55,4.3,Credit Card,Mumbai - Chembur,Delivered
104681,2026-01-05,C4667,Andheri Kitchen,Beverages,1650,27,3.9,Debit Card,Mumbai - Dadar,Delivered
104682,2025-10-22,C1100,Andheri Kitchen,South Indian,1413,70,4.0,Credit Card,Mumbai - Chembur,Delivered
104683,2026-01-08,C5400,Kurla Kitchen,South Indian,1720,74,4.9,Credit Card,Mumbai - Chembur,Delayed
104684,2025-05-12,C8845,Mumbai Tadka,North Indian,1565,32,3.5,Cash,Mumbai - Mulund,Delayed
104685,2025-07-22,C2456,Malad Food Hub,Biryani,537,17,4.7,Wallet,Mumbai - Vashi,Delayed
104686,2025-03-07,C9008,Borivali Bistro,Healthy Food,1014,40,2.8,Debit Card,Mumbai - Kurla,Delivered
104687,2025-08-10,C9729,Dadar Darbar,South Indian,647,68,2.5,Cash,Mumbai - Colaba,Delayed
104688,2025-05-27,C5720,Vashi Veg Corner,Desserts,1317,41,2.7,Wallet,Mumbai - Andheri,Delayed
104689,2026-02-09,C9177,Thane Treats,South Indian,260,50,4.8,UPI,Mumbai - Thane,Cancelled
104690,2025-01-27,C2037,Kurla Kitchen,South Indian,623,77,4.8,Credit Card,Mumbai - Mulund,Delayed
104691,2026-04-10,C2944,Mumbai Tadka,Beverages,1648,72,4.8,Cash,Mumbai - Bandra,Delivered
104692,2026-01-18,C7372,Powai Plates,Beverages,1781,68,3.0,Wallet,Mumbai - Kurla,Delayed
104693,2026-01-31,C2793,Vashi Veg Corner,North Indian,977,54,4.7,UPI,Mumbai - Malad,Cancelled
104694,2025-12-01,C3672,Bandra Bites,North Indian,419,41,3.6,Wallet,Mumbai - Thane,Delivered
104695,2025-08-09,C1028,Ghatkopar Grill,South Indian,1625,75,3.8,Debit Card,Mumbai - Colaba,Delivered
104696,2025-05-12,C1914,Bandra Bites,Chinese,938,34,3.9,Debit Card,Mumbai - Borivali,Delivered
104697,2026-01-21,C2957,Dadar Darbar,Healthy Food,990,75,3.5,Wallet,Mumbai - Mulund,Cancelled
104698,2025-06-08,C1307,Malad Food Hub,Biryani,1325,47,3.7,Debit Card,Mumbai - Malad,Delayed
104699,2025-10-21,C3217,Andheri Kitchen,Burger,1401,51,4.2,UPI,Mumbai - Borivali,Delayed
104700,2026-06-08,C8703,Kurla Kitchen,South Indian,571,63,3.0,Cash,Mumbai - Mulund,Delivered
104701,2025-01-22,C6222,Thane Treats,South Indian,447,70,2.6,Cash,Mumbai - Bandra,Delivered
104702,2025-02-13,C2803,Dadar Darbar,Chinese,577,44,3.9,Debit Card,Mumbai - Chembur,Cancelled
104703,2025-02-09,C2671,Bandra Bites,Healthy Food,292,59,4.3,UPI,Mumbai - Vashi,Delivered
104704,2025-04-27,C6213,Mumbai Tadka,Biryani,1745,20,4.6,UPI,Mumbai - Thane,Delivered
104705,2025-04-14,C4054,Bandra Bites,Chinese,1039,45,4.9,Cash,Mumbai - Bandra,Cancelled
104706,2025-03-29,C2552,Bandra Bites,Beverages,372,28,2.9,Cash,Mumbai - Colaba,Delivered
104707,2026-02-23,C6437,Powai Plates,North Indian,718,68,5.0,Wallet,Mumbai - Mulund,Delivered
104708,2025-08-15,C3800,Malad Food Hub,Biryani,122,81,3.5,Debit Card,Mumbai - Bandra,Delivered
104709,2025-07-21,C3910,Chembur Spice House,Beverages,229,49,4.2,Wallet,Mumbai - Vashi,Cancelled
104710,2025-07-16,C1097,Malad Food Hub,Biryani,432,37,3.1,Debit Card,Mumbai - Powai,Cancelled
104711,2026-04-02,C9825,Mumbai Tadka,Desserts,1136,49,3.7,Cash,Mumbai - Vashi,Delayed
104712,2025-01-06,C7510,Bandra Bites,South Indian,158,42,4.2,Wallet,Mumbai - Malad,Delivered
104713,2025-02-13,C2915,Marine Drive Meals,Chinese,965,57,3.6,Wallet,Mumbai - Andheri,Cancelled
104714,2025-02-11,C2906,Thane Treats,Pizza,106,30,3.0,Cash,Mumbai - Kurla,Delayed
104715,2025-11-18,C4740,Mumbai Tadka,Burger,831,33,3.9,Cash,Mumbai - Powai,Delivered
104716,2026-02-06,C8709,Andheri Kitchen,Biryani,1721,38,4.1,UPI,Mumbai - Dadar,Delayed
104717,2025-01-27,C7653,Thane Treats,Beverages,1457,72,4.7,Debit Card,Mumbai - Andheri,Delivered
104718,2026-02-01,C7348,Malad Food Hub,Beverages,155,77,4.8,Debit Card,Mumbai - Dadar,Delayed
104719,2025-11-22,C7973,Colaba Cafe,Desserts,436,44,4.6,Cash,Mumbai - Vashi,Cancelled
104720,2026-04-07,C9686,Malad Food Hub,Healthy Food,1312,73,4.0,Cash,Mumbai - Andheri,Delivered
104721,2025-12-24,C2045,Ghatkopar Grill,South Indian,1589,46,5.0,UPI,Mumbai - Kurla,Delivered
104722,2026-03-22,C2087,Marine Drive Meals,Healthy Food,343,20,3.9,Debit Card,Mumbai - Kurla,Cancelled
104723,2025-01-03,C9463,Chembur Spice House,Beverages,250,15,3.7,Debit Card,Mumbai - Kurla,Cancelled
104724,2025-04-29,C7091,Chembur Spice House,North Indian,221,81,4.3,Debit Card,Mumbai - Andheri,Cancelled
104725,2025-01-12,C3382,Bandra Bites,Beverages,849,62,2.8,Credit Card,Mumbai - Kurla,Delivered
104726,2025-11-04,C8400,Malad Food Hub,Chinese,520,64,2.7,Debit Card,Mumbai - Andheri,Delivered
104727,2026-04-13,C3372,Andheri Kitchen,Biryani,1736,46,4.4,Cash,Mumbai - Powai,Delivered
104728,2025-03-06,C9726,Borivali Bistro,Pizza,679,67,4.5,Credit Card,Mumbai - Borivali,Delayed
104729,2026-04-06,C7353,Borivali Bistro,Burger,525,44,3.1,Cash,Mumbai - Thane,Delivered
104730,2026-01-26,C9983,Andheri Kitchen,South Indian,1438,16,3.0,UPI,Mumbai - Mulund,Cancelled
104731,2025-09-15,C7932,Bandra Bites,Beverages,1201,34,3.5,Credit Card,Mumbai - Andheri,Delivered
104732,2025-12-05,C7564,Colaba Cafe,Desserts,1368,60,2.5,Cash,Mumbai - Mulund,Cancelled
104733,2025-06-28,C1622,Kurla Kitchen,Healthy Food,1116,35,4.9,UPI,Mumbai - Vashi,Delivered
104734,2025-01-15,C2960,Borivali Bistro,Beverages,623,41,3.0,Debit Card,Mumbai - Andheri,Delivered
104735,2025-08-27,C9996,Chembur Spice House,South Indian,1648,41,4.1,Wallet,Mumbai - Colaba,Cancelled
104736,2026-02-07,C3853,Borivali Bistro,North Indian,1279,58,4.9,Debit Card,Mumbai - Vashi,Delivered
104737,2026-05-27,C6493,Thane Treats,Pizza,1225,78,4.3,Debit Card,Mumbai - Borivali,Delivered
104738,2026-06-22,C1707,Dadar Darbar,Biryani,837,20,2.9,Wallet,Mumbai - Andheri,Cancelled
104739,2025-05-15,C9789,Chembur Spice House,Healthy Food,1378,19,3.3,Credit Card,Mumbai - Bandra,Cancelled
104740,2026-03-30,C5833,Powai Plates,Burger,1659,72,5.0,Debit Card,Mumbai - Colaba,Delivered
104741,2025-10-18,C8370,Mumbai Tadka,Pizza,1096,46,2.5,Debit Card,Mumbai - Chembur,Delivered
104742,2026-06-13,C8462,Dadar Darbar,Healthy Food,1332,76,4.2,Credit Card,Mumbai - Andheri,Delivered
104743,2026-06-08,C9923,Kurla Kitchen,Chinese,1009,77,2.7,Cash,Mumbai - Dadar,Delivered
104744,2025-09-01,C6286,Thane Treats,Chinese,1163,35,4.6,Credit Card,Mumbai - Vashi,Delivered
104745,2025-06-08,C5202,Mumbai Tadka,Chinese,1737,64,3.5,Debit Card,Mumbai - Powai,Cancelled
104746,2025-08-21,C1536,Powai Plates,Biryani,427,80,4.2,UPI,Mumbai - Borivali,Delivered
104747,2026-02-19,C9762,Kurla Kitchen,Desserts,261,20,3.8,Debit Card,Mumbai - Vashi,Delivered
104748,2025-07-04,C3927,Dadar Darbar,Biryani,1623,80,2.9,UPI,Mumbai - Colaba,Delivered
104749,2025-12-11,C7274,Thane Treats,Desserts,511,20,4.4,Cash,Mumbai - Dadar,Cancelled
104750,2025-01-15,C4903,Borivali Bistro,Chinese,979,80,4.1,UPI,Mumbai - Ghatkopar,Delivered
104751,2026-03-05,C7921,Malad Food Hub,Burger,1364,36,4.1,UPI,Mumbai - Bandra,Delivered
104752,2025-12-21,C3554,Thane Treats,Chinese,194,61,3.1,Debit Card,Mumbai - Thane,Cancelled
104753,2025-11-10,C6225,Thane Treats,Chinese,1380,84,3.7,Cash,Mumbai - Malad,Delivered
104754,2025-06-10,C7513,Chembur Spice House,Burger,1644,63,4.7,Debit Card,Mumbai - Malad,Delivered
104755,2026-01-11,C9904,Kurla Kitchen,North Indian,403,58,3.1,Cash,Mumbai - Mulund,Delivered
104756,2026-05-03,C1455,Andheri Kitchen,Beverages,324,60,3.4,Credit Card,Mumbai - Ghatkopar,Delivered
104757,2025-04-07,C7149,Borivali Bistro,Burger,970,33,4.1,Debit Card,Mumbai - Bandra,Cancelled
104758,2025-05-22,C6141,Marine Drive Meals,Biryani,1287,64,3.6,Cash,Mumbai - Colaba,Delivered
104759,2025-04-05,C4092,Andheri Kitchen,Pizza,786,44,3.5,UPI,Mumbai - Vashi,Delivered
104760,2025-10-06,C4846,Bandra Bites,Chinese,722,54,4.1,Wallet,Mumbai - Thane,Delivered
104761,2026-03-03,C5842,Bandra Bites,Pizza,1312,22,2.6,Wallet,Mumbai - Powai,Cancelled
104762,2025-07-31,C1147,Vashi Veg Corner,Burger,1433,28,3.3,Debit Card,Mumbai - Colaba,Delivered
104763,2026-02-03,C8616,Malad Food Hub,Beverages,1133,39,4.9,Wallet,Mumbai - Chembur,Delivered
104764,2025-01-07,C3972,Malad Food Hub,North Indian,1059,29,4.9,Cash,Mumbai - Borivali,Cancelled
104765,2026-01-02,C4844,Borivali Bistro,Desserts,1789,46,3.5,UPI,Mumbai - Ghatkopar,Cancelled
104766,2025-02-18,C9317,Kurla Kitchen,South Indian,1186,19,3.4,Cash,Mumbai - Colaba,Delivered
104767,2025-12-24,C9471,Ghatkopar Grill,Biryani,1709,25,4.2,Wallet,Mumbai - Mulund,Cancelled
104768,2025-10-20,C6429,Colaba Cafe,Healthy Food,1423,57,3.6,UPI,Mumbai - Kurla,Delivered
104769,2025-04-18,C2794,Vashi Veg Corner,Beverages,766,78,3.6,Cash,Mumbai - Borivali,Delivered
104770,2025-09-21,C7673,Vashi Veg Corner,Biryani,1354,83,3.7,Credit Card,Mumbai - Thane,Cancelled
104771,2026-05-25,C8717,Dadar Darbar,Chinese,928,27,4.6,Credit Card,Mumbai - Vashi,Delayed
104772,2025-03-18,C3292,Malad Food Hub,Biryani,835,52,4.6,Debit Card,Mumbai - Powai,Delayed
104773,2025-03-14,C1637,Ghatkopar Grill,Desserts,629,26,4.1,Debit Card,Mumbai - Andheri,Delayed
104774,2025-07-17,C4375,Ghatkopar Grill,Beverages,1292,65,4.7,UPI,Mumbai - Kurla,Delivered
104775,2025-05-02,C7933,Kurla Kitchen,Biryani,525,66,4.3,UPI,Mumbai - Andheri,Delivered
104776,2025-11-22,C7844,Dadar Darbar,North Indian,1531,31,3.3,UPI,Mumbai - Dadar,Delivered
104777,2025-08-04,C2540,Vashi Veg Corner,Beverages,749,52,3.3,UPI,Mumbai - Malad,Delayed
104778,2025-07-23,C6303,Chembur Spice House,South Indian,281,34,3.4,Wallet,Mumbai - Vashi,Delivered
104779,2025-10-27,C9055,Colaba Cafe,Beverages,565,81,4.0,UPI,Mumbai - Mulund,Delivered
104780,2025-11-23,C2682,Colaba Cafe,Desserts,495,40,4.8,Credit Card,Mumbai - Kurla,Delivered
104781,2026-06-25,C7444,Marine Drive Meals,Healthy Food,372,79,3.8,Cash,Mumbai - Powai,Delayed
104782,2026-05-16,C6915,Bandra Bites,South Indian,201,51,3.3,Credit Card,Mumbai - Thane,Delayed
104783,2025-10-16,C5452,Malad Food Hub,Beverages,368,36,3.0,UPI,Mumbai - Dadar,Cancelled
104784,2025-07-16,C7118,Thane Treats,South Indian,1344,85,4.7,Credit Card,Mumbai - Chembur,Cancelled
104785,2025-08-04,C5015,Borivali Bistro,Biryani,512,74,4.6,Cash,Mumbai - Andheri,Delivered
104786,2025-10-22,C2600,Thane Treats,North Indian,1291,83,3.1,Credit Card,Mumbai - Andheri,Cancelled
104787,2026-01-21,C6660,Andheri Kitchen,Burger,896,82,3.1,Credit Card,Mumbai - Malad,Delayed
104788,2025-06-05,C2064,Colaba Cafe,Desserts,1029,71,3.2,Wallet,Mumbai - Bandra,Delivered
104789,2025-08-24,C4038,Kurla Kitchen,South Indian,1551,66,4.7,UPI,Mumbai - Andheri,Delayed
104790,2026-06-23,C8784,Borivali Bistro,North Indian,367,39,3.7,Credit Card,Mumbai - Malad,Delayed
104791,2025-02-22,C9158,Mumbai Tadka,Burger,1064,54,3.7,Wallet,Mumbai - Borivali,Delivered
104792,2026-04-05,C7794,Powai Plates,North Indian,963,56,4.5,Credit Card,Mumbai - Andheri,Delivered
104793,2025-11-05,C9316,Colaba Cafe,Healthy Food,1221,72,2.6,Credit Card,Mumbai - Andheri,Delivered
104794,2025-07-04,C2837,Powai Plates,South Indian,539,71,4.5,UPI,Mumbai - Andheri,Cancelled
104795,2026-06-01,C1932,Thane Treats,Chinese,473,25,4.8,Credit Card,Mumbai - Colaba,Delayed
104796,2026-05-25,C1448,Bandra Bites,Desserts,836,27,2.7,Debit Card,Mumbai - Borivali,Delivered
104797,2025-12-10,C3798,Andheri Kitchen,Burger,620,85,3.2,Debit Card,Mumbai - Mulund,Cancelled
104798,2025-10-03,C8792,Ghatkopar Grill,Pizza,1547,66,3.0,UPI,Mumbai - Colaba,Delivered
104799,2026-04-21,C2305,Borivali Bistro,Beverages,601,69,4.1,Cash,Mumbai - Thane,Cancelled
104800,2025-11-11,C3961,Marine Drive Meals,North Indian,287,36,4.6,Credit Card,Mumbai - Andheri,Delivered
104801,2026-02-13,C2677,Thane Treats,Pizza,1377,49,3.0,Wallet,Mumbai - Ghatkopar,Cancelled
104802,2025-08-15,C9046,Ghatkopar Grill,Biryani,502,30,2.7,Credit Card,Mumbai - Vashi,Delayed
104803,2026-03-11,C3517,Dadar Darbar,Beverages,413,45,3.1,Wallet,Mumbai - Chembur,Delivered
104804,2026-04-05,C1247,Andheri Kitchen,Beverages,355,73,4.1,UPI,Mumbai - Borivali,Delivered
104805,2025-06-13,C8435,Malad Food Hub,North Indian,788,36,2.9,Debit Card,Mumbai - Thane,Delivered
104806,2025-02-09,C2832,Vashi Veg Corner,North Indian,1517,49,4.4,Credit Card,Mumbai - Vashi,Delivered
104807,2026-04-14,C9350,Powai Plates,Desserts,556,26,3.8,Credit Card,Mumbai - Kurla,Delayed
104808,2025-10-31,C2687,Borivali Bistro,Healthy Food,1456,18,3.8,Cash,Mumbai - Malad,Cancelled
104809,2025-09-24,C9051,Powai Plates,Desserts,867,24,3.2,Credit Card,Mumbai - Bandra,Delayed
104810,2025-08-09,C1562,Andheri Kitchen,Chinese,891,61,3.4,Credit Card,Mumbai - Thane,Cancelled
104811,2025-11-07,C1707,Dadar Darbar,Pizza,857,16,3.2,UPI,Mumbai - Thane,Delivered
104812,2025-09-06,C3600,Mumbai Tadka,North Indian,1267,18,4.9,Credit Card,Mumbai - Malad,Delivered
104813,2025-04-06,C1741,Bandra Bites,Chinese,337,83,3.3,Wallet,Mumbai - Thane,Cancelled
104814,2025-08-01,C9458,Chembur Spice House,Chinese,1660,48,3.5,Debit Card,Mumbai - Powai,Delivered
104815,2025-05-14,C8077,Vashi Veg Corner,Pizza,1405,67,3.5,Debit Card,Mumbai - Kurla,Delayed
104816,2025-03-08,C1813,Dadar Darbar,Desserts,1755,22,3.1,Cash,Mumbai - Borivali,Delivered
104817,2026-06-07,C8197,Mumbai Tadka,Beverages,1503,64,4.4,Debit Card,Mumbai - Colaba,Delivered
104818,2025-01-31,C2099,Thane Treats,North Indian,793,24,2.9,Debit Card,Mumbai - Powai,Delayed
104819,2025-02-10,C3088,Ghatkopar Grill,Biryani,1537,18,3.3,Wallet,Mumbai - Ghatkopar,Delivered
104820,2025-05-04,C1718,Mumbai Tadka,Desserts,301,52,3.2,Cash,Mumbai - Kurla,Delayed
104821,2025-05-01,C1862,Borivali Bistro,Burger,887,60,4.9,Wallet,Mumbai - Borivali,Delivered
104822,2025-09-08,C1783,Vashi Veg Corner,Biryani,973,69,4.6,UPI,Mumbai - Borivali,Cancelled
104823,2026-06-22,C7685,Mumbai Tadka,Desserts,591,38,3.2,Credit Card,Mumbai - Mulund,Delivered
104824,2025-01-15,C1565,Malad Food Hub,South Indian,361,37,3.2,Wallet,Mumbai - Andheri,Cancelled
104825,2025-05-19,C6374,Andheri Kitchen,Desserts,866,64,4.3,Debit Card,Mumbai - Chembur,Delivered
104826,2025-01-21,C2868,Chembur Spice House,Beverages,573,66,2.8,Cash,Mumbai - Kurla,Cancelled
104827,2025-12-26,C3099,Colaba Cafe,Beverages,1690,53,4.3,Wallet,Mumbai - Malad,Delivered
104828,2025-09-12,C4551,Chembur Spice House,Beverages,1252,38,5.0,UPI,Mumbai - Borivali,Delivered
104829,2026-05-03,C3197,Dadar Darbar,North Indian,1268,68,3.8,Debit Card,Mumbai - Dadar,Delivered
104830,2026-05-07,C2033,Ghatkopar Grill,Pizza,576,23,3.4,UPI,Mumbai - Chembur,Delivered
104831,2025-09-06,C9444,Kurla Kitchen,Desserts,1713,48,3.9,Debit Card,Mumbai - Andheri,Delivered
104832,2025-05-13,C6957,Mumbai Tadka,Desserts,410,22,2.7,Debit Card,Mumbai - Andheri,Delayed
104833,2025-11-23,C6002,Thane Treats,Burger,1674,70,3.7,Cash,Mumbai - Andheri,Cancelled
104834,2025-10-11,C2665,Mumbai Tadka,Desserts,892,79,2.6,Wallet,Mumbai - Mulund,Delivered
104835,2025-07-06,C2994,Dadar Darbar,Pizza,1445,62,3.4,Cash,Mumbai - Thane,Delivered
104836,2026-02-06,C4643,Dadar Darbar,Healthy Food,1630,59,2.9,Credit Card,Mumbai - Powai,Delayed
104837,2025-04-29,C4539,Marine Drive Meals,Pizza,150,60,3.3,Wallet,Mumbai - Borivali,Delivered
104838,2025-01-02,C4429,Bandra Bites,Biryani,1390,53,3.6,UPI,Mumbai - Powai,Delayed
104839,2026-06-09,C3640,Ghatkopar Grill,Healthy Food,1414,41,4.0,Wallet,Mumbai - Powai,Delivered
104840,2025-08-11,C4460,Malad Food Hub,North Indian,480,33,3.3,Cash,Mumbai - Malad,Delivered
104841,2025-07-30,C9794,Ghatkopar Grill,Healthy Food,1628,28,4.5,Cash,Mumbai - Malad,Cancelled
104842,2026-01-27,C4759,Powai Plates,Healthy Food,311,39,3.7,Debit Card,Mumbai - Ghatkopar,Delivered
104843,2026-01-11,C5175,Borivali Bistro,North Indian,808,32,4.8,Wallet,Mumbai - Kurla,Delayed
104844,2025-04-22,C3405,Chembur Spice House,North Indian,872,22,4.1,Wallet,Mumbai - Andheri,Delayed
104845,2026-04-10,C8444,Thane Treats,Beverages,434,61,2.7,Cash,Mumbai - Borivali,Delivered
104846,2025-02-03,C6094,Vashi Veg Corner,Biryani,313,57,5.0,UPI,Mumbai - Malad,Delivered
104847,2026-03-27,C2541,Powai Plates,Biryani,734,65,2.7,Credit Card,Mumbai - Kurla,Delivered
104848,2026-01-29,C3601,Bandra Bites,Burger,1781,68,3.8,Credit Card,Mumbai - Andheri,Delivered
104849,2025-05-07,C5859,Dadar Darbar,Biryani,419,81,4.6,Credit Card,Mumbai - Ghatkopar,Delayed
104850,2025-12-11,C1897,Colaba Cafe,Chinese,1664,71,2.8,Cash,Mumbai - Malad,Delayed
104851,2025-07-25,C5177,Colaba Cafe,Beverages,783,58,3.7,Wallet,Mumbai - Andheri,Delayed
104852,2025-02-17,C5218,Borivali Bistro,Desserts,1220,27,2.7,Credit Card,Mumbai - Ghatkopar,Delivered
104853,2026-02-12,C9770,Kurla Kitchen,Healthy Food,1579,62,4.8,Debit Card,Mumbai - Colaba,Cancelled
104854,2026-05-12,C2980,Dadar Darbar,Healthy Food,1452,52,3.7,Wallet,Mumbai - Vashi,Delivered
104855,2026-05-30,C5078,Malad Food Hub,Burger,821,27,2.8,Debit Card,Mumbai - Chembur,Cancelled
104856,2025-07-26,C9676,Powai Plates,Biryani,411,28,2.5,Wallet,Mumbai - Borivali,Delivered
104857,2026-03-11,C1335,Powai Plates,Chinese,1549,59,3.5,UPI,Mumbai - Kurla,Delivered
104858,2025-06-28,C4840,Colaba Cafe,Pizza,1645,43,4.6,Wallet,Mumbai - Vashi,Delivered
104859,2025-06-14,C8400,Vashi Veg Corner,Biryani,1551,40,4.3,UPI,Mumbai - Colaba,Delayed
104860,2025-06-28,C6779,Bandra Bites,Pizza,834,29,2.7,Debit Card,Mumbai - Dadar,Delivered
104861,2025-07-03,C6483,Marine Drive Meals,Healthy Food,879,33,4.9,UPI,Mumbai - Vashi,Cancelled
104862,2025-07-20,C5203,Bandra Bites,Chinese,701,38,4.2,Credit Card,Mumbai - Kurla,Cancelled
104863,2025-06-20,C3257,Thane Treats,North Indian,1414,68,4.8,UPI,Mumbai - Andheri,Delivered
104864,2025-01-16,C9665,Colaba Cafe,North Indian,175,62,2.7,Credit Card,Mumbai - Vashi,Delivered
104865,2026-06-20,C8278,Andheri Kitchen,Pizza,1330,57,4.3,Cash,Mumbai - Dadar,Cancelled
104866,2025-09-17,C8108,Andheri Kitchen,South Indian,1518,59,3.0,UPI,Mumbai - Dadar,Delayed
104867,2026-04-23,C6798,Chembur Spice House,Pizza,948,19,3.0,Cash,Mumbai - Borivali,Delivered
104868,2025-07-19,C5887,Bandra Bites,Beverages,576,39,2.8,Debit Card,Mumbai - Powai,Delivered
104869,2026-05-02,C7210,Thane Treats,Desserts,244,44,2.8,Debit Card,Mumbai - Borivali,Delivered
104870,2026-03-25,C9950,Bandra Bites,Burger,827,31,4.5,Cash,Mumbai - Andheri,Delivered
104871,2025-02-21,C2051,Vashi Veg Corner,North Indian,238,36,3.6,Wallet,Mumbai - Colaba,Delayed
104872,2025-06-14,C8060,Colaba Cafe,Beverages,855,37,4.0,UPI,Mumbai - Andheri,Delivered
104873,2026-06-06,C9329,Thane Treats,South Indian,869,62,3.0,Debit Card,Mumbai - Andheri,Cancelled
104874,2025-08-14,C6007,Borivali Bistro,Pizza,1499,38,4.5,UPI,Mumbai - Andheri,Delivered
104875,2025-09-04,C1788,Chembur Spice House,South Indian,1442,32,4.1,Wallet,Mumbai - Andheri,Cancelled
104876,2025-06-19,C4968,Vashi Veg Corner,South Indian,1500,48,4.7,Credit Card,Mumbai - Mulund,Delivered
104877,2026-01-25,C5248,Vashi Veg Corner,Beverages,772,64,2.6,Wallet,Mumbai - Vashi,Delivered
104878,2025-08-28,C1660,Vashi Veg Corner,Chinese,789,81,4.3,Debit Card,Mumbai - Vashi,Delivered
104879,2025-12-17,C8078,Andheri Kitchen,Beverages,988,23,4.6,Cash,Mumbai - Ghatkopar,Cancelled
104880,2025-12-22,C9388,Mumbai Tadka,Pizza,1640,41,2.8,Cash,Mumbai - Kurla,Delayed
104881,2026-05-23,C1751,Colaba Cafe,Healthy Food,1321,25,3.7,Cash,Mumbai - Dadar,Delivered
104882,2026-01-06,C8933,Marine Drive Meals,Desserts,1587,51,4.8,UPI,Mumbai - Chembur,Delivered
104883,2025-04-27,C5227,Dadar Darbar,South Indian,125,37,2.7,UPI,Mumbai - Ghatkopar,Delayed
104884,2025-08-07,C7035,Ghatkopar Grill,Pizza,662,76,3.1,Wallet,Mumbai - Kurla,Cancelled
104885,2025-07-05,C6296,Andheri Kitchen,Burger,1463,75,2.7,Wallet,Mumbai - Dadar,Delivered
104886,2025-09-10,C7694,Vashi Veg Corner,Chinese,1347,30,4.8,Cash,Mumbai - Borivali,Delivered
104887,2026-03-04,C3207,Marine Drive Meals,Burger,830,82,2.9,Debit Card,Mumbai - Colaba,Delivered
104888,2025-09-13,C4054,Chembur Spice House,South Indian,1653,82,4.5,Cash,Mumbai - Thane,Delivered
104889,2026-01-26,C7337,Mumbai Tadka,South Indian,1399,21,3.4,Debit Card,Mumbai - Thane,Cancelled
104890,2025-03-28,C2885,Andheri Kitchen,Beverages,100,24,3.8,Wallet,Mumbai - Borivali,Cancelled
104891,2025-03-14,C5261,Ghatkopar Grill,Beverages,799,74,4.5,Debit Card,Mumbai - Borivali,Delayed
104892,2025-10-28,C6316,Mumbai Tadka,Burger,1738,33,3.9,UPI,Mumbai - Colaba,Delivered
104893,2026-01-25,C7597,Powai Plates,Pizza,820,81,4.9,Credit Card,Mumbai - Powai,Delivered
104894,2026-06-25,C3293,Andheri Kitchen,Desserts,1651,43,3.2,Debit Card,Mumbai - Malad,Delayed
104895,2025-09-07,C6688,Marine Drive Meals,Beverages,1586,67,2.6,Credit Card,Mumbai - Ghatkopar,Delivered
104896,2025-04-03,C5438,Thane Treats,South Indian,129,60,3.9,Debit Card,Mumbai - Borivali,Delivered
104897,2025-11-07,C1211,Andheri Kitchen,Beverages,804,66,4.6,Cash,Mumbai - Colaba,Delayed
104898,2026-04-03,C7071,Powai Plates,South Indian,418,47,2.8,UPI,Mumbai - Dadar,Delivered
104899,2025-01-13,C3903,Kurla Kitchen,Beverages,875,41,4.7,Credit Card,Mumbai - Ghatkopar,Delivered
104900,2026-02-10,C8836,Bandra Bites,Beverages,537,67,4.2,UPI,Mumbai - Colaba,Delivered
104901,2025-11-18,C8946,Marine Drive Meals,Healthy Food,584,56,3.2,Credit Card,Mumbai - Dadar,Delivered
104902,2025-12-01,C4308,Kurla Kitchen,Healthy Food,1126,27,4.4,UPI,Mumbai - Kurla,Cancelled
104903,2026-06-13,C6629,Kurla Kitchen,North Indian,1701,81,3.0,Credit Card,Mumbai - Bandra,Delivered
104904,2025-12-21,C8412,Borivali Bistro,Chinese,750,82,3.1,Cash,Mumbai - Dadar,Cancelled
104905,2026-03-05,C7468,Andheri Kitchen,North Indian,1332,25,4.3,Credit Card,Mumbai - Malad,Delivered
104906,2026-01-24,C4576,Powai Plates,Biryani,777,81,3.3,Cash,Mumbai - Bandra,Delivered
104907,2025-01-18,C9061,Powai Plates,Biryani,984,17,4.8,Cash,Mumbai - Kurla,Delivered
104908,2025-11-15,C6976,Chembur Spice House,Healthy Food,1743,75,4.5,Wallet,Mumbai - Borivali,Delayed
104909,2025-11-03,C1754,Borivali Bistro,South Indian,537,22,3.4,Debit Card,Mumbai - Powai,Delivered
104910,2025-03-29,C6493,Borivali Bistro,Biryani,495,50,3.4,Debit Card,Mumbai - Malad,Delivered
104911,2026-06-13,C1849,Malad Food Hub,South Indian,262,44,4.7,Cash,Mumbai - Chembur,Delivered
104912,2025-02-16,C6047,Malad Food Hub,Healthy Food,1691,75,2.5,Cash,Mumbai - Dadar,Delivered
104913,2025-11-27,C7153,Andheri Kitchen,South Indian,1387,41,2.7,Credit Card,Mumbai - Powai,Delivered
104914,2026-03-13,C5606,Malad Food Hub,North Indian,1101,70,4.4,Wallet,Mumbai - Chembur,Delivered
104915,2026-01-23,C9153,Andheri Kitchen,Biryani,198,82,3.7,Cash,Mumbai - Borivali,Delivered
104916,2025-05-21,C8052,Marine Drive Meals,Biryani,439,49,2.8,Credit Card,Mumbai - Dadar,Delivered
104917,2025-01-23,C4370,Colaba Cafe,Burger,1782,58,2.6,Credit Card,Mumbai - Bandra,Delivered
104918,2025-03-25,C6961,Malad Food Hub,Desserts,1550,15,3.4,Credit Card,Mumbai - Colaba,Delivered
104919,2025-11-04,C7821,Ghatkopar Grill,South Indian,915,66,4.9,Wallet,Mumbai - Chembur,Delivered
104920,2026-05-10,C6224,Andheri Kitchen,Desserts,986,34,3.7,Debit Card,Mumbai - Borivali,Delivered
104921,2025-12-29,C1235,Malad Food Hub,Desserts,783,39,5.0,Credit Card,Mumbai - Borivali,Delivered
104922,2025-08-18,C9107,Mumbai Tadka,South Indian,784,31,4.1,UPI,Mumbai - Chembur,Delivered
104923,2025-05-18,C1535,Andheri Kitchen,Healthy Food,1649,60,3.6,Wallet,Mumbai - Ghatkopar,Delivered
104924,2026-04-06,C7770,Powai Plates,North Indian,975,64,3.7,Cash,Mumbai - Andheri,Cancelled
104925,2026-05-23,C4481,Vashi Veg Corner,Pizza,676,30,4.8,UPI,Mumbai - Kurla,Delivered
104926,2026-03-14,C6177,Marine Drive Meals,Burger,840,17,4.4,Credit Card,Mumbai - Colaba,Delivered
104927,2025-05-20,C5898,Colaba Cafe,Biryani,214,81,2.7,Wallet,Mumbai - Malad,Cancelled
104928,2026-05-26,C2760,Ghatkopar Grill,Healthy Food,850,73,4.5,Debit Card,Mumbai - Vashi,Delayed
104929,2025-01-03,C9603,Chembur Spice House,Burger,784,53,4.2,Wallet,Mumbai - Andheri,Delivered
104930,2026-02-07,C8907,Chembur Spice House,Burger,181,25,4.1,Debit Card,Mumbai - Ghatkopar,Delayed
104931,2025-05-14,C5765,Dadar Darbar,Pizza,1114,51,4.9,UPI,Mumbai - Thane,Delivered
104932,2025-05-08,C3773,Marine Drive Meals,South Indian,1658,63,3.0,Wallet,Mumbai - Dadar,Delivered
104933,2025-12-10,C5665,Powai Plates,Beverages,1661,54,2.8,Debit Card,Mumbai - Andheri,Delayed
104934,2026-06-09,C8944,Colaba Cafe,Burger,1354,49,3.9,Credit Card,Mumbai - Powai,Delivered
104935,2025-08-10,C4208,Malad Food Hub,Burger,469,63,2.8,Wallet,Mumbai - Thane,Delayed
104936,2026-06-10,C6289,Bandra Bites,Beverages,1167,54,4.6,Cash,Mumbai - Chembur,Cancelled
104937,2025-12-15,C5816,Colaba Cafe,Biryani,153,82,3.0,Cash,Mumbai - Chembur,Delivered
104938,2025-12-19,C9578,Powai Plates,Healthy Food,224,42,3.8,Wallet,Mumbai - Powai,Delivered
104939,2025-04-07,C2080,Thane Treats,South Indian,289,71,3.9,Wallet,Mumbai - Mulund,Delivered
104940,2025-08-16,C9340,Thane Treats,Desserts,1240,37,3.8,Debit Card,Mumbai - Bandra,Delivered
104941,2026-04-18,C1653,Thane Treats,South Indian,482,32,3.2,Cash,Mumbai - Kurla,Delivered
104942,2025-03-17,C5286,Kurla Kitchen,Pizza,544,74,3.3,Credit Card,Mumbai - Borivali,Delivered
104943,2025-12-06,C9733,Colaba Cafe,Pizza,389,73,3.4,Debit Card,Mumbai - Andheri,Delivered
104944,2025-08-28,C1258,Colaba Cafe,Beverages,1376,15,4.4,Cash,Mumbai - Malad,Delivered
104945,2025-12-17,C2937,Bandra Bites,Healthy Food,1754,52,3.9,Debit Card,Mumbai - Borivali,Delivered
104946,2025-07-10,C4246,Dadar Darbar,Biryani,881,25,4.2,Credit Card,Mumbai - Malad,Delivered
104947,2025-10-16,C7901,Thane Treats,Desserts,1354,79,2.5,UPI,Mumbai - Dadar,Delayed
104948,2026-01-19,C9914,Vashi Veg Corner,Healthy Food,198,68,2.8,UPI,Mumbai - Thane,Delivered
104949,2025-11-14,C3668,Chembur Spice House,Chinese,1270,48,3.3,Wallet,Mumbai - Thane,Delivered
104950,2025-08-06,C6239,Malad Food Hub,Beverages,599,51,4.1,Cash,Mumbai - Malad,Delayed
104951,2026-05-11,C7861,Borivali Bistro,Healthy Food,1639,47,3.5,Debit Card,Mumbai - Thane,Delayed
104952,2025-03-01,C6223,Andheri Kitchen,South Indian,1446,64,3.0,Credit Card,Mumbai - Vashi,Delivered
104953,2025-03-21,C4556,Dadar Darbar,South Indian,344,60,2.7,Debit Card,Mumbai - Thane,Cancelled
104954,2025-05-29,C5548,Andheri Kitchen,Beverages,1543,81,4.8,Debit Card,Mumbai - Thane,Delivered
104955,2026-04-21,C6113,Vashi Veg Corner,Beverages,1209,55,3.6,Wallet,Mumbai - Ghatkopar,Delivered
104956,2025-06-23,C4119,Colaba Cafe,North Indian,226,64,4.3,Credit Card,Mumbai - Colaba,Delayed
104957,2025-02-23,C2157,Colaba Cafe,North Indian,600,21,4.5,Wallet,Mumbai - Ghatkopar,Delayed
104958,2025-05-26,C7592,Thane Treats,Burger,724,26,3.6,Wallet,Mumbai - Kurla,Delivered
104959,2026-06-23,C9336,Vashi Veg Corner,North Indian,979,18,2.7,Debit Card,Mumbai - Vashi,Delivered
104960,2025-08-20,C8812,Colaba Cafe,Desserts,192,62,4.7,UPI,Mumbai - Vashi,Delivered
104961,2026-03-09,C4059,Dadar Darbar,Desserts,1089,37,4.6,Debit Card,Mumbai - Chembur,Delivered
104962,2026-02-16,C5015,Dadar Darbar,Burger,642,74,4.7,Wallet,Mumbai - Borivali,Delivered
104963,2025-04-07,C2522,Powai Plates,Pizza,1179,23,4.8,Credit Card,Mumbai - Kurla,Cancelled
104964,2025-03-23,C4436,Dadar Darbar,South Indian,1277,59,2.5,Cash,Mumbai - Borivali,Delayed
104965,2026-03-04,C1243,Thane Treats,Healthy Food,1260,85,3.8,UPI,Mumbai - Vashi,Delayed
104966,2025-05-04,C8362,Thane Treats,Burger,635,35,4.2,Cash,Mumbai - Vashi,Delivered
104967,2025-11-05,C5724,Thane Treats,Burger,1205,23,2.7,Debit Card,Mumbai - Chembur,Delayed
104968,2026-05-17,C4794,Powai Plates,Healthy Food,1454,26,3.5,Debit Card,Mumbai - Powai,Cancelled
104969,2026-06-08,C3519,Thane Treats,South Indian,661,49,4.3,Credit Card,Mumbai - Ghatkopar,Cancelled
104970,2025-09-04,C4923,Chembur Spice House,North Indian,161,38,4.2,Cash,Mumbai - Thane,Cancelled
104971,2026-04-22,C4990,Vashi Veg Corner,Biryani,1398,45,3.8,Credit Card,Mumbai - Colaba,Delivered
104972,2025-10-25,C4517,Dadar Darbar,South Indian,1797,42,4.8,UPI,Mumbai - Borivali,Cancelled
104973,2026-04-15,C4101,Dadar Darbar,Beverages,1587,55,4.1,Credit Card,Mumbai - Thane,Delayed
104974,2025-02-14,C6046,Chembur Spice House,Burger,1417,21,4.8,Credit Card,Mumbai - Powai,Cancelled
104975,2026-04-01,C9628,Bandra Bites,Pizza,662,81,4.3,Debit Card,Mumbai - Dadar,Delivered
104976,2025-07-28,C4823,Malad Food Hub,Biryani,224,48,2.7,Wallet,Mumbai - Powai,Delivered
104977,2025-10-21,C3541,Mumbai Tadka,Desserts,323,83,4.3,UPI,Mumbai - Vashi,Cancelled
104978,2025-10-16,C3803,Andheri Kitchen,Pizza,553,57,3.3,Cash,Mumbai - Andheri,Delivered
104979,2026-02-25,C8287,Mumbai Tadka,South Indian,1658,41,4.2,Wallet,Mumbai - Mulund,Delivered
104980,2025-10-11,C8943,Thane Treats,Biryani,855,59,4.6,Cash,Mumbai - Bandra,Delivered
104981,2025-10-23,C1936,Kurla Kitchen,South Indian,417,80,3.3,Wallet,Mumbai - Vashi,Delivered
104982,2026-05-23,C4592,Andheri Kitchen,Desserts,1181,46,4.5,Cash,Mumbai - Colaba,Delayed
104983,2025-11-15,C5472,Dadar Darbar,North Indian,733,33,4.8,Wallet,Mumbai - Colaba,Delayed
104984,2026-04-04,C3087,Colaba Cafe,Healthy Food,824,61,3.8,Credit Card,Mumbai - Bandra,Delayed
104985,2025-11-01,C6678,Borivali Bistro,Beverages,1440,33,5.0,Cash,Mumbai - Borivali,Cancelled
104986,2025-02-26,C7160,Colaba Cafe,Beverages,500,26,3.8,Wallet,Mumbai - Mulund,Delivered
104987,2025-08-08,C9586,Chembur Spice House,Chinese,1576,16,4.3,Cash,Mumbai - Borivali,Delivered
104988,2025-05-18,C3355,Dadar Darbar,Healthy Food,1487,30,3.2,Debit Card,Mumbai - Chembur,Delivered
104989,2026-06-05,C7755,Mumbai Tadka,Desserts,500,20,3.6,Credit Card,Mumbai - Ghatkopar,Delivered
104990,2025-02-06,C9558,Dadar Darbar,Healthy Food,162,45,2.6,Debit Card,Mumbai - Thane,Delayed
104991,2025-03-01,C2176,Kurla Kitchen,Burger,1303,20,4.4,Credit Card,Mumbai - Colaba,Cancelled
104992,2026-01-07,C5601,Chembur Spice House,Healthy Food,1446,16,3.6,Wallet,Mumbai - Mulund,Cancelled
104993,2026-01-01,C5262,Colaba Cafe,North Indian,305,56,3.2,UPI,Mumbai - Mulund,Delivered
104994,2025-09-13,C3962,Borivali Bistro,North Indian,1607,69,4.8,UPI,Mumbai - Chembur,Delivered
104995,2026-04-28,C2510,Kurla Kitchen,North Indian,1278,57,4.3,UPI,Mumbai - Dadar,Delayed
104996,2025-10-14,C4977,Mumbai Tadka,Chinese,179,47,2.7,Credit Card,Mumbai - Thane,Delivered
104997,2025-08-24,C2322,Ghatkopar Grill,Pizza,1749,44,3.3,Wallet,Mumbai - Vashi,Delayed
104998,2025-08-28,C4867,Thane Treats,Beverages,1412,31,2.8,Cash,Mumbai - Bandra,Delivered
104999,2025-05-09,C3870,Thane Treats,Pizza,1753,40,3.5,Wallet,Mumbai - Powai,Delivered
105000,2025-11-30,C1157,Bandra Bites,North Indian,1487,65,4.4,Cash,Mumbai - Thane,Delivered
105001,2025-09-18,C9627,Dadar Darbar,Biryani,258,15,3.0,Debit Card,Mumbai - Vashi,Delayed
105002,2025-04-24,C6709,Andheri Kitchen,Pizza,228,72,3.2,Cash,Mumbai - Mulund,Cancelled
105003,2026-06-10,C2328,Mumbai Tadka,Biryani,1148,23,2.8,UPI,Mumbai - Kurla,Delayed
105004,2025-04-12,C3497,Powai Plates,Biryani,752,60,3.8,UPI,Mumbai - Mulund,Delivered
105005,2025-04-20,C6566,Malad Food Hub,Biryani,1121,81,4.0,Credit Card,Mumbai - Kurla,Delivered
105006,2025-06-22,C6506,Colaba Cafe,Pizza,1721,73,4.9,Cash,Mumbai - Powai,Delayed
105007,2026-05-26,C7926,Ghatkopar Grill,Desserts,353,55,3.6,Credit Card,Mumbai - Colaba,Delivered
105008,2026-03-30,C8119,Marine Drive Meals,Biryani,827,77,4.3,Cash,Mumbai - Ghatkopar,Delayed
105009,2025-02-11,C2879,Ghatkopar Grill,Healthy Food,447,26,3.1,Wallet,Mumbai - Ghatkopar,Delivered
105010,2025-01-10,C1895,Kurla Kitchen,Biryani,553,56,4.2,Credit Card,Mumbai - Kurla,Delivered
105011,2026-01-29,C9362,Dadar Darbar,North Indian,1769,80,2.6,Debit Card,Mumbai - Thane,Delivered
105012,2026-04-30,C4306,Borivali Bistro,Beverages,121,60,4.4,Debit Card,Mumbai - Dadar,Delayed
105013,2026-01-19,C6638,Ghatkopar Grill,North Indian,1308,46,4.3,Debit Card,Mumbai - Powai,Delivered
105014,2025-05-17,C8109,Kurla Kitchen,Beverages,240,52,2.6,Debit Card,Mumbai - Malad,Delivered
105015,2026-04-26,C9448,Kurla Kitchen,Burger,319,25,4.2,Debit Card,Mumbai - Bandra,Delivered
105016,2025-10-26,C4104,Dadar Darbar,South Indian,433,81,4.0,Debit Card,Mumbai - Ghatkopar,Delivered
105017,2026-03-30,C4180,Chembur Spice House,South Indian,536,24,2.8,Debit Card,Mumbai - Chembur,Cancelled
105018,2025-12-21,C3813,Dadar Darbar,North Indian,1213,18,4.2,Wallet,Mumbai - Borivali,Delivered
105019,2025-12-26,C1154,Colaba Cafe,Healthy Food,517,69,4.1,Credit Card,Mumbai - Powai,Delivered
105020,2026-02-19,C7894,Dadar Darbar,Healthy Food,458,72,4.8,Wallet,Mumbai - Colaba,Cancelled
105021,2025-12-18,C3087,Kurla Kitchen,Burger,1128,27,4.0,Wallet,Mumbai - Powai,Delayed
105022,2026-05-11,C9570,Ghatkopar Grill,Pizza,1156,18,2.7,Wallet,Mumbai - Powai,Cancelled
105023,2026-06-19,C5818,Marine Drive Meals,Beverages,824,41,3.1,Credit Card,Mumbai - Thane,Delivered
105024,2026-01-24,C6515,Mumbai Tadka,Burger,1284,36,2.6,UPI,Mumbai - Malad,Delayed
105025,2026-03-09,C3302,Vashi Veg Corner,South Indian,1275,44,2.5,UPI,Mumbai - Andheri,Delivered
105026,2025-12-03,C4090,Bandra Bites,Biryani,1143,20,4.4,Wallet,Mumbai - Mulund,Delivered
105027,2025-10-18,C8054,Ghatkopar Grill,Pizza,792,16,3.3,UPI,Mumbai - Dadar,Delivered
105028,2025-08-28,C5539,Bandra Bites,Burger,1218,49,4.6,Debit Card,Mumbai - Malad,Delivered
105029,2025-09-11,C7227,Bandra Bites,Pizza,335,43,3.6,UPI,Mumbai - Colaba,Delayed
105030,2025-05-09,C4852,Bandra Bites,North Indian,1442,51,4.6,Debit Card,Mumbai - Powai,Delayed
105031,2026-05-26,C2291,Malad Food Hub,Burger,1337,22,3.8,Credit Card,Mumbai - Kurla,Cancelled
105032,2026-04-13,C3212,Kurla Kitchen,Beverages,1563,37,3.8,Debit Card,Mumbai - Ghatkopar,Delayed
105033,2025-10-20,C5467,Kurla Kitchen,North Indian,1590,67,4.6,Wallet,Mumbai - Borivali,Delivered
105034,2025-07-28,C6676,Dadar Darbar,Chinese,1195,28,4.8,Credit Card,Mumbai - Andheri,Cancelled
105035,2025-05-25,C6556,Kurla Kitchen,Pizza,656,56,3.3,Debit Card,Mumbai - Malad,Delivered
105036,2026-05-14,C4439,Andheri Kitchen,Pizza,912,47,3.7,UPI,Mumbai - Thane,Delivered
105037,2026-01-24,C6757,Bandra Bites,South Indian,1508,59,4.9,UPI,Mumbai - Vashi,Delivered
105038,2025-01-19,C4835,Ghatkopar Grill,Chinese,730,37,3.2,Credit Card,Mumbai - Bandra,Delivered
105039,2026-06-07,C4307,Bandra Bites,Beverages,943,22,4.9,Debit Card,Mumbai - Andheri,Delivered
105040,2025-07-30,C3342,Ghatkopar Grill,Desserts,1757,83,4.6,Cash,Mumbai - Bandra,Delivered
105041,2025-05-26,C3890,Ghatkopar Grill,South Indian,595,72,4.3,Debit Card,Mumbai - Borivali,Cancelled
105042,2025-08-02,C6461,Kurla Kitchen,Biryani,1145,46,2.5,Debit Card,Mumbai - Kurla,Delivered
105043,2025-10-03,C6827,Borivali Bistro,Healthy Food,643,46,4.2,UPI,Mumbai - Chembur,Delivered
105044,2025-12-26,C9470,Ghatkopar Grill,Beverages,570,29,4.2,UPI,Mumbai - Borivali,Cancelled
105045,2026-03-21,C9403,Marine Drive Meals,Biryani,1390,46,3.6,UPI,Mumbai - Colaba,Cancelled
105046,2025-12-17,C4642,Kurla Kitchen,Pizza,948,68,3.7,Credit Card,Mumbai - Vashi,Delivered
105047,2026-03-13,C2641,Dadar Darbar,Beverages,620,24,3.9,UPI,Mumbai - Dadar,Cancelled
105048,2025-08-30,C8337,Chembur Spice House,South Indian,964,68,2.6,Debit Card,Mumbai - Kurla,Cancelled
105049,2026-04-21,C8517,Mumbai Tadka,Chinese,1587,81,4.9,Credit Card,Mumbai - Andheri,Delivered
105050,2025-07-13,C5976,Bandra Bites,South Indian,1357,67,4.3,Wallet,Mumbai - Vashi,Delayed
105051,2026-05-06,C7783,Bandra Bites,Chinese,334,78,2.8,UPI,Mumbai - Mulund,Delivered
105052,2025-09-05,C7375,Kurla Kitchen,Healthy Food,242,82,4.7,Cash,Mumbai - Thane,Delivered
105053,2025-04-15,C3276,Dadar Darbar,Desserts,468,34,3.5,Cash,Mumbai - Bandra,Delivered
105054,2025-04-30,C3428,Malad Food Hub,Burger,1376,48,2.7,Wallet,Mumbai - Powai,Cancelled
105055,2025-02-01,C1540,Andheri Kitchen,Pizza,955,59,3.7,Debit Card,Mumbai - Chembur,Delivered
105056,2025-02-04,C6065,Thane Treats,North Indian,674,45,3.0,Credit Card,Mumbai - Dadar,Delayed
105057,2026-04-30,C7022,Ghatkopar Grill,Biryani,1277,30,3.1,Credit Card,Mumbai - Andheri,Delivered
105058,2025-02-20,C6553,Kurla Kitchen,South Indian,428,23,4.8,UPI,Mumbai - Ghatkopar,Delivered
105059,2025-12-03,C6518,Borivali Bistro,Chinese,1771,26,4.5,Cash,Mumbai - Malad,Delivered
105060,2025-06-06,C2840,Mumbai Tadka,Burger,450,18,4.1,Debit Card,Mumbai - Borivali,Delivered
105061,2025-11-17,C4028,Ghatkopar Grill,Healthy Food,240,76,2.9,Debit Card,Mumbai - Malad,Delivered
105062,2026-04-26,C6064,Thane Treats,Desserts,336,74,4.8,Debit Card,Mumbai - Ghatkopar,Cancelled
105063,2026-03-23,C7168,Mumbai Tadka,Biryani,1171,71,4.6,Credit Card,Mumbai - Andheri,Cancelled
105064,2026-05-06,C7301,Mumbai Tadka,Desserts,290,25,4.1,Credit Card,Mumbai - Colaba,Cancelled
105065,2025-01-14,C1239,Malad Food Hub,Chinese,270,53,4.2,Debit Card,Mumbai - Thane,Cancelled
105066,2026-01-10,C3232,Thane Treats,Beverages,777,57,3.1,UPI,Mumbai - Colaba,Delivered
105067,2025-02-12,C1048,Powai Plates,Beverages,541,49,4.7,UPI,Mumbai - Borivali,Delivered
105068,2025-07-02,C3918,Vashi Veg Corner,Desserts,891,54,4.7,Credit Card,Mumbai - Mulund,Delivered
105069,2025-06-01,C8208,Borivali Bistro,South Indian,1365,39,4.8,UPI,Mumbai - Thane,Delivered
105070,2026-01-17,C7640,Andheri Kitchen,Beverages,220,41,4.0,Cash,Mumbai - Kurla,Delayed
105071,2025-06-07,C5619,Marine Drive Meals,Burger,201,57,4.0,Credit Card,Mumbai - Malad,Delivered
105072,2025-11-19,C1094,Bandra Bites,South Indian,932,35,3.8,Wallet,Mumbai - Powai,Cancelled
105073,2025-09-10,C2239,Mumbai Tadka,South Indian,1800,65,4.7,Cash,Mumbai - Mulund,Delivered
105074,2025-12-22,C2677,Marine Drive Meals,Burger,255,32,2.9,UPI,Mumbai - Bandra,Cancelled
105075,2025-08-20,C6111,Marine Drive Meals,Chinese,1072,68,4.6,Cash,Mumbai - Andheri,Delivered
105076,2025-02-24,C6647,Malad Food Hub,Chinese,1214,16,4.0,Debit Card,Mumbai - Andheri,Delivered
105077,2025-08-09,C7740,Vashi Veg Corner,Pizza,1400,60,4.3,Credit Card,Mumbai - Malad,Delivered
105078,2025-07-25,C3567,Dadar Darbar,Chinese,1589,31,4.1,Wallet,Mumbai - Mulund,Cancelled
105079,2025-01-27,C6804,Mumbai Tadka,South Indian,634,37,4.9,Debit Card,Mumbai - Bandra,Delivered
105080,2025-07-12,C4774,Andheri Kitchen,Pizza,1188,54,3.1,Wallet,Mumbai - Mulund,Delivered
105081,2026-02-21,C5604,Andheri Kitchen,Pizza,336,52,4.6,Wallet,Mumbai - Thane,Cancelled
105082,2025-08-25,C7698,Thane Treats,Healthy Food,814,31,4.3,Debit Card,Mumbai - Borivali,Delivered
105083,2025-03-10,C4636,Thane Treats,Burger,695,84,3.0,Debit Card,Mumbai - Bandra,Delivered
105084,2026-01-17,C6351,Vashi Veg Corner,Healthy Food,462,73,3.9,Debit Card,Mumbai - Kurla,Delivered
105085,2025-09-02,C7899,Vashi Veg Corner,Healthy Food,243,41,2.8,Debit Card,Mumbai - Colaba,Cancelled
105086,2025-03-12,C9750,Chembur Spice House,Healthy Food,485,76,2.7,Debit Card,Mumbai - Chembur,Delivered
105087,2026-05-08,C9921,Bandra Bites,Pizza,702,75,4.4,Cash,Mumbai - Malad,Delivered
105088,2026-06-11,C5122,Andheri Kitchen,Chinese,1165,33,3.9,Cash,Mumbai - Dadar,Delivered
105089,2025-10-27,C6507,Powai Plates,Beverages,1409,34,2.6,Wallet,Mumbai - Kurla,Cancelled
105090,2026-02-24,C5107,Borivali Bistro,South Indian,352,48,3.0,Credit Card,Mumbai - Colaba,Delivered
105091,2025-11-06,C2081,Ghatkopar Grill,Pizza,1731,19,2.9,Debit Card,Mumbai - Thane,Delivered
105092,2025-08-13,C1780,Ghatkopar Grill,North Indian,233,53,4.2,Cash,Mumbai - Kurla,Delivered
105093,2025-02-07,C6947,Bandra Bites,Healthy Food,406,79,4.1,Cash,Mumbai - Kurla,Delivered
105094,2026-01-27,C7907,Dadar Darbar,Pizza,815,15,3.1,Wallet,Mumbai - Ghatkopar,Delayed
105095,2025-10-07,C2491,Thane Treats,Healthy Food,477,43,2.9,Wallet,Mumbai - Powai,Delivered
105096,2025-04-04,C7256,Ghatkopar Grill,Chinese,1514,19,4.3,Debit Card,Mumbai - Chembur,Delivered
105097,2026-03-04,C5856,Ghatkopar Grill,South Indian,1180,62,3.2,Debit Card,Mumbai - Chembur,Cancelled
105098,2026-01-06,C5568,Chembur Spice House,Healthy Food,1664,24,2.7,Credit Card,Mumbai - Borivali,Delivered
105099,2025-05-24,C4453,Mumbai Tadka,Chinese,332,55,4.4,Cash,Mumbai - Dadar,Cancelled
105100,2026-03-09,C8463,Malad Food Hub,Desserts,420,15,2.7,Wallet,Mumbai - Powai,Delivered
105101,2026-03-01,C7872,Colaba Cafe,Burger,1088,40,3.6,Debit Card,Mumbai - Kurla,Delivered
105102,2026-01-20,C1486,Marine Drive Meals,Chinese,297,40,3.1,UPI,Mumbai - Chembur,Delivered
105103,2025-01-22,C5165,Vashi Veg Corner,Desserts,599,29,2.6,Debit Card,Mumbai - Thane,Delivered
105104,2025-03-03,C6716,Marine Drive Meals,South Indian,535,48,4.2,Credit Card,Mumbai - Malad,Delivered
105105,2025-12-19,C8653,Dadar Darbar,Biryani,1371,68,3.6,Debit Card,Mumbai - Thane,Delivered
105106,2025-02-16,C6263,Kurla Kitchen,North Indian,1686,54,3.1,UPI,Mumbai - Andheri,Delivered
105107,2026-03-31,C8791,Marine Drive Meals,Biryani,1706,17,4.7,Cash,Mumbai - Bandra,Cancelled
105108,2025-01-03,C6123,Bandra Bites,Desserts,1023,75,4.2,Wallet,Mumbai - Malad,Delivered
105109,2025-06-02,C7177,Chembur Spice House,Desserts,1595,35,4.3,Debit Card,Mumbai - Colaba,Delivered
105110,2025-05-09,C7846,Kurla Kitchen,Beverages,1457,29,3.1,Debit Card,Mumbai - Thane,Delivered
105111,2025-08-24,C6307,Andheri Kitchen,Chinese,987,81,4.8,Cash,Mumbai - Ghatkopar,Cancelled
105112,2026-04-03,C5483,Dadar Darbar,Chinese,1301,59,4.2,Debit Card,Mumbai - Dadar,Delivered
105113,2025-03-07,C5351,Colaba Cafe,Burger,1199,67,4.7,Credit Card,Mumbai - Kurla,Cancelled
105114,2025-07-06,C3535,Bandra Bites,Pizza,1469,44,4.5,Debit Card,Mumbai - Kurla,Cancelled
105115,2025-02-18,C8295,Mumbai Tadka,Chinese,1024,75,3.7,Wallet,Mumbai - Colaba,Delivered
105116,2025-08-31,C2991,Powai Plates,Burger,1308,67,3.2,Debit Card,Mumbai - Powai,Delivered
105117,2026-01-11,C6499,Mumbai Tadka,Healthy Food,596,78,3.6,Wallet,Mumbai - Chembur,Cancelled
105118,2026-03-31,C8554,Vashi Veg Corner,Beverages,264,58,3.5,Debit Card,Mumbai - Ghatkopar,Delayed
105119,2025-11-27,C3513,Vashi Veg Corner,Healthy Food,109,67,3.7,UPI,Mumbai - Dadar,Delivered
105120,2025-09-06,C5830,Mumbai Tadka,Desserts,1251,26,2.7,Cash,Mumbai - Kurla,Delayed
105121,2026-04-22,C4236,Dadar Darbar,Healthy Food,527,19,3.9,Cash,Mumbai - Ghatkopar,Delivered
105122,2025-09-02,C8690,Colaba Cafe,Pizza,1364,59,3.2,Wallet,Mumbai - Colaba,Delivered
105123,2026-03-19,C7094,Andheri Kitchen,Biryani,906,83,3.8,Wallet,Mumbai - Malad,Delivered
105124,2025-03-28,C9260,Andheri Kitchen,Chinese,1713,55,4.7,Debit Card,Mumbai - Chembur,Cancelled
105125,2026-05-23,C8213,Vashi Veg Corner,Healthy Food,1454,67,4.2,UPI,Mumbai - Malad,Delivered
105126,2025-05-19,C3745,Andheri Kitchen,Burger,699,65,4.1,Wallet,Mumbai - Dadar,Delayed
105127,2025-12-26,C9024,Dadar Darbar,Healthy Food,470,28,4.6,Cash,Mumbai - Ghatkopar,Delivered
105128,2025-12-09,C1949,Marine Drive Meals,Healthy Food,390,29,3.9,UPI,Mumbai - Chembur,Delivered
105129,2026-05-07,C3320,Kurla Kitchen,North Indian,1570,35,4.9,Debit Card,Mumbai - Dadar,Delivered
105130,2025-08-05,C9865,Kurla Kitchen,North Indian,1383,34,3.2,Cash,Mumbai - Bandra,Delivered
105131,2025-11-13,C2225,Chembur Spice House,Biryani,576,45,3.6,UPI,Mumbai - Kurla,Delayed
105132,2025-06-26,C2793,Colaba Cafe,Biryani,389,60,2.9,Debit Card,Mumbai - Chembur,Delivered
105133,2026-06-19,C7721,Bandra Bites,Beverages,379,73,4.5,Wallet,Mumbai - Ghatkopar,Delivered
105134,2025-01-27,C3241,Vashi Veg Corner,Desserts,592,40,3.0,Wallet,Mumbai - Kurla,Delayed
105135,2026-01-18,C1750,Colaba Cafe,Pizza,1500,32,3.9,Cash,Mumbai - Powai,Cancelled
105136,2025-01-27,C5937,Vashi Veg Corner,Beverages,1434,60,2.5,Cash,Mumbai - Vashi,Delivered
105137,2025-11-11,C5955,Thane Treats,Biryani,563,77,3.7,UPI,Mumbai - Malad,Delivered
105138,2025-03-09,C1119,Colaba Cafe,Pizza,135,83,4.3,UPI,Mumbai - Ghatkopar,Delivered
105139,2025-11-17,C4392,Marine Drive Meals,Biryani,1755,75,4.0,Cash,Mumbai - Chembur,Delivered
105140,2025-08-23,C7616,Mumbai Tadka,Burger,1271,38,3.8,Debit Card,Mumbai - Ghatkopar,Cancelled
105141,2026-05-07,C2957,Chembur Spice House,North Indian,1344,77,4.8,Credit Card,Mumbai - Kurla,Delivered
105142,2025-01-10,C1491,Andheri Kitchen,Pizza,814,25,3.1,UPI,Mumbai - Colaba,Cancelled
105143,2026-02-28,C8038,Vashi Veg Corner,South Indian,1623,83,3.4,UPI,Mumbai - Vashi,Delivered
105144,2026-04-16,C4534,Malad Food Hub,South Indian,1518,81,3.5,Debit Card,Mumbai - Colaba,Delivered
105145,2025-02-18,C2745,Andheri Kitchen,Chinese,1762,57,4.5,UPI,Mumbai - Kurla,Delivered
105146,2025-04-10,C6820,Andheri Kitchen,Pizza,1053,81,4.7,UPI,Mumbai - Kurla,Delivered
105147,2025-05-08,C9443,Borivali Bistro,Chinese,474,36,4.0,Debit Card,Mumbai - Malad,Delivered
105148,2025-07-29,C2993,Dadar Darbar,Beverages,530,56,4.1,Debit Card,Mumbai - Chembur,Cancelled
105149,2025-05-16,C4522,Colaba Cafe,Chinese,136,20,4.3,Wallet,Mumbai - Malad,Cancelled
105150,2025-09-15,C9786,Borivali Bistro,Biryani,1011,46,4.3,Wallet,Mumbai - Borivali,Delivered
105151,2025-04-17,C7243,Dadar Darbar,South Indian,657,81,4.0,Wallet,Mumbai - Ghatkopar,Delivered
105152,2025-07-26,C2712,Chembur Spice House,Chinese,934,59,2.8,Cash,Mumbai - Ghatkopar,Delayed
105153,2025-08-16,C8726,Chembur Spice House,Burger,1065,58,4.0,Credit Card,Mumbai - Bandra,Delivered
105154,2025-03-30,C4295,Andheri Kitchen,Burger,926,85,4.0,UPI,Mumbai - Ghatkopar,Delivered
105155,2025-12-29,C4672,Chembur Spice House,Healthy Food,1269,74,5.0,Debit Card,Mumbai - Thane,Delivered
105156,2026-05-28,C5513,Colaba Cafe,Beverages,1450,76,4.7,Wallet,Mumbai - Colaba,Delivered
105157,2025-04-28,C4893,Borivali Bistro,Biryani,117,55,4.6,Cash,Mumbai - Borivali,Delivered
105158,2025-12-22,C1683,Kurla Kitchen,Biryani,1529,17,4.7,Wallet,Mumbai - Bandra,Delivered
105159,2026-02-05,C6438,Colaba Cafe,Burger,1520,69,4.2,UPI,Mumbai - Thane,Delivered
105160,2026-02-01,C6898,Kurla Kitchen,South Indian,722,20,3.4,UPI,Mumbai - Thane,Delayed
105161,2026-05-19,C4150,Ghatkopar Grill,Biryani,630,55,2.5,Credit Card,Mumbai - Chembur,Delayed
105162,2026-03-12,C2366,Andheri Kitchen,Desserts,1442,72,3.6,Wallet,Mumbai - Mulund,Delivered
105163,2025-10-11,C3452,Bandra Bites,North Indian,975,74,4.3,Cash,Mumbai - Powai,Delivered
105164,2026-06-23,C5902,Bandra Bites,Healthy Food,1235,61,4.6,Debit Card,Mumbai - Vashi,Cancelled
105165,2025-04-25,C7396,Colaba Cafe,Pizza,1487,84,2.5,Credit Card,Mumbai - Malad,Delivered
105166,2025-04-15,C8871,Bandra Bites,Beverages,1737,18,2.8,Debit Card,Mumbai - Bandra,Delivered
105167,2026-04-20,C3622,Marine Drive Meals,Biryani,1671,33,4.6,UPI,Mumbai - Malad,Cancelled
105168,2025-03-12,C6164,Malad Food Hub,Healthy Food,1086,24,4.4,UPI,Mumbai - Powai,Delivered
105169,2025-05-30,C4160,Thane Treats,Pizza,458,71,2.7,Cash,Mumbai - Powai,Cancelled
105170,2025-12-22,C2085,Marine Drive Meals,Desserts,207,18,3.3,UPI,Mumbai - Malad,Delivered
105171,2025-01-07,C9796,Dadar Darbar,Burger,1126,26,2.8,Debit Card,Mumbai - Thane,Cancelled
105172,2026-05-22,C1086,Thane Treats,Pizza,1730,38,2.7,Debit Card,Mumbai - Powai,Cancelled
105173,2025-04-10,C6742,Bandra Bites,Pizza,1574,32,5.0,UPI,Mumbai - Mulund,Delivered
105174,2026-01-03,C8713,Bandra Bites,Desserts,814,41,4.9,Credit Card,Mumbai - Kurla,Delayed
105175,2025-08-02,C8643,Colaba Cafe,South Indian,1057,75,4.7,Cash,Mumbai - Powai,Delivered
105176,2025-09-13,C9205,Bandra Bites,Pizza,261,81,4.1,Debit Card,Mumbai - Powai,Cancelled
105177,2025-07-18,C6424,Borivali Bistro,Desserts,1074,60,4.8,Debit Card,Mumbai - Colaba,Cancelled
105178,2025-11-20,C8062,Borivali Bistro,North Indian,648,25,2.8,UPI,Mumbai - Colaba,Delivered
105179,2025-07-01,C8461,Colaba Cafe,Chinese,707,44,4.5,Cash,Mumbai - Borivali,Cancelled
105180,2025-03-15,C2257,Borivali Bistro,Beverages,801,63,4.7,Cash,Mumbai - Chembur,Delivered
105181,2026-06-13,C7936,Ghatkopar Grill,Healthy Food,1377,40,4.6,Wallet,Mumbai - Kurla,Delivered
105182,2026-04-10,C3932,Bandra Bites,North Indian,801,44,4.3,Debit Card,Mumbai - Chembur,Cancelled
105183,2026-06-02,C8217,Borivali Bistro,Chinese,523,30,4.8,Debit Card,Mumbai - Colaba,Delivered
105184,2025-04-13,C4231,Bandra Bites,Beverages,405,35,3.2,Wallet,Mumbai - Andheri,Delivered
105185,2025-06-17,C6313,Ghatkopar Grill,Chinese,196,84,4.7,UPI,Mumbai - Bandra,Delivered
105186,2026-02-25,C6352,Borivali Bistro,Desserts,1090,64,3.7,Credit Card,Mumbai - Ghatkopar,Delivered
105187,2026-04-13,C6060,Mumbai Tadka,Desserts,827,74,3.2,Wallet,Mumbai - Thane,Delayed
105188,2025-04-23,C2025,Bandra Bites,North Indian,1361,59,2.6,Debit Card,Mumbai - Powai,Cancelled
105189,2026-05-24,C8868,Borivali Bistro,North Indian,997,60,3.6,UPI,Mumbai - Mulund,Delayed
105190,2026-01-05,C6189,Colaba Cafe,Biryani,796,18,3.4,UPI,Mumbai - Borivali,Delayed
105191,2025-03-30,C2424,Bandra Bites,Burger,1173,68,2.6,Cash,Mumbai - Thane,Delivered
105192,2025-06-05,C4142,Mumbai Tadka,South Indian,1254,25,3.6,UPI,Mumbai - Kurla,Delivered
105193,2025-02-25,C9758,Marine Drive Meals,Biryani,938,21,3.2,UPI,Mumbai - Ghatkopar,Delivered
105194,2026-01-31,C8859,Marine Drive Meals,Pizza,1346,32,3.2,Cash,Mumbai - Chembur,Delayed
105195,2025-06-15,C2316,Mumbai Tadka,South Indian,1357,37,2.5,Wallet,Mumbai - Ghatkopar,Cancelled
105196,2025-12-16,C3834,Kurla Kitchen,Healthy Food,751,79,4.2,Wallet,Mumbai - Dadar,Delivered
105197,2025-01-13,C5334,Colaba Cafe,Desserts,376,83,4.6,Credit Card,Mumbai - Andheri,Delivered
105198,2025-02-10,C3692,Marine Drive Meals,Biryani,429,60,3.5,Credit Card,Mumbai - Andheri,Delivered
105199,2025-11-15,C3884,Kurla Kitchen,Beverages,1476,79,4.5,UPI,Mumbai - Malad,Delivered
105200,2025-08-24,C3225,Ghatkopar Grill,Healthy Food,1513,29,4.9,Wallet,Mumbai - Colaba,Delivered
105201,2025-04-11,C4456,Colaba Cafe,Beverages,841,52,2.9,Credit Card,Mumbai - Thane,Delivered
105202,2025-08-14,C9814,Thane Treats,Beverages,967,29,2.7,Cash,Mumbai - Borivali,Delivered
105203,2025-04-03,C2662,Dadar Darbar,Chinese,389,42,4.6,Wallet,Mumbai - Dadar,Delivered
105204,2025-06-01,C9653,Ghatkopar Grill,North Indian,1007,71,2.9,Credit Card,Mumbai - Andheri,Delayed
105205,2025-10-15,C5425,Mumbai Tadka,South Indian,1301,70,4.8,Cash,Mumbai - Mulund,Delivered
105206,2025-03-06,C1502,Marine Drive Meals,Pizza,688,51,3.9,Credit Card,Mumbai - Andheri,Delivered
105207,2026-02-28,C9350,Chembur Spice House,South Indian,901,23,3.1,UPI,Mumbai - Kurla,Cancelled
105208,2026-03-18,C1428,Mumbai Tadka,Beverages,401,29,2.8,UPI,Mumbai - Ghatkopar,Cancelled
105209,2025-11-30,C9475,Marine Drive Meals,Burger,1261,34,4.9,Wallet,Mumbai - Powai,Delivered
105210,2025-11-26,C3920,Dadar Darbar,Beverages,1406,25,4.3,UPI,Mumbai - Andheri,Delivered
105211,2025-10-31,C6280,Bandra Bites,South Indian,462,45,4.9,Credit Card,Mumbai - Malad,Delivered
105212,2025-08-19,C5781,Ghatkopar Grill,South Indian,356,42,3.5,Credit Card,Mumbai - Kurla,Delivered
105213,2026-04-13,C5208,Vashi Veg Corner,Biryani,1331,79,3.6,Debit Card,Mumbai - Colaba,Delivered
105214,2025-10-11,C1569,Chembur Spice House,Biryani,517,46,4.5,UPI,Mumbai - Ghatkopar,Delayed
105215,2025-01-01,C3640,Andheri Kitchen,Desserts,1223,48,3.5,Wallet,Mumbai - Powai,Delivered
105216,2025-06-24,C4759,Dadar Darbar,Burger,638,83,3.6,Wallet,Mumbai - Vashi,Delayed
105217,2025-05-13,C8143,Marine Drive Meals,Burger,182,54,3.2,Credit Card,Mumbai - Colaba,Delivered
105218,2026-03-28,C9546,Kurla Kitchen,Desserts,305,38,4.2,Wallet,Mumbai - Chembur,Delivered
105219,2025-03-10,C7854,Thane Treats,South Indian,316,67,3.5,Credit Card,Mumbai - Mulund,Delivered
105220,2025-03-19,C5001,Malad Food Hub,Desserts,401,28,4.5,Wallet,Mumbai - Andheri,Delivered
105221,2025-04-27,C2872,Powai Plates,South Indian,588,72,4.6,Wallet,Mumbai - Thane,Delayed
105222,2025-11-17,C2123,Vashi Veg Corner,Healthy Food,905,18,4.1,Debit Card,Mumbai - Vashi,Delivered
105223,2026-06-25,C9365,Bandra Bites,Desserts,1692,48,2.9,Credit Card,Mumbai - Bandra,Delivered
105224,2025-09-12,C8276,Andheri Kitchen,Desserts,525,85,2.6,UPI,Mumbai - Vashi,Delivered
105225,2026-05-27,C1897,Kurla Kitchen,Beverages,481,32,4.7,UPI,Mumbai - Thane,Delivered
105226,2026-02-05,C2827,Bandra Bites,Healthy Food,696,65,3.5,Wallet,Mumbai - Malad,Cancelled
105227,2025-01-17,C2897,Powai Plates,Burger,540,37,4.7,Wallet,Mumbai - Vashi,Delayed
105228,2025-04-02,C2689,Colaba Cafe,Pizza,1609,24,3.6,Debit Card,Mumbai - Mulund,Delivered
105229,2026-03-01,C5952,Ghatkopar Grill,Biryani,739,55,4.9,Wallet,Mumbai - Chembur,Delivered
105230,2025-01-29,C3174,Malad Food Hub,South Indian,410,61,3.1,UPI,Mumbai - Mulund,Cancelled
105231,2026-02-01,C5308,Powai Plates,Desserts,210,38,2.8,Wallet,Mumbai - Bandra,Delayed
105232,2025-07-03,C4930,Bandra Bites,Biryani,1508,34,3.9,Wallet,Mumbai - Chembur,Delayed
105233,2025-01-13,C5069,Vashi Veg Corner,North Indian,907,66,3.0,Debit Card,Mumbai - Malad,Delivered
105234,2026-01-03,C4648,Thane Treats,Pizza,429,84,4.8,Cash,Mumbai - Chembur,Delivered
105235,2025-10-17,C9494,Chembur Spice House,Desserts,202,15,4.7,Credit Card,Mumbai - Vashi,Delivered
105236,2025-08-13,C9748,Colaba Cafe,Chinese,1403,60,5.0,Cash,Mumbai - Malad,Delivered
105237,2026-03-03,C7748,Borivali Bistro,North Indian,1082,32,4.0,UPI,Mumbai - Dadar,Cancelled
105238,2025-11-20,C3230,Mumbai Tadka,South Indian,146,24,4.6,Debit Card,Mumbai - Malad,Delivered
105239,2025-01-01,C9013,Malad Food Hub,Healthy Food,1683,49,4.1,Debit Card,Mumbai - Powai,Delivered
105240,2025-03-01,C5109,Andheri Kitchen,Pizza,1670,21,5.0,Debit Card,Mumbai - Vashi,Delivered
105241,2026-02-28,C5622,Dadar Darbar,Burger,491,36,3.4,Debit Card,Mumbai - Mulund,Delivered
105242,2026-02-27,C2837,Mumbai Tadka,Biryani,178,21,4.7,Debit Card,Mumbai - Kurla,Delivered
105243,2025-01-02,C6625,Dadar Darbar,Desserts,195,42,4.8,Wallet,Mumbai - Mulund,Delayed
105244,2025-01-18,C3342,Powai Plates,North Indian,1514,42,2.6,Cash,Mumbai - Andheri,Delayed
105245,2025-03-26,C9830,Marine Drive Meals,Biryani,132,53,4.8,UPI,Mumbai - Ghatkopar,Delayed
105246,2026-04-02,C2890,Kurla Kitchen,South Indian,245,69,3.1,Credit Card,Mumbai - Dadar,Delivered
105247,2025-04-22,C9030,Bandra Bites,Healthy Food,1718,77,4.9,Debit Card,Mumbai - Thane,Delivered
105248,2025-09-05,C4313,Dadar Darbar,Desserts,652,39,3.6,Cash,Mumbai - Vashi,Cancelled
105249,2025-12-13,C2884,Andheri Kitchen,Pizza,876,28,3.1,Debit Card,Mumbai - Borivali,Delivered
105250,2025-05-17,C7066,Malad Food Hub,Chinese,1313,46,4.2,Credit Card,Mumbai - Mulund,Delivered
105251,2026-05-13,C2025,Borivali Bistro,North Indian,1716,75,3.9,Debit Card,Mumbai - Malad,Delivered
105252,2025-11-30,C8072,Ghatkopar Grill,Burger,820,49,3.6,Debit Card,Mumbai - Mulund,Delivered
105253,2026-05-05,C4183,Kurla Kitchen,Healthy Food,693,16,3.2,Wallet,Mumbai - Powai,Delivered
105254,2026-02-01,C1854,Thane Treats,Beverages,1168,82,3.4,Wallet,Mumbai - Bandra,Delivered
105255,2025-12-29,C4679,Andheri Kitchen,North Indian,617,85,4.0,Debit Card,Mumbai - Bandra,Delivered
105256,2026-01-25,C6443,Thane Treats,Desserts,651,83,4.7,Cash,Mumbai - Vashi,Delivered
105257,2025-03-15,C1412,Ghatkopar Grill,Chinese,1532,50,4.8,Wallet,Mumbai - Vashi,Cancelled
105258,2025-11-17,C4329,Powai Plates,Biryani,1741,63,3.7,Wallet,Mumbai - Chembur,Delivered
105259,2025-12-31,C6957,Dadar Darbar,South Indian,302,35,3.4,Credit Card,Mumbai - Ghatkopar,Delivered
105260,2026-03-24,C1692,Colaba Cafe,Biryani,897,35,3.8,Debit Card,Mumbai - Powai,Cancelled
105261,2025-04-10,C7045,Colaba Cafe,South Indian,420,77,4.6,UPI,Mumbai - Borivali,Cancelled
105262,2026-04-20,C9967,Mumbai Tadka,Burger,938,69,3.0,Wallet,Mumbai - Ghatkopar,Delivered
105263,2025-06-20,C6852,Chembur Spice House,South Indian,1047,59,4.4,Debit Card,Mumbai - Vashi,Delivered
105264,2025-01-09,C7409,Bandra Bites,Desserts,101,72,2.9,Wallet,Mumbai - Chembur,Delayed
105265,2026-02-23,C3993,Chembur Spice House,Beverages,1702,34,3.1,UPI,Mumbai - Andheri,Delivered
105266,2025-06-08,C8575,Vashi Veg Corner,Desserts,956,39,3.9,Cash,Mumbai - Malad,Delivered
105267,2026-03-02,C3050,Bandra Bites,Pizza,990,38,4.4,Credit Card,Mumbai - Chembur,Delayed
105268,2025-08-09,C3402,Kurla Kitchen,Pizza,916,15,2.8,Wallet,Mumbai - Powai,Delayed
105269,2025-05-11,C5330,Borivali Bistro,Beverages,925,33,4.6,Debit Card,Mumbai - Kurla,Cancelled
105270,2025-01-30,C9586,Colaba Cafe,Biryani,771,83,4.6,Debit Card,Mumbai - Ghatkopar,Delayed
105271,2025-03-04,C7145,Dadar Darbar,Desserts,1492,53,3.0,Credit Card,Mumbai - Kurla,Cancelled
105272,2025-09-30,C7019,Dadar Darbar,North Indian,968,81,2.9,Cash,Mumbai - Ghatkopar,Delivered
105273,2025-05-15,C4618,Kurla Kitchen,Burger,1720,38,2.7,Credit Card,Mumbai - Vashi,Delivered
105274,2026-04-24,C7493,Bandra Bites,South Indian,1120,18,2.9,Debit Card,Mumbai - Kurla,Delivered
105275,2026-05-24,C4045,Marine Drive Meals,Chinese,778,46,3.4,Wallet,Mumbai - Dadar,Delivered
105276,2025-12-02,C3851,Colaba Cafe,North Indian,427,23,3.5,Debit Card,Mumbai - Thane,Delayed
105277,2026-05-14,C4843,Borivali Bistro,Biryani,379,22,4.1,Debit Card,Mumbai - Ghatkopar,Delivered
105278,2025-01-14,C1117,Ghatkopar Grill,Chinese,400,37,3.5,Debit Card,Mumbai - Borivali,Delivered
105279,2025-12-01,C2374,Malad Food Hub,Beverages,1229,73,4.8,Credit Card,Mumbai - Colaba,Cancelled
105280,2026-01-15,C9749,Mumbai Tadka,North Indian,169,78,3.2,Wallet,Mumbai - Malad,Delivered
105281,2025-12-06,C8966,Powai Plates,Pizza,1294,25,4.1,Cash,Mumbai - Borivali,Delivered
105282,2025-06-10,C6912,Bandra Bites,Burger,696,17,4.3,Wallet,Mumbai - Bandra,Cancelled
105283,2026-03-25,C5824,Colaba Cafe,North Indian,1178,80,2.9,Debit Card,Mumbai - Borivali,Cancelled
105284,2026-02-08,C8075,Colaba Cafe,Pizza,112,41,2.8,Cash,Mumbai - Dadar,Cancelled
105285,2026-04-27,C7369,Andheri Kitchen,Biryani,378,66,2.9,Credit Card,Mumbai - Colaba,Cancelled
105286,2025-05-13,C2694,Bandra Bites,Chinese,696,70,3.7,Credit Card,Mumbai - Colaba,Delivered
105287,2026-03-19,C8575,Thane Treats,Pizza,406,34,4.9,Debit Card,Mumbai - Dadar,Delivered
105288,2025-03-13,C7839,Chembur Spice House,Chinese,1611,30,4.7,Cash,Mumbai - Chembur,Delivered
105289,2025-08-17,C3551,Mumbai Tadka,South Indian,1557,28,4.8,Credit Card,Mumbai - Malad,Cancelled
105290,2025-09-01,C6617,Chembur Spice House,Burger,1241,85,4.0,Credit Card,Mumbai - Vashi,Cancelled
105291,2025-06-28,C1546,Ghatkopar Grill,North Indian,856,54,2.5,Debit Card,Mumbai - Bandra,Delivered
105292,2026-04-06,C5107,Colaba Cafe,Healthy Food,231,28,3.8,Debit Card,Mumbai - Vashi,Cancelled
105293,2025-12-04,C4992,Vashi Veg Corner,South Indian,1668,25,4.9,Cash,Mumbai - Borivali,Delivered
105294,2025-01-24,C7870,Colaba Cafe,Biryani,284,43,4.4,Cash,Mumbai - Vashi,Delivered
105295,2025-11-01,C1556,Vashi Veg Corner,Biryani,1689,58,4.8,Wallet,Mumbai - Ghatkopar,Delivered
105296,2025-03-24,C6842,Bandra Bites,Healthy Food,241,45,4.6,Debit Card,Mumbai - Bandra,Delayed
105297,2026-02-11,C2274,Powai Plates,Healthy Food,1382,83,4.3,Wallet,Mumbai - Thane,Delivered
105298,2025-12-14,C8853,Powai Plates,Biryani,183,81,4.8,Credit Card,Mumbai - Ghatkopar,Delivered
105299,2026-06-08,C2225,Colaba Cafe,Desserts,254,62,4.3,Debit Card,Mumbai - Mulund,Delivered
105300,2025-12-25,C1014,Borivali Bistro,Chinese,411,54,3.0,Debit Card,Mumbai - Borivali,Cancelled
105301,2026-04-28,C4767,Bandra Bites,Biryani,1500,18,4.5,Wallet,Mumbai - Mulund,Delivered
105302,2025-08-30,C4493,Bandra Bites,North Indian,1066,77,4.4,Credit Card,Mumbai - Dadar,Cancelled
105303,2025-04-10,C1421,Marine Drive Meals,Biryani,1307,75,2.5,Cash,Mumbai - Kurla,Delivered
105304,2026-01-20,C1524,Bandra Bites,Chinese,963,16,4.2,Credit Card,Mumbai - Mulund,Cancelled
105305,2025-07-13,C3528,Dadar Darbar,Biryani,1324,73,3.9,Cash,Mumbai - Mulund,Delayed
105306,2025-10-27,C6791,Marine Drive Meals,Chinese,1425,55,3.9,Debit Card,Mumbai - Mulund,Delayed
105307,2026-01-21,C2517,Malad Food Hub,North Indian,198,35,2.7,Debit Card,Mumbai - Malad,Delivered
105308,2025-06-23,C9023,Ghatkopar Grill,South Indian,610,46,2.5,Wallet,Mumbai - Dadar,Delivered
105309,2026-06-12,C9844,Mumbai Tadka,Pizza,811,79,3.4,Cash,Mumbai - Bandra,Cancelled
105310,2025-06-11,C6844,Marine Drive Meals,North Indian,1772,59,3.0,Debit Card,Mumbai - Kurla,Delivered
105311,2025-08-26,C8888,Bandra Bites,Chinese,615,72,4.8,Debit Card,Mumbai - Ghatkopar,Delivered
105312,2025-01-23,C9047,Colaba Cafe,North Indian,1160,30,4.3,Debit Card,Mumbai - Powai,Cancelled
105313,2025-12-13,C5816,Thane Treats,South Indian,1529,23,4.3,Cash,Mumbai - Bandra,Cancelled
105314,2025-03-26,C7271,Ghatkopar Grill,South Indian,676,57,2.7,Cash,Mumbai - Borivali,Cancelled
105315,2025-03-07,C6882,Colaba Cafe,South Indian,1192,19,3.2,Cash,Mumbai - Borivali,Delivered
105316,2025-06-08,C6286,Thane Treats,South Indian,481,85,3.7,Cash,Mumbai - Colaba,Delivered
105317,2026-03-20,C4176,Malad Food Hub,Chinese,1672,60,3.5,Cash,Mumbai - Andheri,Delivered
105318,2025-06-08,C2935,Chembur Spice House,Healthy Food,525,40,2.8,Credit Card,Mumbai - Thane,Delayed
105319,2026-02-05,C8446,Marine Drive Meals,Beverages,1655,66,4.8,Credit Card,Mumbai - Malad,Delivered
105320,2025-03-18,C7683,Colaba Cafe,Beverages,618,73,2.7,UPI,Mumbai - Mulund,Delivered
105321,2025-05-22,C7558,Dadar Darbar,Beverages,1106,43,3.9,Cash,Mumbai - Borivali,Delivered
105322,2025-11-20,C8659,Dadar Darbar,Healthy Food,681,70,3.7,Debit Card,Mumbai - Andheri,Delivered
105323,2025-06-03,C1418,Bandra Bites,South Indian,1438,63,4.3,Debit Card,Mumbai - Powai,Delivered
105324,2025-06-09,C4976,Andheri Kitchen,Biryani,1121,15,4.1,Credit Card,Mumbai - Andheri,Delivered
105325,2025-01-27,C1480,Vashi Veg Corner,South Indian,1698,82,4.7,Wallet,Mumbai - Mulund,Delivered
105326,2026-03-28,C9281,Ghatkopar Grill,Biryani,926,17,2.5,UPI,Mumbai - Vashi,Cancelled
105327,2026-03-17,C9569,Bandra Bites,Desserts,1783,49,2.5,Wallet,Mumbai - Andheri,Cancelled
105328,2026-05-08,C7321,Malad Food Hub,Biryani,1447,40,4.8,Wallet,Mumbai - Colaba,Delivered
105329,2025-07-14,C1826,Andheri Kitchen,North Indian,1141,32,3.6,Credit Card,Mumbai - Chembur,Delayed
105330,2025-08-26,C3101,Andheri Kitchen,Burger,1070,81,5.0,Cash,Mumbai - Colaba,Delayed
105331,2026-05-10,C2979,Borivali Bistro,Healthy Food,1106,71,4.5,Cash,Mumbai - Dadar,Delivered
105332,2025-11-07,C4581,Borivali Bistro,Pizza,1099,68,2.9,Cash,Mumbai - Borivali,Delivered
105333,2026-05-25,C4272,Colaba Cafe,Healthy Food,1324,62,3.6,Credit Card,Mumbai - Bandra,Cancelled
105334,2025-02-05,C3467,Mumbai Tadka,Beverages,1125,44,4.8,Credit Card,Mumbai - Andheri,Delivered
105335,2025-11-15,C4560,Powai Plates,Chinese,1717,34,4.8,Cash,Mumbai - Borivali,Delivered
105336,2026-03-19,C1798,Ghatkopar Grill,Desserts,615,82,4.9,UPI,Mumbai - Kurla,Cancelled
105337,2025-11-18,C2331,Borivali Bistro,South Indian,125,54,3.7,Cash,Mumbai - Bandra,Delayed
105338,2026-01-23,C1863,Ghatkopar Grill,Healthy Food,1657,49,4.5,UPI,Mumbai - Malad,Delivered
105339,2025-04-29,C1472,Andheri Kitchen,Biryani,1308,26,3.3,Credit Card,Mumbai - Andheri,Cancelled
105340,2026-02-07,C2800,Dadar Darbar,Chinese,1263,43,3.8,Credit Card,Mumbai - Mulund,Delivered
105341,2025-07-07,C1206,Ghatkopar Grill,Desserts,1214,36,3.1,Wallet,Mumbai - Vashi,Cancelled
105342,2026-01-16,C5149,Bandra Bites,Beverages,1669,17,4.1,Wallet,Mumbai - Colaba,Delivered
105343,2025-11-09,C6223,Marine Drive Meals,Biryani,1698,35,3.1,UPI,Mumbai - Colaba,Delivered
105344,2025-03-12,C6800,Chembur Spice House,Healthy Food,1075,41,4.7,UPI,Mumbai - Thane,Delivered
105345,2026-01-05,C6104,Borivali Bistro,Desserts,147,79,4.9,Cash,Mumbai - Mulund,Delivered
105346,2025-09-19,C9706,Kurla Kitchen,Biryani,104,54,4.0,Debit Card,Mumbai - Dadar,Delivered
105347,2025-10-16,C9212,Mumbai Tadka,Pizza,1281,71,3.7,Debit Card,Mumbai - Chembur,Delivered
105348,2026-03-07,C4004,Thane Treats,Burger,483,56,2.8,Cash,Mumbai - Vashi,Delivered
105349,2025-11-27,C7272,Andheri Kitchen,Beverages,286,34,4.5,Credit Card,Mumbai - Malad,Cancelled
105350,2025-08-10,C8825,Andheri Kitchen,Pizza,951,39,4.4,Wallet,Mumbai - Chembur,Delayed
105351,2025-09-07,C4226,Powai Plates,Chinese,803,45,3.0,Credit Card,Mumbai - Thane,Delivered
105352,2026-04-13,C9061,Colaba Cafe,Burger,1741,72,3.8,Wallet,Mumbai - Kurla,Delivered
105353,2026-02-14,C9327,Colaba Cafe,Biryani,947,46,3.9,Debit Card,Mumbai - Borivali,Delivered
105354,2025-10-11,C3016,Dadar Darbar,North Indian,983,80,3.9,Credit Card,Mumbai - Powai,Delivered
105355,2026-04-21,C5928,Dadar Darbar,Healthy Food,1539,53,3.8,UPI,Mumbai - Thane,Delivered
105356,2025-01-29,C9724,Andheri Kitchen,Chinese,346,73,2.5,Wallet,Mumbai - Mulund,Delayed
105357,2025-04-06,C4414,Malad Food Hub,Desserts,636,75,4.2,Cash,Mumbai - Ghatkopar,Delayed
105358,2026-04-25,C7043,Borivali Bistro,Burger,1542,53,3.2,UPI,Mumbai - Bandra,Cancelled
105359,2025-03-27,C3356,Chembur Spice House,Healthy Food,1643,57,2.6,Debit Card,Mumbai - Thane,Cancelled
105360,2025-05-14,C1337,Dadar Darbar,South Indian,545,62,2.8,Debit Card,Mumbai - Malad,Delivered
105361,2025-06-07,C7025,Thane Treats,Biryani,967,71,2.5,Wallet,Mumbai - Thane,Delivered
105362,2025-06-16,C1796,Thane Treats,Desserts,262,61,3.5,UPI,Mumbai - Thane,Delayed
105363,2026-06-19,C9660,Ghatkopar Grill,Healthy Food,956,23,3.8,Cash,Mumbai - Dadar,Delayed
105364,2025-11-27,C7978,Chembur Spice House,Beverages,1053,20,4.0,Wallet,Mumbai - Powai,Delayed
105365,2025-11-25,C5620,Dadar Darbar,North Indian,512,65,2.8,Wallet,Mumbai - Thane,Delivered
105366,2025-05-26,C8648,Andheri Kitchen,Burger,767,37,4.5,Wallet,Mumbai - Borivali,Delivered
105367,2025-03-12,C7648,Borivali Bistro,Beverages,1023,82,2.9,Wallet,Mumbai - Chembur,Delivered
105368,2025-10-16,C1520,Ghatkopar Grill,Chinese,1100,50,3.3,Credit Card,Mumbai - Thane,Delivered
105369,2025-02-27,C7427,Borivali Bistro,Desserts,463,54,4.2,Wallet,Mumbai - Powai,Delayed
105370,2025-04-30,C2288,Dadar Darbar,South Indian,711,85,3.5,Wallet,Mumbai - Colaba,Delivered
105371,2026-04-28,C6646,Powai Plates,Beverages,675,22,3.8,UPI,Mumbai - Vashi,Delivered
105372,2025-12-14,C4470,Borivali Bistro,Beverages,418,22,4.4,UPI,Mumbai - Kurla,Cancelled
105373,2026-04-04,C4933,Chembur Spice House,Healthy Food,1476,26,4.9,Wallet,Mumbai - Thane,Delivered
105374,2026-05-13,C8864,Vashi Veg Corner,South Indian,901,37,3.5,Cash,Mumbai - Borivali,Cancelled
105375,2026-04-20,C7496,Malad Food Hub,Biryani,1764,68,3.4,UPI,Mumbai - Chembur,Delivered
105376,2026-04-04,C2823,Vashi Veg Corner,South Indian,1080,53,4.2,Cash,Mumbai - Chembur,Delayed
105377,2025-05-08,C5207,Bandra Bites,North Indian,163,65,3.3,Debit Card,Mumbai - Ghatkopar,Delivered
105378,2025-06-05,C5265,Mumbai Tadka,Biryani,657,49,4.2,Cash,Mumbai - Chembur,Delivered
105379,2025-10-05,C6701,Kurla Kitchen,Biryani,720,40,3.3,UPI,Mumbai - Kurla,Delivered
105380,2025-08-07,C2948,Ghatkopar Grill,Burger,1669,65,4.4,Debit Card,Mumbai - Colaba,Delayed
105381,2025-10-31,C9442,Ghatkopar Grill,Desserts,1546,67,4.1,UPI,Mumbai - Bandra,Delivered
105382,2025-04-25,C9561,Powai Plates,Beverages,670,15,4.6,Wallet,Mumbai - Powai,Delivered
105383,2025-12-16,C5340,Bandra Bites,Burger,187,75,3.9,Wallet,Mumbai - Bandra,Cancelled
105384,2025-09-28,C3157,Ghatkopar Grill,North Indian,988,77,2.6,Wallet,Mumbai - Thane,Cancelled
105385,2026-02-25,C4014,Borivali Bistro,North Indian,1771,36,4.8,Credit Card,Mumbai - Kurla,Delayed
105386,2026-04-11,C7693,Marine Drive Meals,Desserts,735,65,4.6,Wallet,Mumbai - Colaba,Delivered
105387,2026-06-22,C1692,Bandra Bites,Chinese,1383,34,4.1,Wallet,Mumbai - Colaba,Delayed
105388,2026-03-04,C6206,Bandra Bites,Burger,403,82,3.9,UPI,Mumbai - Borivali,Delivered
105389,2025-09-22,C6462,Borivali Bistro,South Indian,1640,59,4.6,Credit Card,Mumbai - Malad,Delivered
105390,2025-06-20,C9958,Vashi Veg Corner,Desserts,1114,47,2.9,Wallet,Mumbai - Ghatkopar,Delivered
105391,2026-02-23,C6192,Mumbai Tadka,Pizza,321,54,4.8,Cash,Mumbai - Vashi,Cancelled
105392,2025-03-26,C4195,Chembur Spice House,Chinese,143,31,3.6,Cash,Mumbai - Bandra,Delivered
105393,2026-04-20,C1620,Malad Food Hub,Healthy Food,385,64,3.3,Cash,Mumbai - Colaba,Cancelled
105394,2025-07-26,C3222,Kurla Kitchen,Burger,1759,61,4.9,Cash,Mumbai - Dadar,Cancelled
105395,2026-01-31,C8611,Dadar Darbar,Beverages,796,33,3.8,Credit Card,Mumbai - Chembur,Delivered
105396,2025-10-17,C8367,Malad Food Hub,Burger,997,35,2.5,Debit Card,Mumbai - Kurla,Delivered
105397,2026-06-06,C8799,Bandra Bites,Pizza,414,26,4.5,Cash,Mumbai - Vashi,Delayed
105398,2025-01-14,C1571,Mumbai Tadka,Pizza,889,26,3.2,Wallet,Mumbai - Kurla,Delivered
105399,2026-05-19,C1621,Ghatkopar Grill,Beverages,1794,40,4.0,Wallet,Mumbai - Andheri,Delayed
105400,2025-12-13,C3718,Chembur Spice House,Healthy Food,511,46,4.8,UPI,Mumbai - Chembur,Delivered
105401,2026-03-14,C8074,Ghatkopar Grill,Burger,674,34,3.5,Credit Card,Mumbai - Ghatkopar,Delivered
105402,2025-01-10,C9672,Ghatkopar Grill,South Indian,1613,50,3.1,Cash,Mumbai - Malad,Delivered
105403,2025-01-13,C1787,Borivali Bistro,Burger,1076,85,2.6,UPI,Mumbai - Vashi,Delivered
105404,2026-05-15,C4426,Malad Food Hub,Beverages,418,25,4.8,Credit Card,Mumbai - Colaba,Delivered
105405,2026-06-22,C8847,Colaba Cafe,Burger,260,62,2.9,Wallet,Mumbai - Powai,Cancelled
105406,2025-08-27,C4352,Andheri Kitchen,Desserts,1327,48,3.7,UPI,Mumbai - Borivali,Delayed
105407,2025-08-27,C8503,Thane Treats,South Indian,1446,73,4.6,Debit Card,Mumbai - Vashi,Cancelled
105408,2025-04-18,C7609,Mumbai Tadka,Burger,1782,45,3.2,Cash,Mumbai - Borivali,Delivered
105409,2025-02-05,C3055,Thane Treats,Pizza,1012,39,2.9,Cash,Mumbai - Malad,Delivered
105410,2025-04-15,C9213,Colaba Cafe,Desserts,340,69,3.6,Wallet,Mumbai - Andheri,Delayed
105411,2025-10-13,C8805,Bandra Bites,Beverages,122,26,2.6,Wallet,Mumbai - Bandra,Cancelled
105412,2026-05-16,C4572,Borivali Bistro,North Indian,1754,50,2.5,Debit Card,Mumbai - Dadar,Delivered
105413,2025-07-03,C2843,Borivali Bistro,Healthy Food,551,50,3.4,UPI,Mumbai - Thane,Delivered
105414,2026-04-07,C9694,Marine Drive Meals,Beverages,800,75,4.2,Cash,Mumbai - Powai,Delivered
105415,2026-03-30,C3890,Marine Drive Meals,North Indian,1218,35,3.4,Wallet,Mumbai - Vashi,Delivered
105416,2025-09-28,C1672,Ghatkopar Grill,Biryani,167,23,4.2,Debit Card,Mumbai - Mulund,Delivered
105417,2026-05-07,C6477,Thane Treats,Beverages,1555,73,4.0,Credit Card,Mumbai - Powai,Cancelled
105418,2025-01-24,C8049,Malad Food Hub,Burger,357,49,4.1,Wallet,Mumbai - Colaba,Delivered
105419,2025-10-15,C5427,Marine Drive Meals,Pizza,726,54,4.4,Credit Card,Mumbai - Dadar,Delivered
105420,2026-03-07,C4006,Borivali Bistro,South Indian,423,72,4.8,UPI,Mumbai - Andheri,Delivered
105421,2025-11-23,C2428,Chembur Spice House,Burger,720,41,4.4,Cash,Mumbai - Andheri,Cancelled
105422,2025-06-07,C4482,Marine Drive Meals,Desserts,1191,52,4.1,Cash,Mumbai - Kurla,Delivered
105423,2025-01-06,C6958,Thane Treats,Chinese,1745,54,2.7,UPI,Mumbai - Colaba,Delivered
105424,2026-01-05,C7233,Borivali Bistro,Biryani,1602,18,3.8,Wallet,Mumbai - Chembur,Delivered
105425,2026-05-19,C1121,Marine Drive Meals,North Indian,626,17,2.6,Credit Card,Mumbai - Mulund,Delivered
105426,2025-07-25,C9195,Chembur Spice House,Pizza,580,59,4.3,Cash,Mumbai - Dadar,Delivered
105427,2026-03-05,C1800,Colaba Cafe,Chinese,1399,80,3.2,Credit Card,Mumbai - Malad,Cancelled
105428,2025-10-31,C8356,Mumbai Tadka,Healthy Food,140,31,5.0,Debit Card,Mumbai - Thane,Delivered
105429,2026-02-10,C9411,Marine Drive Meals,Healthy Food,1346,55,4.1,Credit Card,Mumbai - Malad,Delivered
105430,2025-07-15,C8525,Andheri Kitchen,North Indian,1362,80,4.7,Debit Card,Mumbai - Bandra,Cancelled
105431,2026-03-03,C8629,Dadar Darbar,Desserts,1512,34,4.8,Wallet,Mumbai - Ghatkopar,Delivered
105432,2025-05-20,C1550,Bandra Bites,Chinese,311,34,3.9,Wallet,Mumbai - Colaba,Delivered
105433,2026-03-15,C2469,Mumbai Tadka,Pizza,940,63,4.7,UPI,Mumbai - Powai,Delivered
105434,2025-08-01,C4561,Malad Food Hub,South Indian,1425,67,4.6,Debit Card,Mumbai - Andheri,Delivered
105435,2026-01-12,C6468,Powai Plates,Healthy Food,1736,63,3.7,Cash,Mumbai - Borivali,Delayed
105436,2026-05-28,C4767,Kurla Kitchen,Beverages,1483,59,4.3,UPI,Mumbai - Ghatkopar,Delivered
105437,2025-05-23,C9143,Marine Drive Meals,Healthy Food,1683,43,5.0,UPI,Mumbai - Vashi,Delivered
105438,2025-04-08,C9162,Malad Food Hub,Healthy Food,1409,46,2.6,Credit Card,Mumbai - Malad,Delivered
105439,2026-05-13,C9384,Vashi Veg Corner,Pizza,1661,70,3.4,Wallet,Mumbai - Powai,Delivered
105440,2025-02-23,C4346,Ghatkopar Grill,Healthy Food,976,39,4.9,Debit Card,Mumbai - Colaba,Delayed
105441,2026-05-11,C7527,Kurla Kitchen,Beverages,1434,81,2.7,Debit Card,Mumbai - Malad,Delivered
105442,2025-10-18,C8341,Borivali Bistro,Healthy Food,413,37,3.5,Credit Card,Mumbai - Borivali,Delivered
105443,2025-03-20,C9521,Dadar Darbar,Pizza,1404,42,4.8,Credit Card,Mumbai - Bandra,Delayed
105444,2025-01-26,C1841,Colaba Cafe,Healthy Food,1466,70,4.4,UPI,Mumbai - Vashi,Delivered
105445,2025-08-09,C7387,Vashi Veg Corner,Chinese,996,50,4.0,Cash,Mumbai - Kurla,Delivered
105446,2025-05-26,C6080,Ghatkopar Grill,Pizza,1584,57,4.9,Credit Card,Mumbai - Borivali,Cancelled
105447,2025-03-17,C7169,Borivali Bistro,Beverages,1291,39,2.7,Debit Card,Mumbai - Ghatkopar,Delivered
105448,2026-04-25,C5020,Bandra Bites,South Indian,413,52,4.9,Cash,Mumbai - Dadar,Cancelled
105449,2026-02-17,C1486,Thane Treats,Healthy Food,1051,15,4.2,Debit Card,Mumbai - Dadar,Delivered
105450,2025-11-09,C2327,Mumbai Tadka,Chinese,1623,50,4.5,UPI,Mumbai - Andheri,Cancelled
105451,2025-07-27,C9575,Powai Plates,Biryani,884,53,3.0,UPI,Mumbai - Chembur,Delivered
105452,2026-06-22,C8576,Marine Drive Meals,Pizza,583,15,4.8,UPI,Mumbai - Borivali,Delayed
105453,2026-06-10,C1083,Kurla Kitchen,Healthy Food,832,21,2.8,Cash,Mumbai - Bandra,Cancelled
105454,2025-05-19,C8278,Powai Plates,Biryani,283,68,4.8,Cash,Mumbai - Mulund,Cancelled
105455,2026-04-30,C5785,Borivali Bistro,Healthy Food,1268,42,2.7,Debit Card,Mumbai - Powai,Delivered
105456,2026-02-23,C7721,Ghatkopar Grill,Biryani,1598,47,4.5,Wallet,Mumbai - Andheri,Delayed
105457,2025-10-27,C5325,Ghatkopar Grill,Biryani,1775,85,3.0,Wallet,Mumbai - Malad,Delivered
105458,2025-01-28,C2373,Colaba Cafe,North Indian,759,79,2.8,Debit Card,Mumbai - Vashi,Delivered
105459,2025-07-05,C3508,Dadar Darbar,Beverages,582,21,4.8,Cash,Mumbai - Malad,Delivered
105460,2025-05-14,C6872,Andheri Kitchen,North Indian,272,66,4.3,UPI,Mumbai - Andheri,Delivered
105461,2026-05-13,C2164,Bandra Bites,North Indian,1646,37,4.1,UPI,Mumbai - Borivali,Cancelled
105462,2025-06-07,C2760,Borivali Bistro,Healthy Food,1169,65,3.7,Wallet,Mumbai - Ghatkopar,Cancelled
105463,2025-11-07,C5795,Ghatkopar Grill,Healthy Food,1552,64,3.7,Wallet,Mumbai - Vashi,Delayed
105464,2026-03-23,C5523,Chembur Spice House,Burger,744,82,4.5,Cash,Mumbai - Malad,Delayed
105465,2025-09-22,C1185,Ghatkopar Grill,Beverages,403,73,4.7,Cash,Mumbai - Mulund,Cancelled
105466,2026-06-06,C4596,Chembur Spice House,Healthy Food,714,69,3.4,UPI,Mumbai - Andheri,Delivered
105467,2025-01-01,C5338,Chembur Spice House,Chinese,576,78,4.6,Cash,Mumbai - Colaba,Delivered
105468,2025-07-14,C5161,Andheri Kitchen,Biryani,1403,50,2.7,Wallet,Mumbai - Thane,Delivered
105469,2026-05-15,C8978,Thane Treats,South Indian,1012,45,3.3,Debit Card,Mumbai - Andheri,Cancelled
105470,2026-01-06,C7907,Marine Drive Meals,Biryani,487,46,2.7,Debit Card,Mumbai - Colaba,Delayed
105471,2025-10-29,C1536,Borivali Bistro,Pizza,521,82,4.9,UPI,Mumbai - Colaba,Delivered
105472,2025-07-11,C5498,Malad Food Hub,Biryani,462,76,4.3,Credit Card,Mumbai - Ghatkopar,Delayed
105473,2025-06-19,C5129,Borivali Bistro,Beverages,1311,81,2.9,UPI,Mumbai - Chembur,Delivered
105474,2026-04-09,C7121,Mumbai Tadka,Burger,1580,70,4.4,UPI,Mumbai - Mulund,Delivered
105475,2025-12-04,C9740,Malad Food Hub,Chinese,804,58,3.0,Cash,Mumbai - Kurla,Delivered
105476,2025-04-06,C7457,Kurla Kitchen,South Indian,823,26,3.4,Wallet,Mumbai - Mulund,Delivered
105477,2025-10-06,C4705,Andheri Kitchen,Chinese,703,40,3.3,Wallet,Mumbai - Chembur,Cancelled
105478,2026-01-07,C5545,Bandra Bites,South Indian,313,72,4.0,Debit Card,Mumbai - Bandra,Delivered
105479,2025-03-23,C9750,Colaba Cafe,North Indian,770,69,4.3,Wallet,Mumbai - Mulund,Delivered
105480,2025-01-30,C6312,Thane Treats,Beverages,1527,47,4.4,Cash,Mumbai - Powai,Delivered
105481,2025-08-03,C6273,Vashi Veg Corner,North Indian,1320,52,3.4,UPI,Mumbai - Andheri,Cancelled
105482,2025-11-01,C3203,Ghatkopar Grill,Beverages,546,31,4.6,Cash,Mumbai - Kurla,Delivered
105483,2026-02-13,C2118,Bandra Bites,Healthy Food,796,25,3.2,Cash,Mumbai - Kurla,Delivered
105484,2025-07-24,C1318,Vashi Veg Corner,South Indian,1767,33,3.3,Credit Card,Mumbai - Borivali,Delivered
105485,2025-02-02,C6067,Colaba Cafe,Healthy Food,1637,27,3.8,UPI,Mumbai - Vashi,Delivered
105486,2025-02-24,C2565,Borivali Bistro,North Indian,1228,32,3.0,Credit Card,Mumbai - Dadar,Delivered
105487,2025-12-17,C4312,Andheri Kitchen,North Indian,1780,84,2.9,Debit Card,Mumbai - Bandra,Cancelled
105488,2026-03-19,C6015,Malad Food Hub,Biryani,1280,68,4.2,UPI,Mumbai - Andheri,Delivered
105489,2025-12-21,C6064,Dadar Darbar,Beverages,1253,73,2.6,Cash,Mumbai - Andheri,Delivered
105490,2025-03-06,C2204,Andheri Kitchen,Biryani,1040,41,3.4,UPI,Mumbai - Borivali,Delayed
105491,2025-11-08,C3642,Kurla Kitchen,Healthy Food,1005,60,3.0,Credit Card,Mumbai - Vashi,Delayed
105492,2025-01-19,C6202,Andheri Kitchen,Burger,1384,49,4.4,UPI,Mumbai - Bandra,Cancelled
105493,2026-03-12,C7694,Marine Drive Meals,Biryani,757,43,4.0,Debit Card,Mumbai - Colaba,Delivered
105494,2025-08-17,C5958,Malad Food Hub,Beverages,1617,44,3.4,Wallet,Mumbai - Thane,Delivered
105495,2026-04-16,C1946,Vashi Veg Corner,Biryani,177,17,4.3,Debit Card,Mumbai - Mulund,Cancelled
105496,2025-05-26,C1131,Malad Food Hub,North Indian,1128,82,3.4,Cash,Mumbai - Ghatkopar,Delayed
105497,2025-01-19,C4985,Marine Drive Meals,Beverages,1251,56,3.9,UPI,Mumbai - Malad,Cancelled
105498,2026-06-25,C4244,Colaba Cafe,Biryani,1023,55,4.1,UPI,Mumbai - Andheri,Delivered
105499,2026-02-26,C8339,Mumbai Tadka,Pizza,1332,23,3.5,Debit Card,Mumbai - Colaba,Delivered
105500,2025-07-11,C7846,Malad Food Hub,Pizza,732,34,4.7,Cash,Mumbai - Mulund,Delivered
105501,2026-04-02,C4020,Colaba Cafe,South Indian,318,38,3.0,Debit Card,Mumbai - Borivali,Delivered
105502,2026-01-04,C7970,Vashi Veg Corner,Chinese,1063,27,2.9,Credit Card,Mumbai - Chembur,Cancelled
105503,2025-08-03,C8952,Colaba Cafe,Chinese,1736,16,2.9,Debit Card,Mumbai - Kurla,Delivered
105504,2025-11-05,C2958,Chembur Spice House,Biryani,708,41,4.4,Debit Card,Mumbai - Vashi,Delivered
105505,2025-03-05,C2601,Powai Plates,Desserts,532,85,3.5,Cash,Mumbai - Kurla,Delivered
105506,2025-05-04,C8141,Bandra Bites,South Indian,1725,43,4.2,Wallet,Mumbai - Vashi,Delivered
105507,2026-05-25,C2985,Bandra Bites,Burger,1253,27,4.1,UPI,Mumbai - Andheri,Delivered
105508,2026-03-26,C7258,Marine Drive Meals,Burger,716,30,4.6,Wallet,Mumbai - Kurla,Delivered
105509,2025-04-29,C1705,Borivali Bistro,Burger,799,21,3.5,Debit Card,Mumbai - Vashi,Cancelled
105510,2025-01-10,C5095,Malad Food Hub,Beverages,1660,50,4.2,Wallet,Mumbai - Bandra,Delivered
105511,2026-01-18,C6538,Ghatkopar Grill,Desserts,650,41,3.5,Debit Card,Mumbai - Thane,Delivered
105512,2025-03-08,C5006,Colaba Cafe,Pizza,1672,59,4.8,Cash,Mumbai - Vashi,Cancelled
105513,2025-08-31,C5213,Malad Food Hub,Chinese,1522,54,2.6,Wallet,Mumbai - Chembur,Delivered
105514,2025-10-03,C5774,Mumbai Tadka,North Indian,503,42,3.2,Debit Card,Mumbai - Borivali,Cancelled
105515,2026-01-28,C6468,Chembur Spice House,North Indian,273,71,3.4,Cash,Mumbai - Powai,Delivered
105516,2025-09-08,C7261,Bandra Bites,Healthy Food,1284,79,4.5,UPI,Mumbai - Borivali,Delivered
105517,2025-02-09,C6314,Ghatkopar Grill,Biryani,940,23,3.2,Cash,Mumbai - Ghatkopar,Delayed
105518,2025-10-12,C3957,Bandra Bites,Desserts,1462,33,2.5,Cash,Mumbai - Powai,Delayed
105519,2025-11-25,C6167,Ghatkopar Grill,Healthy Food,411,23,4.0,Cash,Mumbai - Kurla,Delivered
105520,2026-06-02,C5662,Ghatkopar Grill,Beverages,949,64,3.5,Debit Card,Mumbai - Bandra,Delayed
105521,2026-04-22,C8867,Borivali Bistro,Pizza,734,55,3.7,UPI,Mumbai - Bandra,Delivered
105522,2025-06-27,C7650,Borivali Bistro,Chinese,796,27,3.7,UPI,Mumbai - Borivali,Delivered
105523,2025-12-08,C6824,Malad Food Hub,Beverages,910,44,3.5,Cash,Mumbai - Colaba,Delivered
105524,2026-06-13,C3617,Bandra Bites,South Indian,1261,44,3.5,UPI,Mumbai - Bandra,Delivered
105525,2026-05-07,C1130,Kurla Kitchen,Biryani,904,84,2.7,Wallet,Mumbai - Mulund,Cancelled
105526,2025-11-07,C6642,Borivali Bistro,Chinese,1311,34,3.6,Credit Card,Mumbai - Borivali,Delayed
105527,2026-05-24,C7449,Thane Treats,Beverages,1104,22,4.6,Debit Card,Mumbai - Colaba,Delivered
105528,2025-03-29,C4342,Mumbai Tadka,Chinese,1662,55,3.7,Debit Card,Mumbai - Thane,Delivered
105529,2026-03-13,C1784,Andheri Kitchen,Chinese,118,50,3.7,UPI,Mumbai - Borivali,Delayed
105530,2026-01-26,C8746,Kurla Kitchen,North Indian,845,23,3.5,UPI,Mumbai - Powai,Delivered
105531,2025-02-27,C5205,Marine Drive Meals,Pizza,968,59,2.8,UPI,Mumbai - Ghatkopar,Delayed
105532,2025-02-08,C5435,Kurla Kitchen,Desserts,1799,65,3.7,Credit Card,Mumbai - Powai,Delivered
105533,2026-02-07,C1235,Dadar Darbar,Beverages,557,71,4.1,Wallet,Mumbai - Malad,Delivered
105534,2026-06-11,C7902,Bandra Bites,Pizza,1574,53,2.6,Debit Card,Mumbai - Andheri,Delayed
105535,2025-12-21,C3382,Andheri Kitchen,Desserts,1569,17,4.2,Cash,Mumbai - Vashi,Cancelled
105536,2025-06-10,C4872,Andheri Kitchen,North Indian,1311,79,2.7,Debit Card,Mumbai - Powai,Delivered
105537,2025-08-01,C6225,Borivali Bistro,South Indian,550,19,2.5,Wallet,Mumbai - Malad,Delayed
105538,2026-02-17,C6624,Malad Food Hub,North Indian,1258,27,2.5,Debit Card,Mumbai - Kurla,Delivered
105539,2025-01-29,C3649,Chembur Spice House,Pizza,1766,16,4.9,Cash,Mumbai - Andheri,Delayed
105540,2025-05-20,C9723,Ghatkopar Grill,Burger,978,17,4.7,Cash,Mumbai - Andheri,Delivered
105541,2026-02-04,C1437,Vashi Veg Corner,Healthy Food,1123,67,3.7,Cash,Mumbai - Thane,Delayed
105542,2026-02-07,C3674,Dadar Darbar,Healthy Food,1280,50,3.7,Debit Card,Mumbai - Bandra,Delivered
105543,2026-04-05,C9903,Ghatkopar Grill,North Indian,791,25,4.5,Cash,Mumbai - Malad,Cancelled
105544,2026-01-05,C5788,Borivali Bistro,Biryani,1688,74,4.1,Debit Card,Mumbai - Andheri,Delayed
105545,2025-01-10,C2484,Thane Treats,Pizza,1096,66,4.6,Cash,Mumbai - Borivali,Delivered
105546,2025-04-07,C1867,Borivali Bistro,Biryani,1792,21,4.3,Debit Card,Mumbai - Chembur,Delivered
105547,2025-10-20,C8563,Malad Food Hub,Desserts,1716,44,4.4,UPI,Mumbai - Borivali,Delivered
105548,2025-02-04,C1484,Vashi Veg Corner,Burger,1748,77,4.3,Wallet,Mumbai - Powai,Delivered
105549,2025-09-14,C9251,Dadar Darbar,Desserts,523,40,4.7,Wallet,Mumbai - Mulund,Delayed
105550,2026-01-23,C1091,Borivali Bistro,North Indian,1406,80,2.9,Cash,Mumbai - Colaba,Delivered
105551,2026-01-17,C9911,Dadar Darbar,South Indian,1577,79,3.8,UPI,Mumbai - Bandra,Delivered
105552,2025-12-08,C8801,Thane Treats,Pizza,1653,78,3.4,Credit Card,Mumbai - Ghatkopar,Delivered
105553,2025-01-05,C6645,Bandra Bites,Healthy Food,1496,77,3.1,Cash,Mumbai - Malad,Delivered
105554,2025-11-02,C2728,Bandra Bites,Burger,337,68,3.2,Cash,Mumbai - Ghatkopar,Delivered
105555,2025-05-23,C2937,Dadar Darbar,Healthy Food,137,40,4.5,Wallet,Mumbai - Powai,Delivered
105556,2026-04-19,C3710,Marine Drive Meals,South Indian,404,71,4.8,Debit Card,Mumbai - Thane,Delivered
105557,2026-01-21,C3498,Malad Food Hub,Beverages,1428,49,4.7,UPI,Mumbai - Kurla,Delivered
105558,2025-01-11,C3336,Colaba Cafe,Chinese,928,83,4.6,Credit Card,Mumbai - Bandra,Delivered
105559,2025-03-25,C2180,Thane Treats,Beverages,734,18,4.9,Credit Card,Mumbai - Andheri,Delivered
105560,2025-11-22,C6703,Kurla Kitchen,Biryani,570,30,3.2,UPI,Mumbai - Borivali,Cancelled
105561,2025-06-18,C9395,Powai Plates,South Indian,702,19,3.1,UPI,Mumbai - Kurla,Cancelled
105562,2026-04-07,C4947,Borivali Bistro,Desserts,1387,61,2.9,Wallet,Mumbai - Borivali,Cancelled
105563,2025-11-08,C7046,Chembur Spice House,Healthy Food,904,80,3.6,Credit Card,Mumbai - Mulund,Delivered
105564,2025-03-27,C7455,Marine Drive Meals,Pizza,1203,26,4.5,Cash,Mumbai - Dadar,Cancelled
105565,2025-01-05,C7660,Vashi Veg Corner,Chinese,518,25,3.6,Wallet,Mumbai - Vashi,Delayed
105566,2025-07-15,C6274,Mumbai Tadka,Pizza,660,19,3.9,UPI,Mumbai - Malad,Cancelled
105567,2026-06-07,C6687,Marine Drive Meals,Beverages,169,43,4.5,Wallet,Mumbai - Mulund,Cancelled
105568,2025-06-27,C1136,Ghatkopar Grill,Beverages,317,60,4.6,Credit Card,Mumbai - Malad,Delayed
105569,2025-04-30,C3528,Marine Drive Meals,Desserts,141,29,3.9,Credit Card,Mumbai - Thane,Delivered
105570,2025-09-13,C5923,Dadar Darbar,Pizza,704,73,4.8,Debit Card,Mumbai - Vashi,Cancelled
105571,2026-04-16,C2013,Malad Food Hub,North Indian,248,84,2.8,Cash,Mumbai - Dadar,Delivered
105572,2025-07-31,C2908,Ghatkopar Grill,South Indian,707,44,4.6,Credit Card,Mumbai - Borivali,Delayed
105573,2026-06-25,C9685,Colaba Cafe,Beverages,1654,56,4.2,UPI,Mumbai - Malad,Delivered
105574,2025-09-09,C1266,Malad Food Hub,North Indian,732,27,3.8,Cash,Mumbai - Thane,Delivered
105575,2026-02-27,C6545,Kurla Kitchen,South Indian,584,37,4.9,Wallet,Mumbai - Borivali,Cancelled
105576,2026-04-18,C3231,Vashi Veg Corner,Beverages,1466,84,3.3,Credit Card,Mumbai - Thane,Cancelled
105577,2025-07-11,C9713,Kurla Kitchen,North Indian,1413,65,3.6,UPI,Mumbai - Kurla,Delayed
105578,2025-11-03,C4362,Malad Food Hub,Beverages,1695,47,2.8,UPI,Mumbai - Dadar,Delivered
105579,2025-09-13,C1095,Powai Plates,South Indian,403,38,3.8,Cash,Mumbai - Colaba,Delivered
105580,2026-06-18,C9796,Malad Food Hub,Desserts,363,65,3.3,Credit Card,Mumbai - Andheri,Cancelled
105581,2025-03-24,C8528,Chembur Spice House,South Indian,645,19,2.8,Debit Card,Mumbai - Powai,Delivered
105582,2026-03-13,C7186,Marine Drive Meals,Pizza,1607,42,3.1,Cash,Mumbai - Kurla,Delivered
105583,2025-09-29,C5637,Chembur Spice House,Chinese,550,50,4.6,Cash,Mumbai - Chembur,Delivered
105584,2026-06-06,C6613,Powai Plates,Biryani,666,71,5.0,UPI,Mumbai - Dadar,Delayed
105585,2025-06-22,C4772,Powai Plates,Pizza,433,38,4.3,Cash,Mumbai - Powai,Delivered
105586,2025-09-25,C6711,Andheri Kitchen,Chinese,826,18,4.3,Debit Card,Mumbai - Colaba,Delayed
105587,2025-06-01,C5810,Vashi Veg Corner,Desserts,440,65,3.0,Credit Card,Mumbai - Powai,Cancelled
105588,2025-12-20,C1939,Colaba Cafe,Biryani,605,85,2.7,UPI,Mumbai - Borivali,Delivered
105589,2026-02-21,C3243,Thane Treats,Desserts,1760,56,4.1,Cash,Mumbai - Chembur,Delivered
105590,2025-07-06,C9162,Ghatkopar Grill,Desserts,1758,44,4.1,UPI,Mumbai - Bandra,Delayed
105591,2025-11-02,C3147,Mumbai Tadka,Desserts,691,84,3.3,Debit Card,Mumbai - Chembur,Delayed
105592,2025-11-17,C6710,Malad Food Hub,North Indian,161,31,3.4,Wallet,Mumbai - Powai,Delayed
105593,2026-02-20,C2021,Marine Drive Meals,Desserts,891,16,3.5,Debit Card,Mumbai - Colaba,Delayed
105594,2026-03-26,C7842,Colaba Cafe,Biryani,369,35,4.8,UPI,Mumbai - Ghatkopar,Cancelled
105595,2025-11-14,C1178,Mumbai Tadka,South Indian,637,63,4.0,UPI,Mumbai - Bandra,Cancelled
105596,2026-03-16,C4713,Marine Drive Meals,Chinese,182,30,3.0,Cash,Mumbai - Bandra,Delayed
105597,2026-06-11,C5922,Chembur Spice House,North Indian,1053,28,3.0,Cash,Mumbai - Andheri,Delivered
105598,2025-01-29,C4015,Powai Plates,Healthy Food,312,80,3.0,UPI,Mumbai - Mulund,Delivered
105599,2025-03-02,C4851,Marine Drive Meals,Beverages,881,79,4.4,Cash,Mumbai - Vashi,Delivered
105600,2025-01-30,C6051,Kurla Kitchen,North Indian,1317,82,3.1,Cash,Mumbai - Powai,Cancelled
105601,2026-05-17,C5510,Bandra Bites,Beverages,526,84,3.8,Wallet,Mumbai - Dadar,Delayed
105602,2025-03-05,C5689,Colaba Cafe,South Indian,726,21,4.1,Credit Card,Mumbai - Colaba,Delayed
105603,2026-04-22,C7907,Andheri Kitchen,Burger,953,81,4.1,UPI,Mumbai - Chembur,Delivered
105604,2025-03-04,C5210,Kurla Kitchen,Burger,1072,58,3.4,Wallet,Mumbai - Mulund,Cancelled
105605,2025-03-21,C2075,Andheri Kitchen,Biryani,786,27,4.4,UPI,Mumbai - Powai,Delivered
105606,2025-03-10,C4146,Chembur Spice House,Chinese,684,63,4.0,Cash,Mumbai - Vashi,Delivered
105607,2025-06-21,C2767,Bandra Bites,Biryani,536,43,2.5,Debit Card,Mumbai - Chembur,Delivered
105608,2026-05-08,C9797,Thane Treats,South Indian,724,21,3.3,Debit Card,Mumbai - Borivali,Delivered
105609,2025-04-21,C9309,Colaba Cafe,Beverages,895,16,2.6,Credit Card,Mumbai - Thane,Delivered
105610,2025-04-03,C3000,Chembur Spice House,Pizza,1730,44,4.0,Wallet,Mumbai - Chembur,Delivered
105611,2026-03-10,C3851,Colaba Cafe,Desserts,661,35,4.8,Cash,Mumbai - Mulund,Delivered
105612,2025-11-07,C9945,Bandra Bites,North Indian,1096,66,3.7,Debit Card,Mumbai - Andheri,Delivered
105613,2025-04-07,C5183,Thane Treats,Pizza,708,81,3.5,Credit Card,Mumbai - Chembur,Delivered
105614,2026-01-08,C6916,Borivali Bistro,South Indian,552,33,3.8,UPI,Mumbai - Kurla,Delayed
105615,2026-01-12,C2940,Thane Treats,Pizza,1705,65,3.5,Cash,Mumbai - Bandra,Delayed
105616,2026-06-12,C6137,Thane Treats,Burger,750,48,2.7,Wallet,Mumbai - Mulund,Delayed
105617,2026-04-28,C5807,Dadar Darbar,Healthy Food,259,19,4.2,UPI,Mumbai - Powai,Delayed
105618,2025-02-08,C1239,Mumbai Tadka,Pizza,969,30,4.3,Debit Card,Mumbai - Ghatkopar,Delayed
105619,2025-08-09,C7172,Vashi Veg Corner,South Indian,1761,56,4.0,Wallet,Mumbai - Thane,Delayed
105620,2025-08-16,C3884,Ghatkopar Grill,Beverages,1770,41,4.1,Cash,Mumbai - Chembur,Delivered
105621,2025-11-06,C3236,Chembur Spice House,Burger,667,67,3.9,Debit Card,Mumbai - Ghatkopar,Delivered
105622,2025-01-05,C2315,Kurla Kitchen,Desserts,1258,58,4.6,Credit Card,Mumbai - Andheri,Delivered
105623,2025-10-17,C9831,Vashi Veg Corner,North Indian,1328,77,4.2,UPI,Mumbai - Colaba,Cancelled
105624,2025-11-02,C9979,Kurla Kitchen,South Indian,379,48,4.6,Credit Card,Mumbai - Colaba,Delayed
105625,2025-03-25,C7920,Thane Treats,Desserts,872,41,4.7,Cash,Mumbai - Thane,Delivered
105626,2025-03-24,C7331,Malad Food Hub,South Indian,236,84,3.9,UPI,Mumbai - Chembur,Delayed
105627,2025-08-25,C4712,Mumbai Tadka,Desserts,1611,42,3.3,Wallet,Mumbai - Ghatkopar,Delivered
105628,2025-10-23,C6742,Dadar Darbar,North Indian,1287,49,4.2,Debit Card,Mumbai - Vashi,Delivered
105629,2025-02-14,C9959,Vashi Veg Corner,North Indian,767,71,3.3,Cash,Mumbai - Powai,Delayed
105630,2025-01-26,C2628,Kurla Kitchen,Beverages,1377,19,3.7,UPI,Mumbai - Mulund,Delivered
105631,2025-09-20,C1070,Chembur Spice House,Healthy Food,719,81,4.0,Wallet,Mumbai - Malad,Delivered
105632,2025-06-07,C3244,Malad Food Hub,Pizza,1363,36,4.2,Cash,Mumbai - Chembur,Delivered
105633,2025-10-27,C9550,Thane Treats,Chinese,842,71,3.9,Credit Card,Mumbai - Malad,Delayed
105634,2025-11-11,C3333,Chembur Spice House,Burger,466,45,4.6,Debit Card,Mumbai - Dadar,Delivered
105635,2025-08-15,C5296,Kurla Kitchen,South Indian,278,23,4.1,Cash,Mumbai - Dadar,Cancelled
105636,2025-04-28,C1733,Chembur Spice House,Healthy Food,750,42,4.0,UPI,Mumbai - Ghatkopar,Cancelled
105637,2025-09-12,C7905,Powai Plates,South Indian,262,70,3.8,Credit Card,Mumbai - Kurla,Delayed
105638,2025-12-08,C3260,Bandra Bites,Beverages,499,58,4.3,Debit Card,Mumbai - Colaba,Delivered
105639,2025-03-21,C6922,Andheri Kitchen,North Indian,1692,67,3.3,UPI,Mumbai - Mulund,Delivered
105640,2025-11-24,C2722,Malad Food Hub,Beverages,1659,76,3.1,Wallet,Mumbai - Dadar,Delivered
105641,2026-06-07,C3030,Chembur Spice House,Healthy Food,494,16,4.4,UPI,Mumbai - Dadar,Cancelled
105642,2026-05-17,C1655,Vashi Veg Corner,Chinese,1597,60,2.9,Debit Card,Mumbai - Colaba,Delayed
105643,2025-02-25,C8358,Thane Treats,North Indian,831,29,2.7,Cash,Mumbai - Thane,Delivered
105644,2026-05-17,C6924,Thane Treats,North Indian,846,27,2.6,Cash,Mumbai - Vashi,Delayed
105645,2026-04-19,C9483,Thane Treats,Chinese,610,69,4.6,Credit Card,Mumbai - Kurla,Delayed
105646,2025-12-21,C1676,Malad Food Hub,Healthy Food,262,67,4.8,Debit Card,Mumbai - Powai,Delivered
105647,2026-04-24,C3179,Colaba Cafe,Desserts,1258,27,4.6,Credit Card,Mumbai - Colaba,Delayed
105648,2026-05-15,C1650,Chembur Spice House,Desserts,1113,75,3.0,Credit Card,Mumbai - Kurla,Delayed
105649,2025-12-21,C5787,Dadar Darbar,Desserts,648,75,4.6,UPI,Mumbai - Borivali,Delivered
105650,2026-06-10,C4142,Mumbai Tadka,Healthy Food,1238,44,3.1,Cash,Mumbai - Bandra,Delivered
105651,2025-01-22,C9096,Dadar Darbar,Beverages,388,19,3.0,UPI,Mumbai - Vashi,Cancelled
105652,2026-05-27,C1882,Kurla Kitchen,South Indian,753,42,4.2,Cash,Mumbai - Chembur,Delivered
105653,2026-06-23,C7266,Malad Food Hub,Biryani,283,56,3.7,Wallet,Mumbai - Bandra,Cancelled
105654,2025-04-10,C9385,Colaba Cafe,Biryani,102,74,3.2,Credit Card,Mumbai - Thane,Cancelled
105655,2026-05-11,C3612,Marine Drive Meals,Chinese,791,61,2.9,Cash,Mumbai - Vashi,Delivered
105656,2025-05-03,C3461,Andheri Kitchen,Biryani,314,73,2.7,UPI,Mumbai - Bandra,Delayed
105657,2025-06-25,C1688,Borivali Bistro,Healthy Food,1540,21,2.8,Cash,Mumbai - Ghatkopar,Delivered
105658,2026-04-21,C3055,Ghatkopar Grill,Healthy Food,701,57,2.7,Credit Card,Mumbai - Borivali,Delivered
105659,2026-06-23,C6740,Colaba Cafe,Biryani,1612,34,2.7,Cash,Mumbai - Vashi,Delivered
105660,2025-02-16,C2586,Kurla Kitchen,Beverages,1654,28,4.8,Credit Card,Mumbai - Colaba,Delivered
105661,2025-04-28,C6626,Malad Food Hub,Healthy Food,288,17,3.2,Debit Card,Mumbai - Mulund,Delivered
105662,2025-03-09,C6126,Marine Drive Meals,South Indian,1369,20,2.9,Wallet,Mumbai - Colaba,Cancelled
105663,2026-06-01,C9390,Bandra Bites,Healthy Food,1055,50,2.5,Wallet,Mumbai - Chembur,Cancelled
105664,2025-01-01,C7288,Kurla Kitchen,Chinese,455,71,3.3,Wallet,Mumbai - Malad,Delivered
105665,2026-01-26,C5909,Marine Drive Meals,Beverages,1546,23,3.2,Credit Card,Mumbai - Powai,Delayed
105666,2025-07-05,C8624,Marine Drive Meals,Beverages,1411,79,3.2,Debit Card,Mumbai - Thane,Cancelled
105667,2025-04-15,C7625,Ghatkopar Grill,Beverages,1385,56,4.0,Credit Card,Mumbai - Kurla,Delivered
105668,2025-02-11,C8071,Thane Treats,North Indian,454,45,2.7,Debit Card,Mumbai - Malad,Delayed
105669,2026-02-01,C4931,Vashi Veg Corner,South Indian,974,32,3.7,Cash,Mumbai - Thane,Delivered
105670,2025-09-09,C1472,Marine Drive Meals,Chinese,961,54,4.3,Cash,Mumbai - Dadar,Cancelled
105671,2025-04-28,C1177,Marine Drive Meals,Healthy Food,335,32,4.9,Debit Card,Mumbai - Borivali,Delayed
105672,2025-07-27,C2322,Vashi Veg Corner,South Indian,1695,56,2.6,Cash,Mumbai - Malad,Cancelled
105673,2026-01-19,C3015,Ghatkopar Grill,North Indian,294,63,3.0,Credit Card,Mumbai - Kurla,Cancelled
105674,2025-09-25,C5520,Vashi Veg Corner,Chinese,1164,35,3.8,Debit Card,Mumbai - Dadar,Delayed
105675,2026-05-31,C1933,Marine Drive Meals,Burger,1460,68,3.9,Credit Card,Mumbai - Kurla,Delivered
105676,2025-09-08,C5429,Malad Food Hub,Beverages,329,79,3.8,UPI,Mumbai - Thane,Delivered
105677,2025-09-30,C4804,Chembur Spice House,Healthy Food,652,23,4.1,Debit Card,Mumbai - Malad,Cancelled
105678,2025-03-01,C3461,Mumbai Tadka,North Indian,559,47,4.1,UPI,Mumbai - Chembur,Cancelled
105679,2026-02-06,C1518,Mumbai Tadka,Healthy Food,344,35,2.8,Wallet,Mumbai - Powai,Cancelled
105680,2025-12-05,C3120,Borivali Bistro,South Indian,1536,76,3.7,UPI,Mumbai - Thane,Delayed
105681,2025-09-27,C2015,Ghatkopar Grill,North Indian,1549,82,3.3,Wallet,Mumbai - Chembur,Delivered
105682,2025-08-29,C8725,Kurla Kitchen,Desserts,1494,24,4.2,Credit Card,Mumbai - Dadar,Cancelled
105683,2025-01-25,C2116,Colaba Cafe,Beverages,175,40,4.4,Debit Card,Mumbai - Vashi,Delivered
105684,2025-02-09,C2933,Vashi Veg Corner,Biryani,133,75,3.4,Credit Card,Mumbai - Bandra,Delivered
105685,2025-08-28,C7306,Borivali Bistro,Burger,781,50,4.6,Credit Card,Mumbai - Kurla,Delivered
105686,2025-02-18,C5665,Chembur Spice House,Pizza,934,62,4.6,Debit Card,Mumbai - Vashi,Delivered
105687,2025-01-27,C1178,Mumbai Tadka,North Indian,521,49,3.0,UPI,Mumbai - Andheri,Delivered
105688,2025-09-10,C3028,Borivali Bistro,Chinese,1476,60,4.2,Cash,Mumbai - Bandra,Cancelled
105689,2026-02-22,C3601,Vashi Veg Corner,Beverages,1177,59,4.2,UPI,Mumbai - Colaba,Cancelled
105690,2025-05-31,C3368,Vashi Veg Corner,Healthy Food,1012,62,4.5,Cash,Mumbai - Mulund,Delivered
105691,2025-05-28,C2815,Powai Plates,South Indian,748,16,4.1,Cash,Mumbai - Mulund,Delivered
105692,2025-05-25,C6223,Malad Food Hub,Beverages,332,35,3.2,Credit Card,Mumbai - Vashi,Delivered
105693,2025-04-04,C2897,Chembur Spice House,Desserts,1722,71,4.9,Credit Card,Mumbai - Thane,Delayed
105694,2025-11-25,C2786,Dadar Darbar,Beverages,684,46,4.0,Debit Card,Mumbai - Mulund,Cancelled
105695,2025-10-19,C6734,Dadar Darbar,Burger,394,75,3.2,Credit Card,Mumbai - Bandra,Delayed
105696,2025-07-18,C2158,Colaba Cafe,South Indian,1462,21,3.6,Wallet,Mumbai - Bandra,Delayed
105697,2025-03-19,C4979,Dadar Darbar,North Indian,1062,37,2.6,Credit Card,Mumbai - Powai,Delivered
105698,2025-02-09,C7089,Malad Food Hub,Biryani,1607,61,4.7,Debit Card,Mumbai - Borivali,Delivered
105699,2025-03-06,C9956,Marine Drive Meals,Beverages,1298,65,2.5,Cash,Mumbai - Kurla,Delivered
105700,2025-05-09,C3371,Mumbai Tadka,Biryani,1069,53,2.5,Debit Card,Mumbai - Malad,Delayed
105701,2025-04-12,C8328,Vashi Veg Corner,Beverages,423,72,3.0,Cash,Mumbai - Thane,Cancelled
105702,2026-06-11,C1563,Vashi Veg Corner,Biryani,1766,22,3.7,Wallet,Mumbai - Borivali,Cancelled
105703,2026-01-21,C2067,Bandra Bites,North Indian,948,52,3.6,Debit Card,Mumbai - Thane,Cancelled
105704,2025-09-07,C4169,Dadar Darbar,Desserts,1161,25,4.9,Debit Card,Mumbai - Ghatkopar,Delivered
105705,2025-06-09,C4128,Marine Drive Meals,Biryani,225,44,3.7,Credit Card,Mumbai - Powai,Delivered
105706,2026-04-05,C4122,Chembur Spice House,Pizza,398,59,4.9,Debit Card,Mumbai - Dadar,Delivered
105707,2025-05-28,C5713,Mumbai Tadka,North Indian,1217,19,2.6,Cash,Mumbai - Malad,Delivered
105708,2026-06-14,C3918,Colaba Cafe,Beverages,544,63,3.3,Wallet,Mumbai - Mulund,Delivered
105709,2026-02-08,C8501,Malad Food Hub,Beverages,1327,63,3.5,Cash,Mumbai - Malad,Delivered
105710,2026-02-12,C6391,Malad Food Hub,Healthy Food,236,47,3.0,Wallet,Mumbai - Mulund,Delivered
105711,2025-11-12,C5485,Marine Drive Meals,Desserts,1201,25,4.7,Wallet,Mumbai - Bandra,Delivered
105712,2025-02-18,C6649,Ghatkopar Grill,Beverages,1170,19,3.9,Cash,Mumbai - Bandra,Delivered
105713,2025-07-08,C2739,Powai Plates,Biryani,1566,66,3.9,Cash,Mumbai - Chembur,Delivered
105714,2025-05-20,C4600,Colaba Cafe,Pizza,769,29,4.5,Debit Card,Mumbai - Mulund,Delivered
105715,2025-03-11,C6023,Ghatkopar Grill,Chinese,1041,42,3.4,Credit Card,Mumbai - Dadar,Delayed
105716,2025-05-09,C5123,Marine Drive Meals,Healthy Food,468,67,3.3,Debit Card,Mumbai - Malad,Delivered
105717,2025-02-20,C8804,Mumbai Tadka,Biryani,580,57,4.0,Wallet,Mumbai - Borivali,Delayed
105718,2025-04-16,C4743,Malad Food Hub,Chinese,735,19,3.8,UPI,Mumbai - Borivali,Delivered
105719,2026-04-10,C4533,Powai Plates,North Indian,1533,74,4.9,UPI,Mumbai - Colaba,Delivered
105720,2025-03-06,C5891,Dadar Darbar,North Indian,1647,17,4.2,Wallet,Mumbai - Kurla,Delayed
105721,2025-03-22,C9217,Vashi Veg Corner,Healthy Food,851,40,3.1,Wallet,Mumbai - Dadar,Cancelled
105722,2026-04-28,C3655,Chembur Spice House,Beverages,1640,38,4.9,Cash,Mumbai - Andheri,Delivered
105723,2025-01-01,C3333,Powai Plates,Chinese,104,56,3.9,Debit Card,Mumbai - Borivali,Delivered
105724,2025-02-22,C9809,Ghatkopar Grill,Chinese,456,16,3.7,Debit Card,Mumbai - Dadar,Delayed
105725,2026-03-17,C3026,Dadar Darbar,Biryani,1615,81,3.6,Wallet,Mumbai - Vashi,Delivered
105726,2026-05-14,C2160,Powai Plates,Pizza,509,45,3.2,Debit Card,Mumbai - Borivali,Delivered
105727,2025-10-24,C4447,Marine Drive Meals,Healthy Food,733,67,3.2,Cash,Mumbai - Malad,Cancelled
105728,2026-06-06,C6648,Vashi Veg Corner,South Indian,105,53,3.4,UPI,Mumbai - Powai,Cancelled
105729,2026-03-31,C4699,Thane Treats,Biryani,1573,62,3.2,Wallet,Mumbai - Borivali,Delivered
105730,2026-06-06,C7925,Thane Treats,South Indian,738,22,3.3,Cash,Mumbai - Andheri,Delayed
105731,2026-02-11,C6916,Dadar Darbar,Healthy Food,636,84,3.9,Cash,Mumbai - Chembur,Cancelled
105732,2026-02-11,C9438,Mumbai Tadka,North Indian,621,39,2.6,Wallet,Mumbai - Powai,Delayed
105733,2025-08-31,C8663,Vashi Veg Corner,North Indian,1612,81,3.7,Debit Card,Mumbai - Mulund,Cancelled
105734,2026-05-03,C6695,Vashi Veg Corner,North Indian,677,23,4.3,Wallet,Mumbai - Vashi,Delivered
105735,2025-01-22,C7296,Powai Plates,Burger,1317,36,4.2,UPI,Mumbai - Malad,Delivered
105736,2025-12-14,C8859,Ghatkopar Grill,Desserts,693,42,3.0,Credit Card,Mumbai - Chembur,Delivered
105737,2025-04-05,C8677,Colaba Cafe,North Indian,1602,45,2.9,Cash,Mumbai - Bandra,Delivered
105738,2025-09-05,C8944,Vashi Veg Corner,Beverages,1462,16,3.3,Cash,Mumbai - Mulund,Delivered
105739,2025-08-08,C2052,Marine Drive Meals,Desserts,1052,31,4.9,Cash,Mumbai - Vashi,Delivered
105740,2026-05-22,C8360,Powai Plates,Healthy Food,230,50,4.7,Debit Card,Mumbai - Powai,Delivered
105741,2026-03-26,C6151,Marine Drive Meals,Burger,1238,24,3.9,UPI,Mumbai - Ghatkopar,Delivered
105742,2026-05-18,C1713,Borivali Bistro,Beverages,180,68,5.0,Credit Card,Mumbai - Vashi,Cancelled
105743,2026-05-10,C1616,Andheri Kitchen,Pizza,834,84,3.5,Cash,Mumbai - Andheri,Delayed
105744,2026-05-19,C4717,Colaba Cafe,Burger,567,68,3.8,Credit Card,Mumbai - Borivali,Delivered
105745,2025-04-30,C4301,Borivali Bistro,Desserts,683,85,4.4,Wallet,Mumbai - Chembur,Cancelled
105746,2025-11-16,C7542,Andheri Kitchen,Biryani,1538,79,3.9,Credit Card,Mumbai - Bandra,Delayed
105747,2025-04-02,C2234,Chembur Spice House,Pizza,1378,37,2.8,Cash,Mumbai - Vashi,Delivered
105748,2026-05-08,C7851,Andheri Kitchen,Desserts,419,61,4.5,Credit Card,Mumbai - Chembur,Delivered
105749,2026-06-14,C6950,Malad Food Hub,North Indian,1203,71,4.5,Wallet,Mumbai - Chembur,Cancelled
105750,2025-03-22,C8996,Andheri Kitchen,Beverages,642,57,3.0,Debit Card,Mumbai - Borivali,Delayed
105751,2026-04-18,C9006,Kurla Kitchen,Desserts,1088,48,4.6,Credit Card,Mumbai - Kurla,Delivered
105752,2025-11-03,C5663,Mumbai Tadka,Chinese,819,52,3.5,Cash,Mumbai - Powai,Delivered
105753,2025-03-13,C4825,Kurla Kitchen,Beverages,1476,25,4.2,UPI,Mumbai - Malad,Delivered
105754,2025-12-29,C4572,Bandra Bites,Biryani,1472,47,3.8,UPI,Mumbai - Colaba,Delayed
105755,2026-01-07,C1355,Kurla Kitchen,Healthy Food,602,60,4.5,UPI,Mumbai - Malad,Delivered
105756,2026-02-24,C1625,Ghatkopar Grill,Biryani,303,23,4.3,Debit Card,Mumbai - Thane,Delayed
105757,2025-03-16,C9706,Mumbai Tadka,South Indian,954,19,3.5,Cash,Mumbai - Bandra,Delivered
105758,2026-05-06,C6913,Marine Drive Meals,Burger,417,54,3.2,Cash,Mumbai - Vashi,Delivered
105759,2025-04-25,C1023,Marine Drive Meals,Biryani,1654,43,4.5,Credit Card,Mumbai - Thane,Delivered
105760,2026-04-18,C3501,Vashi Veg Corner,Beverages,1068,72,4.8,Debit Card,Mumbai - Dadar,Delivered
105761,2025-07-14,C4997,Marine Drive Meals,Chinese,539,44,3.1,UPI,Mumbai - Colaba,Cancelled
105762,2026-04-12,C4091,Borivali Bistro,South Indian,1735,80,4.0,Cash,Mumbai - Powai,Cancelled
105763,2026-01-03,C3266,Dadar Darbar,North Indian,1667,83,3.0,Debit Card,Mumbai - Andheri,Delivered
105764,2025-01-01,C1833,Marine Drive Meals,Beverages,844,72,3.6,Credit Card,Mumbai - Colaba,Delayed
105765,2025-09-26,C5109,Powai Plates,Biryani,1692,61,2.5,UPI,Mumbai - Thane,Delivered
105766,2025-11-18,C8130,Mumbai Tadka,Desserts,1494,29,4.6,UPI,Mumbai - Thane,Delivered
105767,2026-02-23,C2262,Powai Plates,North Indian,606,51,2.8,Credit Card,Mumbai - Andheri,Delayed
105768,2026-06-15,C5474,Marine Drive Meals,Healthy Food,1138,54,4.5,Credit Card,Mumbai - Thane,Delivered
105769,2025-05-18,C8093,Mumbai Tadka,Desserts,1354,78,4.0,Credit Card,Mumbai - Andheri,Cancelled
105770,2025-12-08,C8213,Dadar Darbar,Beverages,1766,52,4.1,UPI,Mumbai - Ghatkopar,Delivered
105771,2025-07-29,C8674,Bandra Bites,Healthy Food,141,47,2.8,Credit Card,Mumbai - Borivali,Cancelled
105772,2025-03-11,C1322,Marine Drive Meals,Beverages,492,38,3.7,Debit Card,Mumbai - Kurla,Delivered
105773,2025-07-14,C1612,Colaba Cafe,Pizza,896,16,3.9,Debit Card,Mumbai - Borivali,Cancelled
105774,2026-01-28,C1015,Chembur Spice House,Chinese,1603,50,2.9,Debit Card,Mumbai - Vashi,Delayed
105775,2025-09-07,C9213,Borivali Bistro,Burger,1731,82,2.7,Wallet,Mumbai - Malad,Cancelled
105776,2025-07-04,C4412,Andheri Kitchen,Desserts,305,64,4.9,Wallet,Mumbai - Malad,Delivered
105777,2026-02-12,C6529,Mumbai Tadka,Desserts,886,80,3.6,Credit Card,Mumbai - Malad,Delivered
105778,2025-09-05,C1222,Vashi Veg Corner,Beverages,1500,36,3.7,Wallet,Mumbai - Andheri,Delivered
105779,2026-06-08,C7299,Colaba Cafe,Healthy Food,1446,19,2.6,Debit Card,Mumbai - Malad,Delivered
105780,2025-08-26,C5560,Thane Treats,Burger,869,47,3.1,Wallet,Mumbai - Vashi,Delivered
105781,2025-01-12,C3573,Powai Plates,Burger,1547,21,4.3,Wallet,Mumbai - Ghatkopar,Delivered
105782,2025-03-19,C1407,Powai Plates,Beverages,1589,71,3.6,Credit Card,Mumbai - Bandra,Delivered
105783,2026-03-22,C4891,Colaba Cafe,South Indian,326,25,5.0,UPI,Mumbai - Ghatkopar,Delivered
105784,2025-09-02,C9149,Chembur Spice House,Pizza,1647,58,3.9,Cash,Mumbai - Andheri,Delivered
105785,2026-01-01,C8984,Ghatkopar Grill,Pizza,788,77,4.3,Credit Card,Mumbai - Dadar,Delivered
105786,2025-06-17,C8121,Mumbai Tadka,Burger,745,43,3.5,UPI,Mumbai - Mulund,Delivered
105787,2026-03-12,C4244,Mumbai Tadka,Chinese,872,56,2.6,Debit Card,Mumbai - Powai,Cancelled
105788,2025-12-06,C3670,Colaba Cafe,North Indian,530,65,3.8,Credit Card,Mumbai - Kurla,Cancelled
105789,2025-04-27,C4190,Powai Plates,Chinese,1300,31,4.7,Cash,Mumbai - Mulund,Delivered
105790,2025-06-19,C2479,Andheri Kitchen,Beverages,1662,81,2.8,Wallet,Mumbai - Colaba,Delivered
105791,2026-02-10,C4930,Thane Treats,Pizza,1694,32,3.0,Credit Card,Mumbai - Bandra,Cancelled
105792,2025-07-09,C8808,Powai Plates,South Indian,1268,65,4.5,Credit Card,Mumbai - Malad,Delivered
105793,2025-03-04,C8694,Powai Plates,Biryani,1121,63,2.8,Wallet,Mumbai - Malad,Delivered
105794,2025-10-03,C6986,Marine Drive Meals,Biryani,1141,47,3.7,Cash,Mumbai - Andheri,Cancelled
105795,2025-12-22,C9929,Dadar Darbar,Chinese,1045,83,4.6,Debit Card,Mumbai - Bandra,Delivered
105796,2025-10-09,C6201,Chembur Spice House,Biryani,831,62,2.5,Debit Card,Mumbai - Andheri,Delayed
105797,2025-11-05,C1359,Malad Food Hub,Desserts,873,57,3.4,Cash,Mumbai - Vashi,Delayed
105798,2025-02-09,C8851,Dadar Darbar,Desserts,1774,19,3.1,UPI,Mumbai - Dadar,Delivered
105799,2025-10-12,C8024,Andheri Kitchen,Desserts,748,42,4.2,Cash,Mumbai - Bandra,Delivered
105800,2026-01-18,C3578,Powai Plates,Burger,144,15,3.8,Debit Card,Mumbai - Thane,Cancelled
105801,2025-09-12,C1477,Vashi Veg Corner,North Indian,1718,56,4.9,Credit Card,Mumbai - Kurla,Cancelled
105802,2025-03-04,C8906,Dadar Darbar,Healthy Food,1019,76,3.3,UPI,Mumbai - Bandra,Delivered
105803,2025-02-13,C7380,Chembur Spice House,North Indian,994,75,3.5,Cash,Mumbai - Chembur,Delivered
105804,2025-01-12,C3151,Thane Treats,North Indian,721,64,4.5,Wallet,Mumbai - Malad,Delayed
105805,2025-04-04,C3670,Vashi Veg Corner,Burger,1491,57,3.2,Cash,Mumbai - Andheri,Delayed
105806,2025-02-16,C3260,Powai Plates,South Indian,729,31,3.1,Debit Card,Mumbai - Andheri,Delayed
105807,2026-06-09,C2145,Andheri Kitchen,Beverages,493,73,4.9,UPI,Mumbai - Vashi,Delayed
105808,2025-04-07,C1525,Bandra Bites,Biryani,1379,21,4.4,Wallet,Mumbai - Ghatkopar,Delivered
105809,2025-01-19,C9086,Borivali Bistro,Chinese,1404,51,3.3,Cash,Mumbai - Bandra,Delivered
105810,2026-04-25,C7857,Powai Plates,Healthy Food,1233,60,3.1,Credit Card,Mumbai - Borivali,Delivered
105811,2025-06-17,C5952,Bandra Bites,South Indian,144,57,4.7,Wallet,Mumbai - Andheri,Delayed
105812,2025-04-30,C1289,Dadar Darbar,North Indian,974,63,3.8,UPI,Mumbai - Powai,Delivered
105813,2025-01-06,C9395,Malad Food Hub,Chinese,1587,63,4.6,Credit Card,Mumbai - Malad,Delivered
105814,2025-08-05,C7380,Andheri Kitchen,Biryani,1051,16,3.7,Wallet,Mumbai - Dadar,Cancelled
105815,2025-08-09,C5321,Chembur Spice House,Pizza,1713,16,4.1,Cash,Mumbai - Vashi,Delivered
105816,2025-08-22,C7843,Borivali Bistro,Pizza,1709,63,3.0,UPI,Mumbai - Chembur,Delayed
105817,2025-09-01,C2058,Marine Drive Meals,Desserts,855,61,3.4,Debit Card,Mumbai - Mulund,Delivered
105818,2026-05-14,C5744,Kurla Kitchen,Healthy Food,911,19,3.6,Wallet,Mumbai - Chembur,Delivered
105819,2026-05-19,C9782,Borivali Bistro,Desserts,501,42,3.5,UPI,Mumbai - Andheri,Delivered
105820,2025-08-30,C4084,Thane Treats,Pizza,558,53,3.2,Credit Card,Mumbai - Dadar,Cancelled
105821,2026-03-03,C3663,Kurla Kitchen,Pizza,423,46,4.7,Debit Card,Mumbai - Dadar,Delivered
105822,2026-03-08,C5387,Mumbai Tadka,Biryani,741,54,4.7,UPI,Mumbai - Thane,Delivered
105823,2025-08-25,C7277,Borivali Bistro,Pizza,119,62,4.1,Wallet,Mumbai - Mulund,Delivered
105824,2026-05-14,C4334,Colaba Cafe,Pizza,516,63,4.7,Credit Card,Mumbai - Mulund,Delivered
105825,2025-12-25,C5794,Malad Food Hub,Burger,535,51,4.1,Debit Card,Mumbai - Powai,Delivered
105826,2026-04-17,C4485,Ghatkopar Grill,Healthy Food,1353,55,4.5,Debit Card,Mumbai - Powai,Delivered
105827,2026-06-25,C5386,Bandra Bites,Pizza,1591,37,4.0,Debit Card,Mumbai - Malad,Cancelled
105828,2026-05-19,C9597,Ghatkopar Grill,Healthy Food,1337,23,3.0,Cash,Mumbai - Andheri,Cancelled
105829,2026-05-17,C7058,Malad Food Hub,Biryani,1685,34,3.2,Wallet,Mumbai - Malad,Delivered
105830,2026-05-31,C3219,Powai Plates,Burger,1486,63,4.1,UPI,Mumbai - Bandra,Cancelled
105831,2025-05-12,C4529,Dadar Darbar,Beverages,455,39,2.5,Credit Card,Mumbai - Mulund,Delivered
105832,2025-06-05,C6891,Chembur Spice House,North Indian,1276,38,3.5,Wallet,Mumbai - Vashi,Delivered
105833,2025-01-14,C2876,Chembur Spice House,Biryani,1678,82,3.1,UPI,Mumbai - Bandra,Delivered
105834,2025-03-03,C2791,Malad Food Hub,North Indian,554,39,2.6,Wallet,Mumbai - Borivali,Cancelled
105835,2026-01-24,C3139,Thane Treats,Pizza,1650,63,4.1,Debit Card,Mumbai - Kurla,Delivered
105836,2025-02-10,C6092,Powai Plates,Biryani,236,60,3.0,Credit Card,Mumbai - Thane,Delayed
105837,2025-09-14,C8811,Malad Food Hub,Chinese,267,42,2.8,Cash,Mumbai - Kurla,Delivered
105838,2026-05-16,C2829,Kurla Kitchen,Chinese,365,85,3.3,Wallet,Mumbai - Bandra,Delivered
105839,2026-01-06,C1474,Vashi Veg Corner,Biryani,1212,58,3.8,Cash,Mumbai - Ghatkopar,Delayed
105840,2025-08-18,C7872,Andheri Kitchen,Chinese,1556,45,3.7,Wallet,Mumbai - Colaba,Cancelled
105841,2026-03-20,C5488,Dadar Darbar,Healthy Food,852,38,3.6,Cash,Mumbai - Dadar,Delivered
105842,2026-04-17,C8535,Vashi Veg Corner,North Indian,817,60,2.8,UPI,Mumbai - Borivali,Delivered
105843,2026-03-28,C2349,Dadar Darbar,Pizza,1438,31,4.7,Credit Card,Mumbai - Borivali,Delivered
105844,2025-06-08,C5989,Vashi Veg Corner,Healthy Food,1184,29,4.1,Debit Card,Mumbai - Borivali,Delivered
105845,2025-08-31,C9032,Kurla Kitchen,North Indian,1255,36,3.5,Debit Card,Mumbai - Colaba,Delayed
105846,2025-05-07,C6052,Vashi Veg Corner,Beverages,1317,32,4.1,UPI,Mumbai - Chembur,Cancelled
105847,2025-03-27,C8156,Vashi Veg Corner,Beverages,471,80,5.0,Credit Card,Mumbai - Bandra,Cancelled
105848,2026-05-23,C7879,Bandra Bites,Burger,1384,77,4.5,Cash,Mumbai - Mulund,Delayed
105849,2025-08-16,C8064,Kurla Kitchen,South Indian,828,17,4.1,Cash,Mumbai - Powai,Delivered
105850,2025-08-29,C4999,Colaba Cafe,North Indian,752,44,5.0,Credit Card,Mumbai - Powai,Delivered
105851,2025-12-17,C8614,Thane Treats,Biryani,1102,39,2.7,Wallet,Mumbai - Vashi,Delivered
105852,2025-09-11,C8091,Thane Treats,Desserts,1723,85,4.7,Wallet,Mumbai - Dadar,Delivered
105853,2025-07-19,C3411,Chembur Spice House,North Indian,1002,24,2.9,Cash,Mumbai - Mulund,Cancelled
105854,2025-10-23,C7224,Borivali Bistro,North Indian,1624,83,4.2,Wallet,Mumbai - Kurla,Delivered
105855,2025-10-06,C7098,Thane Treats,Burger,1208,37,3.7,UPI,Mumbai - Andheri,Delayed
105856,2025-11-08,C1659,Mumbai Tadka,Healthy Food,1051,35,4.4,Credit Card,Mumbai - Bandra,Cancelled
105857,2025-08-12,C3876,Andheri Kitchen,Healthy Food,815,26,4.7,Wallet,Mumbai - Colaba,Delayed
105858,2025-10-13,C1867,Bandra Bites,Desserts,412,16,4.3,Credit Card,Mumbai - Powai,Cancelled
105859,2025-12-02,C1380,Kurla Kitchen,Chinese,254,30,3.7,Debit Card,Mumbai - Colaba,Cancelled
105860,2025-12-02,C2047,Marine Drive Meals,Biryani,1199,44,2.7,Wallet,Mumbai - Borivali,Cancelled
105861,2025-09-30,C5447,Borivali Bistro,Chinese,758,17,2.7,Credit Card,Mumbai - Chembur,Delivered
105862,2026-01-26,C8329,Bandra Bites,Healthy Food,1515,46,3.3,UPI,Mumbai - Chembur,Cancelled
105863,2026-04-18,C6809,Colaba Cafe,Chinese,1485,40,4.6,UPI,Mumbai - Powai,Delayed
105864,2026-05-27,C2677,Ghatkopar Grill,North Indian,594,75,2.8,Credit Card,Mumbai - Thane,Delivered
105865,2026-06-11,C4051,Dadar Darbar,Healthy Food,1503,62,3.7,Credit Card,Mumbai - Thane,Delivered
105866,2026-03-19,C1622,Dadar Darbar,South Indian,934,19,3.4,UPI,Mumbai - Malad,Delivered
105867,2025-10-21,C5241,Colaba Cafe,Healthy Food,1686,83,2.5,Cash,Mumbai - Vashi,Delayed
105868,2026-01-13,C6738,Dadar Darbar,Desserts,322,69,4.3,Credit Card,Mumbai - Andheri,Delivered
105869,2025-12-08,C2904,Bandra Bites,Healthy Food,669,84,4.4,UPI,Mumbai - Dadar,Delayed
105870,2025-02-18,C4651,Borivali Bistro,Chinese,850,29,2.6,Debit Card,Mumbai - Andheri,Delayed
105871,2026-04-14,C6463,Kurla Kitchen,Desserts,571,74,3.7,UPI,Mumbai - Ghatkopar,Delivered
105872,2026-02-05,C9382,Malad Food Hub,Beverages,603,45,5.0,Credit Card,Mumbai - Chembur,Delayed
105873,2025-10-03,C3540,Colaba Cafe,Pizza,636,69,4.7,Credit Card,Mumbai - Dadar,Cancelled
105874,2025-04-09,C7982,Andheri Kitchen,Biryani,245,58,3.7,Debit Card,Mumbai - Mulund,Delayed
105875,2025-01-03,C3618,Andheri Kitchen,North Indian,1614,69,3.5,Credit Card,Mumbai - Borivali,Cancelled
105876,2025-01-11,C7106,Marine Drive Meals,Healthy Food,271,18,3.2,Debit Card,Mumbai - Powai,Cancelled
105877,2026-06-02,C1240,Bandra Bites,Burger,1181,44,3.0,UPI,Mumbai - Bandra,Cancelled
105878,2025-01-14,C5623,Kurla Kitchen,North Indian,740,83,3.9,UPI,Mumbai - Andheri,Delivered
105879,2025-03-29,C8833,Chembur Spice House,North Indian,130,69,4.2,Wallet,Mumbai - Thane,Delivered
105880,2025-11-26,C3523,Malad Food Hub,Chinese,1180,65,4.5,UPI,Mumbai - Bandra,Cancelled
105881,2025-05-13,C3074,Chembur Spice House,Burger,392,82,4.5,Cash,Mumbai - Ghatkopar,Delivered
105882,2025-09-29,C9680,Kurla Kitchen,Chinese,1473,67,3.1,UPI,Mumbai - Ghatkopar,Delivered
105883,2026-05-20,C5694,Chembur Spice House,South Indian,1577,34,4.9,Wallet,Mumbai - Thane,Delivered
105884,2025-08-22,C4012,Mumbai Tadka,North Indian,1652,66,2.9,Debit Card,Mumbai - Powai,Delayed
105885,2026-04-24,C5553,Bandra Bites,South Indian,1276,28,4.1,Wallet,Mumbai - Ghatkopar,Cancelled
105886,2026-04-02,C2387,Chembur Spice House,Pizza,437,60,2.7,Credit Card,Mumbai - Dadar,Delayed
105887,2025-01-02,C7949,Kurla Kitchen,Biryani,1487,58,2.7,Wallet,Mumbai - Kurla,Cancelled
105888,2025-09-21,C6794,Thane Treats,Beverages,1001,28,2.5,Wallet,Mumbai - Malad,Delivered
105889,2025-04-13,C2083,Borivali Bistro,Desserts,100,64,4.3,UPI,Mumbai - Bandra,Delivered
105890,2026-04-25,C8613,Malad Food Hub,Biryani,532,76,3.2,UPI,Mumbai - Ghatkopar,Cancelled
105891,2026-01-29,C3815,Marine Drive Meals,Burger,1533,38,3.0,Debit Card,Mumbai - Bandra,Delivered
105892,2026-05-17,C8698,Malad Food Hub,Burger,515,18,2.6,Cash,Mumbai - Borivali,Delivered
105893,2026-06-16,C5129,Bandra Bites,Healthy Food,405,77,3.5,Cash,Mumbai - Andheri,Delayed
105894,2025-11-10,C2405,Chembur Spice House,South Indian,1519,68,2.9,UPI,Mumbai - Bandra,Delivered
105895,2025-02-24,C4231,Marine Drive Meals,Biryani,774,42,2.8,Debit Card,Mumbai - Dadar,Delivered
105896,2025-09-16,C4480,Andheri Kitchen,Chinese,1322,57,4.1,Debit Card,Mumbai - Malad,Delivered
105897,2025-04-29,C2908,Ghatkopar Grill,Chinese,276,41,2.6,Wallet,Mumbai - Mulund,Cancelled
105898,2025-06-13,C3112,Thane Treats,Pizza,781,47,4.5,Debit Card,Mumbai - Thane,Cancelled
105899,2026-03-30,C2666,Powai Plates,Desserts,772,19,4.5,UPI,Mumbai - Bandra,Delivered
105900,2025-12-24,C8934,Andheri Kitchen,Pizza,1223,65,3.3,UPI,Mumbai - Ghatkopar,Cancelled
105901,2025-06-14,C5404,Thane Treats,North Indian,268,58,3.8,Cash,Mumbai - Andheri,Cancelled
105902,2025-04-06,C2598,Dadar Darbar,South Indian,638,31,4.0,Debit Card,Mumbai - Kurla,Delivered
105903,2026-05-31,C5000,Andheri Kitchen,Healthy Food,211,28,2.5,Debit Card,Mumbai - Bandra,Delivered
105904,2026-05-06,C9499,Andheri Kitchen,Desserts,892,17,3.0,Cash,Mumbai - Malad,Delivered
105905,2025-06-21,C5726,Andheri Kitchen,Beverages,535,27,4.0,UPI,Mumbai - Powai,Delivered
105906,2025-09-02,C2820,Thane Treats,Biryani,1305,34,2.8,Wallet,Mumbai - Dadar,Delivered
105907,2026-06-02,C3651,Chembur Spice House,Chinese,163,79,2.6,Wallet,Mumbai - Kurla,Delivered
105908,2026-01-09,C6875,Kurla Kitchen,Biryani,197,35,3.7,Cash,Mumbai - Andheri,Delivered
105909,2025-07-16,C5777,Borivali Bistro,Burger,246,28,2.6,Debit Card,Mumbai - Chembur,Delivered
105910,2025-06-29,C8844,Kurla Kitchen,Desserts,328,32,4.8,Wallet,Mumbai - Thane,Delayed
105911,2025-03-14,C8162,Bandra Bites,Chinese,1093,47,2.8,Cash,Mumbai - Malad,Delivered
105912,2025-09-01,C4916,Thane Treats,Healthy Food,1790,53,4.5,Cash,Mumbai - Thane,Cancelled
105913,2025-07-07,C5687,Dadar Darbar,South Indian,754,29,3.6,Wallet,Mumbai - Borivali,Delivered
105914,2026-06-19,C5766,Bandra Bites,Beverages,1198,79,3.2,Cash,Mumbai - Ghatkopar,Delayed
105915,2026-06-03,C8245,Vashi Veg Corner,Pizza,740,55,3.8,Cash,Mumbai - Thane,Delivered
105916,2025-09-28,C7582,Kurla Kitchen,Desserts,1522,74,3.3,UPI,Mumbai - Kurla,Delivered
105917,2026-02-25,C8892,Bandra Bites,Burger,1291,29,2.8,UPI,Mumbai - Kurla,Delayed
105918,2026-03-19,C7576,Malad Food Hub,Biryani,801,35,3.7,UPI,Mumbai - Ghatkopar,Delivered
105919,2026-04-05,C9619,Powai Plates,Biryani,126,19,4.6,UPI,Mumbai - Borivali,Delivered
105920,2025-09-01,C3776,Powai Plates,Biryani,1221,72,4.9,Wallet,Mumbai - Andheri,Delivered
105921,2026-05-07,C3816,Thane Treats,Healthy Food,1707,65,4.7,Cash,Mumbai - Dadar,Delivered
105922,2025-11-16,C1857,Andheri Kitchen,Beverages,116,48,4.3,Cash,Mumbai - Thane,Delivered
105923,2025-08-22,C6566,Dadar Darbar,Chinese,613,44,4.7,Cash,Mumbai - Kurla,Delivered
105924,2025-09-20,C7180,Vashi Veg Corner,Healthy Food,764,83,3.2,Debit Card,Mumbai - Andheri,Delivered
105925,2025-02-26,C6925,Borivali Bistro,Burger,1397,21,3.2,UPI,Mumbai - Kurla,Delivered
105926,2025-05-08,C5016,Borivali Bistro,Biryani,1733,82,4.0,Debit Card,Mumbai - Ghatkopar,Delivered
105927,2026-04-26,C1133,Colaba Cafe,Biryani,104,17,4.4,Wallet,Mumbai - Thane,Delivered
105928,2025-05-08,C3672,Vashi Veg Corner,Desserts,1634,71,3.2,Wallet,Mumbai - Bandra,Delayed
105929,2025-06-20,C9742,Kurla Kitchen,Chinese,926,65,4.7,Wallet,Mumbai - Dadar,Delivered
105930,2025-02-01,C2335,Thane Treats,Desserts,848,40,4.9,Credit Card,Mumbai - Ghatkopar,Delivered
105931,2025-01-11,C8898,Borivali Bistro,Desserts,1326,58,5.0,Credit Card,Mumbai - Bandra,Delivered
105932,2026-04-29,C5326,Dadar Darbar,Desserts,669,27,3.8,Credit Card,Mumbai - Chembur,Cancelled
105933,2025-03-10,C9224,Bandra Bites,North Indian,1055,25,3.3,Credit Card,Mumbai - Colaba,Delivered
105934,2025-07-20,C5082,Borivali Bistro,Chinese,797,39,3.3,Wallet,Mumbai - Thane,Delayed
105935,2025-02-04,C1331,Ghatkopar Grill,Healthy Food,952,61,2.9,Debit Card,Mumbai - Mulund,Delivered
105936,2026-03-11,C9932,Ghatkopar Grill,Desserts,1260,77,2.7,Wallet,Mumbai - Thane,Delayed
105937,2026-04-14,C9049,Dadar Darbar,Healthy Food,720,83,4.7,Cash,Mumbai - Chembur,Delivered
105938,2026-01-05,C2970,Malad Food Hub,North Indian,1290,77,2.9,Wallet,Mumbai - Vashi,Delivered
105939,2026-05-02,C8775,Malad Food Hub,Burger,898,16,4.9,UPI,Mumbai - Powai,Delivered
105940,2025-10-21,C4923,Vashi Veg Corner,Biryani,632,40,4.6,UPI,Mumbai - Chembur,Delivered
105941,2026-06-05,C8563,Malad Food Hub,Healthy Food,346,69,3.8,Credit Card,Mumbai - Malad,Delivered
105942,2025-04-19,C6852,Thane Treats,Desserts,1278,31,3.4,Credit Card,Mumbai - Vashi,Delivered
105943,2025-07-27,C4079,Kurla Kitchen,Chinese,1491,33,2.7,UPI,Mumbai - Ghatkopar,Delivered
105944,2026-03-21,C3391,Kurla Kitchen,South Indian,1532,72,2.9,Credit Card,Mumbai - Colaba,Cancelled
105945,2025-05-07,C3527,Borivali Bistro,North Indian,1418,56,3.5,Wallet,Mumbai - Thane,Cancelled
105946,2025-05-15,C8513,Thane Treats,Healthy Food,311,22,4.8,Wallet,Mumbai - Mulund,Delayed
105947,2026-02-17,C8246,Borivali Bistro,Healthy Food,1527,47,2.8,UPI,Mumbai - Bandra,Delivered
105948,2025-10-23,C6313,Andheri Kitchen,Biryani,1795,30,4.6,UPI,Mumbai - Andheri,Delivered
105949,2025-11-11,C9023,Chembur Spice House,Pizza,310,25,2.8,Credit Card,Mumbai - Malad,Delayed
105950,2025-12-07,C3866,Powai Plates,Beverages,1446,76,3.3,Debit Card,Mumbai - Vashi,Delivered
105951,2026-03-13,C7588,Andheri Kitchen,Healthy Food,391,19,3.2,Credit Card,Mumbai - Mulund,Cancelled
105952,2025-09-03,C7621,Powai Plates,Biryani,1712,41,3.9,Wallet,Mumbai - Colaba,Delivered
105953,2025-05-25,C9071,Dadar Darbar,Biryani,284,42,4.5,Cash,Mumbai - Kurla,Delivered
105954,2025-09-10,C2561,Borivali Bistro,Chinese,549,35,4.5,Credit Card,Mumbai - Borivali,Delivered
105955,2025-09-16,C6985,Marine Drive Meals,Burger,1709,35,2.6,Cash,Mumbai - Thane,Delivered
105956,2025-10-05,C2077,Thane Treats,Pizza,1182,68,4.5,Cash,Mumbai - Kurla,Cancelled
105957,2025-04-01,C2415,Kurla Kitchen,Desserts,131,49,4.0,Wallet,Mumbai - Borivali,Delayed
105958,2026-05-21,C6548,Bandra Bites,Pizza,1403,63,3.7,Wallet,Mumbai - Thane,Cancelled
105959,2026-01-20,C3818,Bandra Bites,Healthy Food,1733,53,4.0,Credit Card,Mumbai - Dadar,Delivered
105960,2025-11-13,C9411,Dadar Darbar,Burger,978,45,2.8,Debit Card,Mumbai - Thane,Delivered
105961,2025-05-29,C6149,Andheri Kitchen,Burger,1780,63,4.3,Cash,Mumbai - Ghatkopar,Delivered
105962,2026-02-17,C9688,Kurla Kitchen,Chinese,1705,57,2.5,Wallet,Mumbai - Powai,Delivered
105963,2025-11-27,C3624,Andheri Kitchen,Biryani,776,43,2.9,Cash,Mumbai - Chembur,Cancelled
105964,2026-03-15,C5543,Kurla Kitchen,Desserts,967,65,4.3,Debit Card,Mumbai - Malad,Cancelled
105965,2026-05-05,C2445,Powai Plates,North Indian,1071,57,4.6,Debit Card,Mumbai - Andheri,Delivered
105966,2025-07-14,C2497,Borivali Bistro,Healthy Food,205,66,3.3,Cash,Mumbai - Bandra,Delivered
105967,2025-01-08,C1421,Ghatkopar Grill,Healthy Food,330,78,3.3,Credit Card,Mumbai - Ghatkopar,Cancelled
105968,2025-07-28,C9706,Andheri Kitchen,Chinese,543,44,4.8,UPI,Mumbai - Ghatkopar,Delivered
105969,2026-02-23,C2573,Colaba Cafe,South Indian,210,43,2.5,UPI,Mumbai - Colaba,Delivered
105970,2026-04-19,C9414,Borivali Bistro,Burger,748,30,2.8,UPI,Mumbai - Powai,Delivered
105971,2026-05-10,C8731,Colaba Cafe,Pizza,1303,16,3.4,UPI,Mumbai - Kurla,Delivered
105972,2025-02-02,C3252,Dadar Darbar,Pizza,223,78,3.9,Cash,Mumbai - Malad,Delivered
105973,2025-12-12,C3098,Ghatkopar Grill,Burger,384,62,3.4,Debit Card,Mumbai - Chembur,Delivered
105974,2025-08-03,C8815,Borivali Bistro,Biryani,1161,71,4.5,Credit Card,Mumbai - Thane,Cancelled
105975,2025-08-26,C7717,Kurla Kitchen,South Indian,1655,53,3.0,Credit Card,Mumbai - Mulund,Delayed
105976,2025-08-11,C1938,Chembur Spice House,Healthy Food,373,28,3.2,Credit Card,Mumbai - Bandra,Delivered
105977,2025-12-05,C8488,Malad Food Hub,South Indian,972,33,4.5,Credit Card,Mumbai - Ghatkopar,Delivered
105978,2025-01-07,C8642,Marine Drive Meals,Beverages,904,26,4.2,UPI,Mumbai - Chembur,Delayed
105979,2025-02-20,C7457,Borivali Bistro,Pizza,520,44,4.0,Wallet,Mumbai - Colaba,Delayed
105980,2026-05-01,C1018,Andheri Kitchen,North Indian,728,61,3.9,UPI,Mumbai - Ghatkopar,Cancelled
105981,2025-09-26,C4408,Andheri Kitchen,Desserts,608,36,4.8,Credit Card,Mumbai - Malad,Delivered
105982,2025-02-06,C2891,Bandra Bites,South Indian,1117,17,3.1,Debit Card,Mumbai - Borivali,Delivered
105983,2026-03-11,C2357,Dadar Darbar,Biryani,956,66,4.3,Credit Card,Mumbai - Bandra,Delivered
105984,2025-01-12,C6777,Colaba Cafe,North Indian,1488,50,4.0,Cash,Mumbai - Mulund,Delivered
105985,2025-05-28,C2055,Marine Drive Meals,Desserts,381,65,2.8,Credit Card,Mumbai - Mulund,Delivered
105986,2025-06-23,C7156,Mumbai Tadka,Healthy Food,1546,60,3.0,Debit Card,Mumbai - Mulund,Delivered
105987,2026-05-08,C3470,Colaba Cafe,Burger,1560,41,3.6,Wallet,Mumbai - Thane,Delivered
105988,2025-03-07,C4816,Andheri Kitchen,Desserts,824,49,2.5,Cash,Mumbai - Thane,Delivered
105989,2026-06-05,C9803,Vashi Veg Corner,Desserts,632,63,3.4,Credit Card,Mumbai - Thane,Cancelled
105990,2025-02-13,C9486,Kurla Kitchen,South Indian,709,54,4.1,Wallet,Mumbai - Dadar,Delivered
105991,2025-04-11,C1438,Colaba Cafe,Beverages,1209,55,4.7,Credit Card,Mumbai - Chembur,Delivered
105992,2026-04-29,C6681,Andheri Kitchen,Healthy Food,1421,43,3.7,Debit Card,Mumbai - Mulund,Delayed
105993,2025-02-21,C4193,Bandra Bites,North Indian,242,81,3.6,Cash,Mumbai - Thane,Delayed
105994,2025-05-23,C9980,Kurla Kitchen,Pizza,1682,54,3.5,UPI,Mumbai - Mulund,Delivered
105995,2026-05-13,C3772,Dadar Darbar,Burger,919,28,4.0,Cash,Mumbai - Andheri,Delayed
105996,2026-06-17,C2444,Dadar Darbar,Pizza,218,36,3.6,Cash,Mumbai - Dadar,Delivered
105997,2026-01-30,C8007,Chembur Spice House,Chinese,235,68,3.8,Wallet,Mumbai - Mulund,Delayed
105998,2026-06-20,C6975,Borivali Bistro,Desserts,692,77,4.0,UPI,Mumbai - Dadar,Cancelled
105999,2025-12-21,C5186,Ghatkopar Grill,North Indian,1178,73,3.5,Wallet,Mumbai - Bandra,Delivered
106000,2025-03-16,C3820,Borivali Bistro,Burger,1035,49,3.2,Wallet,Mumbai - Bandra,Delivered
106001,2025-03-04,C7195,Powai Plates,Chinese,162,65,4.4,UPI,Mumbai - Malad,Delayed
106002,2025-02-27,C2302,Vashi Veg Corner,Healthy Food,1651,65,3.4,UPI,Mumbai - Kurla,Cancelled
106003,2025-12-09,C1128,Ghatkopar Grill,Pizza,1641,39,4.9,Credit Card,Mumbai - Chembur,Delivered
106004,2026-02-07,C1338,Kurla Kitchen,Burger,1315,40,4.5,Wallet,Mumbai - Chembur,Delivered
106005,2026-01-14,C3223,Dadar Darbar,Burger,1135,39,4.3,Cash,Mumbai - Dadar,Delivered
106006,2025-11-14,C1419,Chembur Spice House,Burger,1778,67,4.3,UPI,Mumbai - Andheri,Delivered
106007,2025-01-26,C7565,Malad Food Hub,Pizza,769,25,3.3,Credit Card,Mumbai - Borivali,Delivered
106008,2026-04-14,C8169,Vashi Veg Corner,Burger,1497,48,3.4,Debit Card,Mumbai - Andheri,Delivered
106009,2025-09-16,C3348,Ghatkopar Grill,Burger,1377,23,3.9,Cash,Mumbai - Kurla,Delivered
106010,2025-05-21,C2437,Marine Drive Meals,Beverages,530,52,3.7,Credit Card,Mumbai - Kurla,Delivered
106011,2025-06-26,C7770,Dadar Darbar,Beverages,1370,55,3.7,Wallet,Mumbai - Thane,Delivered
106012,2025-01-06,C1569,Marine Drive Meals,Biryani,1445,73,3.7,Debit Card,Mumbai - Bandra,Delivered
106013,2025-06-15,C8310,Borivali Bistro,Biryani,1775,21,2.8,UPI,Mumbai - Thane,Delivered
106014,2026-05-08,C1369,Dadar Darbar,Biryani,133,70,4.3,Credit Card,Mumbai - Malad,Delivered
106015,2025-12-04,C1036,Andheri Kitchen,Burger,1350,80,2.8,Credit Card,Mumbai - Ghatkopar,Delayed
106016,2025-08-16,C2020,Powai Plates,South Indian,1663,74,4.7,Wallet,Mumbai - Chembur,Cancelled
106017,2026-05-29,C5646,Colaba Cafe,Healthy Food,1106,60,2.9,Wallet,Mumbai - Thane,Delivered
106018,2026-01-09,C7588,Bandra Bites,Biryani,1024,58,4.7,Credit Card,Mumbai - Thane,Delivered
106019,2025-07-07,C3907,Andheri Kitchen,South Indian,302,67,3.5,Debit Card,Mumbai - Bandra,Delayed
106020,2025-03-19,C8208,Vashi Veg Corner,South Indian,808,29,4.6,UPI,Mumbai - Dadar,Cancelled
106021,2025-10-02,C8406,Thane Treats,Beverages,941,36,3.4,Credit Card,Mumbai - Malad,Delivered
106022,2025-02-04,C9623,Colaba Cafe,South Indian,1500,47,3.5,Credit Card,Mumbai - Thane,Delayed
106023,2025-10-20,C9875,Ghatkopar Grill,Burger,577,52,3.8,Debit Card,Mumbai - Malad,Delayed
106024,2026-06-19,C4388,Malad Food Hub,Beverages,1181,51,4.5,Wallet,Mumbai - Mulund,Delivered
106025,2025-04-23,C3058,Mumbai Tadka,Chinese,133,36,4.9,Wallet,Mumbai - Kurla,Delivered
106026,2026-05-06,C8097,Bandra Bites,South Indian,804,71,4.5,Wallet,Mumbai - Colaba,Delivered
106027,2025-08-21,C9352,Bandra Bites,Biryani,1731,24,4.1,Credit Card,Mumbai - Ghatkopar,Delivered
106028,2026-05-15,C8204,Colaba Cafe,South Indian,1560,52,2.6,Credit Card,Mumbai - Dadar,Delayed
106029,2026-05-19,C7829,Chembur Spice House,Biryani,726,30,3.8,Debit Card,Mumbai - Colaba,Delivered
106030,2025-03-08,C2384,Ghatkopar Grill,South Indian,1296,43,4.8,Wallet,Mumbai - Chembur,Delayed
106031,2025-04-21,C2930,Ghatkopar Grill,North Indian,567,82,3.0,Debit Card,Mumbai - Ghatkopar,Delivered
106032,2025-09-30,C1746,Thane Treats,Desserts,475,59,3.3,Cash,Mumbai - Kurla,Delivered
106033,2026-04-04,C6280,Vashi Veg Corner,Healthy Food,1692,37,4.5,Credit Card,Mumbai - Vashi,Delivered
106034,2025-03-15,C3113,Bandra Bites,Biryani,782,41,3.3,Wallet,Mumbai - Bandra,Delayed
106035,2025-08-15,C7272,Ghatkopar Grill,North Indian,1796,21,4.8,Wallet,Mumbai - Colaba,Delivered
106036,2025-01-22,C6091,Kurla Kitchen,Pizza,529,22,4.6,Wallet,Mumbai - Colaba,Delayed
106037,2025-02-28,C1061,Malad Food Hub,Pizza,1514,85,4.1,Wallet,Mumbai - Ghatkopar,Cancelled
106038,2025-12-24,C5183,Kurla Kitchen,Burger,491,67,3.7,Debit Card,Mumbai - Chembur,Delivered
106039,2026-06-02,C1442,Bandra Bites,Biryani,378,40,4.2,UPI,Mumbai - Bandra,Delayed
106040,2026-01-27,C8126,Malad Food Hub,Desserts,1478,32,4.2,Credit Card,Mumbai - Powai,Cancelled
106041,2025-03-04,C8007,Bandra Bites,Beverages,1738,72,3.3,Debit Card,Mumbai - Thane,Delivered
106042,2026-05-28,C1985,Vashi Veg Corner,North Indian,1351,34,4.3,Cash,Mumbai - Ghatkopar,Delayed
106043,2026-06-10,C7614,Kurla Kitchen,Desserts,1696,26,4.6,Wallet,Mumbai - Borivali,Delivered
106044,2025-08-09,C5356,Mumbai Tadka,Chinese,1347,44,4.4,Debit Card,Mumbai - Dadar,Delivered
106045,2026-04-20,C7858,Andheri Kitchen,South Indian,713,51,4.3,Cash,Mumbai - Chembur,Delayed
106046,2025-03-01,C5064,Bandra Bites,Desserts,409,33,3.4,UPI,Mumbai - Bandra,Delivered
106047,2025-05-05,C6342,Bandra Bites,Beverages,1099,37,4.1,UPI,Mumbai - Borivali,Delivered
106048,2025-08-29,C4998,Andheri Kitchen,Chinese,524,56,3.4,Credit Card,Mumbai - Kurla,Delivered
106049,2026-02-02,C6827,Vashi Veg Corner,Burger,739,70,5.0,UPI,Mumbai - Chembur,Delivered
106050,2025-05-30,C8571,Dadar Darbar,Pizza,304,46,3.0,Cash,Mumbai - Borivali,Cancelled
106051,2025-05-14,C8566,Bandra Bites,North Indian,1172,36,2.7,Cash,Mumbai - Dadar,Delivered
106052,2025-05-16,C5634,Colaba Cafe,Burger,172,57,2.6,Debit Card,Mumbai - Mulund,Cancelled
106053,2026-03-30,C9404,Dadar Darbar,Burger,732,67,3.5,Credit Card,Mumbai - Kurla,Delivered
106054,2025-03-23,C1480,Mumbai Tadka,Desserts,255,31,4.5,Credit Card,Mumbai - Powai,Delayed
106055,2026-05-09,C9928,Malad Food Hub,Biryani,102,83,4.9,Cash,Mumbai - Thane,Cancelled
106056,2025-10-20,C7588,Malad Food Hub,Chinese,1350,78,4.9,Cash,Mumbai - Malad,Delivered
106057,2026-05-07,C7193,Chembur Spice House,Pizza,323,24,3.6,UPI,Mumbai - Dadar,Delivered
106058,2026-02-09,C6242,Powai Plates,Pizza,1246,17,4.5,Wallet,Mumbai - Kurla,Delivered
106059,2025-04-09,C9459,Borivali Bistro,Desserts,1584,71,3.1,Debit Card,Mumbai - Ghatkopar,Delivered
106060,2025-11-09,C8807,Kurla Kitchen,Burger,896,57,3.0,Credit Card,Mumbai - Kurla,Delivered
106061,2025-12-23,C4244,Marine Drive Meals,Burger,658,78,2.6,Wallet,Mumbai - Bandra,Delivered
106062,2025-04-02,C4855,Borivali Bistro,Beverages,294,38,3.5,Cash,Mumbai - Mulund,Delayed
106063,2025-07-19,C3546,Andheri Kitchen,North Indian,778,74,3.4,UPI,Mumbai - Malad,Cancelled
106064,2025-03-21,C2427,Bandra Bites,South Indian,1585,68,4.1,Credit Card,Mumbai - Borivali,Delivered
106065,2025-11-16,C9245,Vashi Veg Corner,South Indian,138,21,4.1,UPI,Mumbai - Malad,Delivered
106066,2026-03-15,C4417,Andheri Kitchen,North Indian,1756,47,4.0,Credit Card,Mumbai - Borivali,Cancelled
106067,2026-04-23,C6671,Borivali Bistro,Chinese,582,61,4.1,Wallet,Mumbai - Bandra,Delivered
106068,2026-05-06,C7630,Powai Plates,Burger,1396,23,4.7,Credit Card,Mumbai - Kurla,Delivered
106069,2025-10-20,C8766,Thane Treats,Beverages,1604,24,4.9,Wallet,Mumbai - Bandra,Cancelled
106070,2025-04-15,C6372,Chembur Spice House,Healthy Food,907,36,4.5,Debit Card,Mumbai - Vashi,Delivered
106071,2025-02-04,C7284,Powai Plates,Desserts,1335,70,3.5,UPI,Mumbai - Borivali,Delivered
106072,2026-03-05,C8395,Colaba Cafe,North Indian,1204,38,4.9,Wallet,Mumbai - Powai,Delivered
106073,2025-02-23,C5810,Powai Plates,North Indian,1251,80,3.7,Debit Card,Mumbai - Dadar,Delivered
106074,2026-06-08,C2555,Marine Drive Meals,Desserts,385,71,3.2,Debit Card,Mumbai - Chembur,Delivered
106075,2026-02-09,C5730,Thane Treats,Desserts,172,46,4.4,Credit Card,Mumbai - Thane,Delivered
106076,2025-05-09,C5144,Powai Plates,Beverages,759,68,4.0,Cash,Mumbai - Chembur,Cancelled
106077,2026-01-25,C6935,Vashi Veg Corner,Desserts,512,47,3.3,UPI,Mumbai - Malad,Delivered
106078,2025-08-17,C7758,Mumbai Tadka,Healthy Food,1784,72,3.0,Wallet,Mumbai - Thane,Cancelled
106079,2026-05-11,C9753,Kurla Kitchen,Burger,1090,40,3.5,Credit Card,Mumbai - Powai,Delivered
106080,2025-09-24,C4164,Kurla Kitchen,South Indian,1315,16,3.5,Credit Card,Mumbai - Kurla,Cancelled
106081,2026-03-05,C8003,Ghatkopar Grill,Biryani,203,18,4.7,Credit Card,Mumbai - Ghatkopar,Delivered
106082,2026-03-04,C3260,Ghatkopar Grill,Burger,1259,71,2.6,Cash,Mumbai - Bandra,Cancelled
106083,2025-12-16,C3116,Bandra Bites,Pizza,1465,77,3.7,Cash,Mumbai - Mulund,Delivered
106084,2025-09-09,C9977,Colaba Cafe,Healthy Food,1285,57,4.4,UPI,Mumbai - Mulund,Delivered
106085,2026-03-13,C4698,Powai Plates,Pizza,502,58,2.8,Debit Card,Mumbai - Borivali,Delayed
106086,2025-09-09,C1507,Thane Treats,South Indian,1468,31,4.4,UPI,Mumbai - Mulund,Cancelled
106087,2026-05-04,C6969,Chembur Spice House,Beverages,1363,39,4.4,Credit Card,Mumbai - Thane,Cancelled
106088,2025-04-19,C9008,Marine Drive Meals,Pizza,1654,35,3.3,UPI,Mumbai - Mulund,Cancelled
106089,2026-06-25,C4716,Bandra Bites,Pizza,124,74,3.3,Debit Card,Mumbai - Bandra,Delivered
106090,2025-07-15,C8295,Bandra Bites,South Indian,1671,60,3.5,Credit Card,Mumbai - Mulund,Delivered
106091,2025-08-08,C5526,Chembur Spice House,Beverages,914,41,4.9,Cash,Mumbai - Bandra,Delivered
106092,2025-09-05,C6946,Bandra Bites,South Indian,346,72,3.6,UPI,Mumbai - Malad,Delayed
106093,2025-03-14,C9074,Kurla Kitchen,North Indian,1733,73,3.2,Credit Card,Mumbai - Vashi,Delivered
106094,2026-01-12,C7332,Vashi Veg Corner,Beverages,1180,36,2.7,Cash,Mumbai - Kurla,Delivered
106095,2025-08-11,C9863,Marine Drive Meals,Biryani,916,20,3.3,UPI,Mumbai - Thane,Delivered
106096,2025-05-29,C3012,Borivali Bistro,Chinese,1005,75,3.3,Cash,Mumbai - Dadar,Delayed
106097,2025-07-30,C4468,Chembur Spice House,Biryani,1411,22,3.2,UPI,Mumbai - Mulund,Cancelled
106098,2025-11-06,C2477,Ghatkopar Grill,South Indian,1511,38,3.8,Debit Card,Mumbai - Chembur,Delivered
106099,2025-10-15,C2328,Borivali Bistro,Chinese,1295,44,4.9,Cash,Mumbai - Kurla,Delivered
106100,2026-06-12,C9277,Marine Drive Meals,Beverages,433,39,3.7,Cash,Mumbai - Thane,Delayed
106101,2025-12-03,C4855,Dadar Darbar,Chinese,220,17,4.8,Wallet,Mumbai - Vashi,Delayed
106102,2026-05-08,C1182,Ghatkopar Grill,North Indian,149,83,4.2,Cash,Mumbai - Borivali,Delivered
106103,2025-09-04,C7188,Ghatkopar Grill,Desserts,219,45,4.3,Credit Card,Mumbai - Colaba,Delivered
106104,2025-04-13,C6137,Borivali Bistro,Healthy Food,1120,42,4.7,Wallet,Mumbai - Andheri,Delivered
106105,2025-01-20,C8597,Borivali Bistro,Burger,1360,70,4.5,Wallet,Mumbai - Vashi,Cancelled
106106,2025-06-06,C3094,Ghatkopar Grill,South Indian,1007,53,3.2,Credit Card,Mumbai - Bandra,Delivered
106107,2025-10-21,C4298,Malad Food Hub,North Indian,642,42,4.7,Credit Card,Mumbai - Kurla,Cancelled
106108,2025-07-12,C1766,Malad Food Hub,Chinese,507,36,3.6,UPI,Mumbai - Colaba,Delayed
106109,2026-01-14,C3028,Ghatkopar Grill,South Indian,1754,36,4.7,Wallet,Mumbai - Powai,Cancelled
106110,2025-09-12,C7659,Thane Treats,Burger,137,44,4.7,UPI,Mumbai - Dadar,Cancelled
106111,2025-01-29,C2581,Mumbai Tadka,Chinese,1245,34,4.5,UPI,Mumbai - Andheri,Delivered
106112,2025-10-20,C3392,Chembur Spice House,Healthy Food,226,44,3.0,UPI,Mumbai - Mulund,Delayed
106113,2025-09-01,C1173,Andheri Kitchen,Pizza,1684,17,4.7,Debit Card,Mumbai - Mulund,Delivered
106114,2026-05-25,C3276,Powai Plates,Desserts,934,64,4.8,Wallet,Mumbai - Dadar,Delivered
106115,2025-11-09,C8477,Vashi Veg Corner,Chinese,862,20,2.7,Wallet,Mumbai - Chembur,Delivered
106116,2025-05-27,C4387,Thane Treats,North Indian,751,72,4.5,UPI,Mumbai - Kurla,Delivered
106117,2025-09-27,C3423,Vashi Veg Corner,South Indian,1691,67,4.6,Wallet,Mumbai - Andheri,Delivered
106118,2026-03-31,C3940,Bandra Bites,Beverages,692,41,3.5,Wallet,Mumbai - Vashi,Cancelled
106119,2025-01-21,C9340,Colaba Cafe,Pizza,1296,52,2.6,Wallet,Mumbai - Bandra,Cancelled
106120,2026-06-11,C7713,Chembur Spice House,Healthy Food,1364,59,3.8,Cash,Mumbai - Powai,Delivered
106121,2025-03-10,C1052,Colaba Cafe,North Indian,1347,42,2.6,Credit Card,Mumbai - Colaba,Delivered
106122,2025-03-19,C6993,Bandra Bites,South Indian,1438,38,4.8,Cash,Mumbai - Andheri,Cancelled
106123,2025-01-11,C4992,Marine Drive Meals,Beverages,1792,85,4.4,UPI,Mumbai - Dadar,Cancelled
106124,2026-06-25,C5043,Andheri Kitchen,South Indian,976,24,3.4,UPI,Mumbai - Chembur,Delivered
106125,2025-01-26,C6363,Andheri Kitchen,North Indian,599,41,3.2,Credit Card,Mumbai - Thane,Delivered
106126,2025-10-23,C5835,Ghatkopar Grill,South Indian,386,16,3.2,Credit Card,Mumbai - Bandra,Delivered
106127,2025-09-03,C9081,Powai Plates,Biryani,1787,40,3.7,UPI,Mumbai - Ghatkopar,Delivered
106128,2025-09-30,C7446,Vashi Veg Corner,Desserts,388,68,4.9,Debit Card,Mumbai - Chembur,Delivered
106129,2025-06-15,C3336,Bandra Bites,Chinese,1039,43,3.6,Wallet,Mumbai - Thane,Delivered
106130,2025-08-11,C3450,Chembur Spice House,North Indian,462,37,3.8,Credit Card,Mumbai - Vashi,Delivered
106131,2026-04-26,C2299,Malad Food Hub,South Indian,669,23,3.3,Credit Card,Mumbai - Mulund,Cancelled
106132,2025-10-25,C8796,Marine Drive Meals,Chinese,1355,19,4.5,Cash,Mumbai - Ghatkopar,Delivered
106133,2026-04-24,C1459,Thane Treats,Chinese,924,33,2.6,Cash,Mumbai - Chembur,Delivered
106134,2026-01-19,C5163,Marine Drive Meals,Desserts,382,77,3.4,Cash,Mumbai - Kurla,Delivered
106135,2025-05-20,C6979,Powai Plates,Pizza,1763,28,3.0,Wallet,Mumbai - Bandra,Delivered
106136,2025-01-27,C9453,Chembur Spice House,Desserts,1352,25,3.9,Cash,Mumbai - Bandra,Cancelled
106137,2025-05-18,C1444,Powai Plates,Healthy Food,1765,83,3.3,Debit Card,Mumbai - Kurla,Delivered
106138,2026-05-04,C9892,Marine Drive Meals,South Indian,1425,58,2.8,Credit Card,Mumbai - Dadar,Delayed
106139,2026-02-01,C9019,Andheri Kitchen,South Indian,1568,65,3.0,Cash,Mumbai - Kurla,Delayed
106140,2025-09-15,C7973,Bandra Bites,Beverages,1382,83,2.8,Credit Card,Mumbai - Vashi,Delayed
106141,2026-05-21,C3825,Dadar Darbar,Pizza,653,82,3.5,Cash,Mumbai - Borivali,Delayed
106142,2025-08-31,C5931,Thane Treats,Biryani,1453,62,2.9,Cash,Mumbai - Thane,Delivered
106143,2026-02-11,C1404,Borivali Bistro,North Indian,762,22,2.5,Wallet,Mumbai - Bandra,Delivered
106144,2025-03-09,C5132,Dadar Darbar,South Indian,702,69,3.5,Cash,Mumbai - Bandra,Delivered
106145,2025-08-17,C2412,Colaba Cafe,Burger,1361,22,3.5,Cash,Mumbai - Kurla,Cancelled
106146,2026-06-25,C7356,Malad Food Hub,North Indian,640,76,4.9,Credit Card,Mumbai - Mulund,Delivered
106147,2025-06-20,C3742,Vashi Veg Corner,Biryani,306,54,3.1,Cash,Mumbai - Chembur,Delivered
106148,2025-06-05,C3889,Bandra Bites,Beverages,625,69,3.6,Debit Card,Mumbai - Powai,Delayed
106149,2026-06-07,C7095,Chembur Spice House,Beverages,1621,69,3.8,Credit Card,Mumbai - Kurla,Cancelled
106150,2025-05-20,C3726,Powai Plates,Healthy Food,1559,75,2.8,Wallet,Mumbai - Colaba,Delayed
106151,2026-05-10,C8222,Chembur Spice House,Burger,220,48,3.0,Cash,Mumbai - Borivali,Delayed
106152,2026-01-31,C2041,Kurla Kitchen,Beverages,163,51,4.7,Wallet,Mumbai - Mulund,Delayed
106153,2026-06-25,C7618,Marine Drive Meals,North Indian,568,61,5.0,UPI,Mumbai - Kurla,Delivered
106154,2026-06-11,C1840,Colaba Cafe,North Indian,864,63,5.0,Credit Card,Mumbai - Chembur,Delivered
106155,2026-06-24,C4063,Andheri Kitchen,Pizza,854,67,3.8,Cash,Mumbai - Mulund,Cancelled
106156,2025-08-10,C7831,Marine Drive Meals,Beverages,455,35,3.4,Credit Card,Mumbai - Andheri,Cancelled
106157,2025-12-13,C5619,Malad Food Hub,Biryani,612,38,3.4,Wallet,Mumbai - Chembur,Cancelled
106158,2025-04-17,C5953,Thane Treats,Healthy Food,715,72,3.8,Wallet,Mumbai - Ghatkopar,Delivered
106159,2026-01-13,C2112,Colaba Cafe,Healthy Food,818,77,3.7,Wallet,Mumbai - Dadar,Delayed
106160,2025-06-20,C9325,Malad Food Hub,Burger,761,75,4.0,Debit Card,Mumbai - Dadar,Delivered
106161,2026-03-26,C1976,Kurla Kitchen,Beverages,1353,76,4.6,Credit Card,Mumbai - Powai,Delivered
106162,2025-11-23,C5451,Marine Drive Meals,North Indian,1386,22,4.1,UPI,Mumbai - Andheri,Delivered
106163,2025-12-07,C9217,Vashi Veg Corner,North Indian,593,48,4.5,Cash,Mumbai - Powai,Delivered
106164,2025-02-24,C9790,Vashi Veg Corner,North Indian,1536,59,3.0,Credit Card,Mumbai - Borivali,Delayed
106165,2025-08-28,C4201,Malad Food Hub,Beverages,1011,35,4.1,Wallet,Mumbai - Ghatkopar,Delivered
106166,2026-04-30,C3725,Vashi Veg Corner,Pizza,1643,41,4.8,UPI,Mumbai - Andheri,Delivered
106167,2025-10-24,C3515,Dadar Darbar,Pizza,134,46,3.6,Wallet,Mumbai - Dadar,Delivered
106168,2025-11-13,C1976,Powai Plates,Chinese,1024,47,3.4,Credit Card,Mumbai - Borivali,Delivered
106169,2025-08-19,C4854,Thane Treats,North Indian,1269,40,3.8,Credit Card,Mumbai - Chembur,Delivered
106170,2025-05-31,C1195,Mumbai Tadka,Burger,1531,54,4.7,Wallet,Mumbai - Colaba,Delayed
106171,2026-01-27,C8432,Mumbai Tadka,Biryani,652,82,4.9,Credit Card,Mumbai - Malad,Delivered
106172,2025-11-22,C3483,Marine Drive Meals,Beverages,348,40,3.9,UPI,Mumbai - Kurla,Delivered
106173,2025-11-24,C2253,Colaba Cafe,Chinese,568,65,3.4,Wallet,Mumbai - Mulund,Delivered
106174,2026-06-10,C2441,Vashi Veg Corner,Healthy Food,320,34,2.9,Debit Card,Mumbai - Thane,Delivered
106175,2025-04-24,C6285,Malad Food Hub,Healthy Food,409,75,5.0,UPI,Mumbai - Mulund,Delayed
106176,2025-12-12,C6212,Malad Food Hub,Desserts,1157,71,3.5,Debit Card,Mumbai - Ghatkopar,Delivered
106177,2026-06-09,C4259,Borivali Bistro,Burger,1398,59,4.0,Wallet,Mumbai - Ghatkopar,Delivered
106178,2026-03-17,C3411,Vashi Veg Corner,Biryani,233,18,4.2,Wallet,Mumbai - Thane,Delayed
106179,2025-04-17,C2538,Colaba Cafe,Desserts,1757,64,3.6,Cash,Mumbai - Mulund,Delayed
106180,2025-04-11,C1484,Marine Drive Meals,North Indian,583,34,4.0,UPI,Mumbai - Andheri,Cancelled
106181,2025-11-26,C3002,Powai Plates,North Indian,678,72,4.1,Credit Card,Mumbai - Chembur,Delivered
106182,2026-01-06,C2762,Chembur Spice House,Chinese,837,23,4.4,Credit Card,Mumbai - Chembur,Cancelled
106183,2026-01-12,C4056,Chembur Spice House,Healthy Food,1070,32,3.8,Debit Card,Mumbai - Vashi,Delivered
106184,2026-04-14,C5340,Bandra Bites,Burger,531,80,2.8,Cash,Mumbai - Chembur,Delayed
106185,2026-01-21,C5260,Marine Drive Meals,Healthy Food,172,40,3.5,Cash,Mumbai - Thane,Delivered
106186,2025-08-22,C3338,Marine Drive Meals,Pizza,932,82,4.8,UPI,Mumbai - Dadar,Delivered
106187,2025-01-01,C9158,Dadar Darbar,Burger,813,57,4.7,Wallet,Mumbai - Borivali,Delivered
106188,2025-08-18,C7262,Ghatkopar Grill,Biryani,293,58,4.4,Wallet,Mumbai - Chembur,Delivered
106189,2026-03-03,C8575,Mumbai Tadka,Burger,226,41,2.8,UPI,Mumbai - Kurla,Delivered
106190,2025-09-02,C3504,Chembur Spice House,North Indian,327,81,2.8,Debit Card,Mumbai - Kurla,Delayed
106191,2026-03-02,C3867,Ghatkopar Grill,North Indian,1296,24,2.6,Credit Card,Mumbai - Dadar,Delivered
106192,2025-05-02,C3925,Mumbai Tadka,South Indian,1495,69,2.8,Debit Card,Mumbai - Malad,Delayed
106193,2026-01-06,C6675,Borivali Bistro,South Indian,1785,30,3.5,Debit Card,Mumbai - Chembur,Cancelled
106194,2025-07-07,C5265,Bandra Bites,South Indian,672,46,5.0,Cash,Mumbai - Bandra,Cancelled
106195,2026-03-16,C9684,Borivali Bistro,Beverages,355,76,4.2,Credit Card,Mumbai - Ghatkopar,Cancelled
106196,2025-11-12,C8779,Andheri Kitchen,Desserts,169,73,4.6,Cash,Mumbai - Mulund,Cancelled
106197,2025-08-07,C7464,Mumbai Tadka,Beverages,1140,24,4.8,Wallet,Mumbai - Thane,Delayed
106198,2026-06-25,C6407,Mumbai Tadka,Healthy Food,585,70,4.6,Credit Card,Mumbai - Andheri,Delayed
106199,2025-06-04,C4563,Mumbai Tadka,Beverages,1578,65,3.3,Debit Card,Mumbai - Colaba,Delayed
106200,2025-01-23,C8527,Malad Food Hub,Chinese,1661,47,2.9,Wallet,Mumbai - Malad,Delivered
106201,2025-02-01,C1934,Powai Plates,Chinese,1241,34,3.0,UPI,Mumbai - Dadar,Delayed
106202,2026-01-16,C5658,Mumbai Tadka,Desserts,540,49,4.2,Cash,Mumbai - Ghatkopar,Delivered
106203,2025-01-12,C8901,Andheri Kitchen,Healthy Food,136,75,3.8,Cash,Mumbai - Mulund,Delayed
106204,2025-05-05,C4961,Vashi Veg Corner,Healthy Food,1638,61,3.5,Wallet,Mumbai - Andheri,Cancelled
106205,2025-03-24,C6798,Andheri Kitchen,Chinese,374,20,3.7,UPI,Mumbai - Borivali,Delivered
106206,2026-04-04,C8486,Vashi Veg Corner,Healthy Food,1250,72,3.2,Debit Card,Mumbai - Kurla,Delayed
106207,2026-03-12,C1693,Bandra Bites,South Indian,510,39,3.1,Cash,Mumbai - Borivali,Delivered
106208,2025-07-13,C4876,Thane Treats,Desserts,1783,50,4.7,Debit Card,Mumbai - Ghatkopar,Delivered
106209,2025-03-16,C6051,Thane Treats,Burger,1630,39,2.6,Wallet,Mumbai - Borivali,Delivered
106210,2026-04-16,C8612,Ghatkopar Grill,Chinese,272,41,2.7,Debit Card,Mumbai - Kurla,Delivered
106211,2025-04-28,C8152,Ghatkopar Grill,Healthy Food,451,19,3.2,Cash,Mumbai - Malad,Delivered
106212,2026-05-22,C1265,Andheri Kitchen,Biryani,1474,65,3.5,Cash,Mumbai - Thane,Delivered
106213,2025-04-23,C8173,Vashi Veg Corner,Pizza,1763,80,4.0,Wallet,Mumbai - Powai,Delivered
106214,2025-05-20,C9728,Borivali Bistro,Desserts,1403,85,4.3,UPI,Mumbai - Bandra,Delivered
106215,2026-02-22,C3230,Mumbai Tadka,Pizza,1461,16,3.3,Cash,Mumbai - Borivali,Delivered
106216,2025-06-10,C9058,Chembur Spice House,Biryani,1601,38,3.6,Cash,Mumbai - Dadar,Delivered
106217,2025-01-24,C8472,Chembur Spice House,Desserts,1447,76,4.4,Wallet,Mumbai - Ghatkopar,Delivered
106218,2026-06-22,C6477,Vashi Veg Corner,North Indian,1251,53,3.5,Wallet,Mumbai - Kurla,Delayed
106219,2025-12-13,C7683,Bandra Bites,Biryani,202,46,2.7,Cash,Mumbai - Kurla,Delivered
106220,2025-09-30,C9083,Colaba Cafe,Healthy Food,199,20,3.7,UPI,Mumbai - Kurla,Cancelled
106221,2025-01-10,C8206,Marine Drive Meals,Desserts,530,41,4.9,Wallet,Mumbai - Mulund,Delivered
106222,2025-02-21,C8064,Dadar Darbar,Healthy Food,1565,15,4.4,Wallet,Mumbai - Vashi,Delivered
106223,2026-06-25,C1188,Powai Plates,Chinese,1443,51,2.6,Wallet,Mumbai - Dadar,Delivered
106224,2025-12-19,C5848,Thane Treats,Burger,1541,82,4.4,Cash,Mumbai - Dadar,Cancelled
106225,2025-06-10,C3860,Dadar Darbar,Healthy Food,286,38,4.6,Debit Card,Mumbai - Ghatkopar,Delivered
106226,2025-05-14,C5075,Andheri Kitchen,North Indian,157,73,4.5,Debit Card,Mumbai - Chembur,Delayed
106227,2026-02-01,C9332,Colaba Cafe,Beverages,861,39,4.3,Cash,Mumbai - Andheri,Delivered
106228,2025-01-18,C5421,Chembur Spice House,Chinese,240,49,3.5,Credit Card,Mumbai - Mulund,Delivered
106229,2025-06-21,C5304,Colaba Cafe,Biryani,140,57,3.2,UPI,Mumbai - Andheri,Cancelled
106230,2026-05-14,C6126,Mumbai Tadka,Biryani,1495,69,4.6,Wallet,Mumbai - Thane,Delayed
106231,2025-08-04,C1657,Ghatkopar Grill,Beverages,365,22,3.0,Wallet,Mumbai - Andheri,Delivered
106232,2025-03-08,C7433,Mumbai Tadka,Biryani,1491,60,3.8,Credit Card,Mumbai - Vashi,Delayed
106233,2025-03-26,C4676,Thane Treats,Chinese,716,80,3.5,UPI,Mumbai - Ghatkopar,Delivered
106234,2025-09-21,C2717,Vashi Veg Corner,South Indian,1452,16,2.6,Credit Card,Mumbai - Borivali,Delivered
106235,2026-06-24,C4190,Thane Treats,South Indian,700,24,4.7,Debit Card,Mumbai - Vashi,Delivered
106236,2025-05-08,C8361,Andheri Kitchen,Beverages,764,62,3.0,Wallet,Mumbai - Andheri,Delivered
106237,2026-02-10,C9994,Borivali Bistro,Chinese,389,48,3.0,UPI,Mumbai - Kurla,Cancelled
106238,2025-03-19,C1567,Powai Plates,Beverages,1350,73,3.9,Cash,Mumbai - Powai,Delivered
106239,2026-02-19,C3413,Andheri Kitchen,Desserts,512,32,3.0,UPI,Mumbai - Ghatkopar,Delivered
106240,2025-08-07,C1546,Mumbai Tadka,Pizza,477,23,3.0,Credit Card,Mumbai - Bandra,Delivered
106241,2026-01-25,C4656,Vashi Veg Corner,Healthy Food,771,60,4.8,Cash,Mumbai - Powai,Delivered
106242,2025-06-09,C7525,Colaba Cafe,North Indian,221,32,4.6,Debit Card,Mumbai - Colaba,Cancelled
106243,2025-08-10,C7753,Colaba Cafe,Desserts,1471,68,4.9,Debit Card,Mumbai - Thane,Delivered
106244,2025-08-07,C9701,Ghatkopar Grill,North Indian,581,71,5.0,Credit Card,Mumbai - Bandra,Delayed
106245,2026-01-13,C7237,Andheri Kitchen,Chinese,200,39,4.6,Cash,Mumbai - Thane,Delayed
106246,2026-03-08,C9799,Borivali Bistro,South Indian,861,43,5.0,Debit Card,Mumbai - Ghatkopar,Delivered
106247,2025-08-13,C1974,Malad Food Hub,South Indian,716,80,2.8,Cash,Mumbai - Vashi,Delayed
106248,2025-12-15,C1020,Ghatkopar Grill,North Indian,504,40,2.7,UPI,Mumbai - Bandra,Delayed
106249,2026-02-02,C4176,Thane Treats,Chinese,1090,28,4.2,Wallet,Mumbai - Malad,Delivered
106250,2026-02-25,C4561,Dadar Darbar,South Indian,1364,44,3.2,Cash,Mumbai - Borivali,Delivered
106251,2025-09-10,C1797,Bandra Bites,Desserts,422,59,4.4,Wallet,Mumbai - Malad,Delivered
106252,2025-02-11,C2884,Ghatkopar Grill,Chinese,439,73,3.4,Wallet,Mumbai - Kurla,Delivered
106253,2025-11-02,C6208,Vashi Veg Corner,Pizza,738,62,2.6,Cash,Mumbai - Chembur,Delayed
106254,2026-01-23,C9709,Andheri Kitchen,Chinese,1269,15,4.9,UPI,Mumbai - Andheri,Delivered
106255,2025-06-30,C7022,Mumbai Tadka,Biryani,1195,49,3.9,UPI,Mumbai - Ghatkopar,Delayed
106256,2025-04-11,C4774,Chembur Spice House,South Indian,1781,63,4.7,Credit Card,Mumbai - Mulund,Delivered
106257,2026-01-30,C8907,Vashi Veg Corner,Pizza,102,70,3.7,UPI,Mumbai - Powai,Delivered
106258,2025-10-28,C9893,Powai Plates,Pizza,1581,56,4.8,Wallet,Mumbai - Andheri,Delivered
106259,2025-09-19,C8535,Thane Treats,Desserts,295,83,3.7,Wallet,Mumbai - Colaba,Delivered
106260,2026-03-26,C5080,Mumbai Tadka,Burger,814,64,4.2,Credit Card,Mumbai - Malad,Delayed
106261,2025-10-22,C3327,Powai Plates,Healthy Food,964,71,2.6,Credit Card,Mumbai - Thane,Delivered
106262,2025-11-06,C1600,Kurla Kitchen,North Indian,947,73,3.2,Wallet,Mumbai - Kurla,Delayed
106263,2025-10-17,C2053,Borivali Bistro,Beverages,1692,55,4.2,UPI,Mumbai - Colaba,Delivered
106264,2025-09-02,C6305,Colaba Cafe,Desserts,1461,72,4.7,UPI,Mumbai - Andheri,Delivered
106265,2026-06-15,C9832,Dadar Darbar,Burger,416,49,4.7,UPI,Mumbai - Kurla,Delivered
106266,2026-03-18,C6632,Malad Food Hub,Healthy Food,1799,60,3.3,Credit Card,Mumbai - Thane,Delayed
106267,2026-02-19,C6431,Borivali Bistro,Burger,339,21,3.3,Cash,Mumbai - Bandra,Delivered
106268,2026-05-03,C6650,Vashi Veg Corner,Burger,1235,40,3.1,Wallet,Mumbai - Borivali,Cancelled
106269,2025-04-02,C2598,Mumbai Tadka,Healthy Food,1592,65,5.0,Cash,Mumbai - Chembur,Delivered
106270,2025-10-22,C3940,Dadar Darbar,North Indian,165,39,3.7,UPI,Mumbai - Chembur,Delivered
106271,2025-01-30,C9668,Borivali Bistro,Beverages,1712,38,4.8,Credit Card,Mumbai - Borivali,Delivered
106272,2025-12-26,C9194,Mumbai Tadka,Biryani,1716,30,3.0,UPI,Mumbai - Ghatkopar,Delivered
106273,2025-09-16,C2447,Chembur Spice House,Biryani,1774,63,4.8,Credit Card,Mumbai - Malad,Delivered
106274,2025-05-06,C7987,Bandra Bites,South Indian,904,44,4.8,Credit Card,Mumbai - Ghatkopar,Delayed
106275,2026-03-12,C3116,Vashi Veg Corner,Chinese,1326,28,3.2,Wallet,Mumbai - Colaba,Delivered
106276,2025-09-27,C9844,Andheri Kitchen,Beverages,206,81,3.5,Cash,Mumbai - Mulund,Cancelled
106277,2025-03-22,C3176,Chembur Spice House,South Indian,1414,79,2.9,Wallet,Mumbai - Kurla,Delivered
106278,2026-01-29,C6482,Powai Plates,South Indian,1094,83,4.4,Credit Card,Mumbai - Powai,Delivered
106279,2025-04-15,C8382,Ghatkopar Grill,Pizza,1611,32,4.6,UPI,Mumbai - Colaba,Delivered
106280,2025-08-13,C2869,Mumbai Tadka,Burger,1112,63,2.6,Debit Card,Mumbai - Vashi,Delivered
106281,2025-08-07,C4537,Vashi Veg Corner,Pizza,309,79,2.7,Wallet,Mumbai - Kurla,Delayed
106282,2025-07-15,C2833,Vashi Veg Corner,Biryani,437,19,4.7,Debit Card,Mumbai - Kurla,Delivered
106283,2025-08-26,C3035,Thane Treats,Pizza,291,62,4.9,Wallet,Mumbai - Colaba,Delivered
106284,2026-05-10,C2018,Mumbai Tadka,Beverages,1752,26,4.2,Debit Card,Mumbai - Andheri,Delivered
106285,2025-09-04,C2466,Thane Treats,Biryani,523,15,4.5,Wallet,Mumbai - Malad,Delivered
106286,2025-04-18,C5900,Kurla Kitchen,North Indian,1530,62,4.5,Debit Card,Mumbai - Borivali,Delayed
106287,2026-02-07,C6510,Chembur Spice House,Burger,1392,67,2.7,Debit Card,Mumbai - Borivali,Delivered
106288,2025-10-07,C3349,Kurla Kitchen,Desserts,1363,57,4.3,UPI,Mumbai - Vashi,Delivered
106289,2025-11-01,C4876,Marine Drive Meals,South Indian,1370,82,2.7,Cash,Mumbai - Andheri,Delivered
106290,2026-05-12,C5697,Colaba Cafe,Chinese,542,26,3.6,Credit Card,Mumbai - Mulund,Delivered
106291,2025-05-03,C9528,Vashi Veg Corner,South Indian,1010,73,3.5,Cash,Mumbai - Vashi,Delivered
106292,2025-12-07,C4265,Chembur Spice House,Biryani,1161,23,4.6,Wallet,Mumbai - Thane,Delayed
106293,2025-03-11,C1468,Bandra Bites,Healthy Food,1199,32,4.4,Cash,Mumbai - Andheri,Delayed
106294,2025-04-12,C3021,Powai Plates,Desserts,1324,60,4.8,Credit Card,Mumbai - Colaba,Delivered
106295,2025-12-07,C4787,Colaba Cafe,Biryani,1077,68,3.3,Debit Card,Mumbai - Vashi,Delivered
106296,2025-08-29,C5209,Ghatkopar Grill,Healthy Food,102,50,4.3,Cash,Mumbai - Ghatkopar,Delayed
106297,2025-02-28,C3878,Malad Food Hub,Chinese,1091,65,3.0,Credit Card,Mumbai - Malad,Delayed
106298,2025-08-28,C5507,Colaba Cafe,South Indian,1683,48,3.7,Cash,Mumbai - Ghatkopar,Delayed
106299,2025-12-18,C8944,Chembur Spice House,Pizza,1236,30,4.6,Wallet,Mumbai - Malad,Delivered
106300,2026-03-23,C9355,Kurla Kitchen,North Indian,588,69,4.4,Wallet,Mumbai - Dadar,Delivered
106301,2025-03-20,C8418,Dadar Darbar,Pizza,1381,71,2.7,Cash,Mumbai - Andheri,Delayed
106302,2025-11-06,C4008,Kurla Kitchen,Healthy Food,1507,59,3.0,Cash,Mumbai - Dadar,Delivered
106303,2025-05-19,C5784,Ghatkopar Grill,Chinese,301,57,3.8,Cash,Mumbai - Kurla,Delayed
106304,2025-11-21,C4996,Colaba Cafe,Desserts,289,30,3.8,Credit Card,Mumbai - Vashi,Cancelled
106305,2026-05-27,C4560,Powai Plates,Chinese,1607,55,3.2,UPI,Mumbai - Powai,Delivered
106306,2026-06-11,C1719,Kurla Kitchen,Burger,636,32,4.3,Debit Card,Mumbai - Ghatkopar,Delayed
106307,2025-07-19,C6651,Kurla Kitchen,North Indian,1137,20,3.7,Debit Card,Mumbai - Borivali,Delayed
106308,2025-04-07,C7896,Colaba Cafe,Beverages,1180,73,4.5,Cash,Mumbai - Dadar,Cancelled
106309,2025-12-18,C5150,Andheri Kitchen,Pizza,1752,68,4.1,Debit Card,Mumbai - Bandra,Delivered
106310,2025-12-26,C7756,Ghatkopar Grill,Biryani,1321,16,2.7,Debit Card,Mumbai - Malad,Cancelled
106311,2025-02-09,C6012,Vashi Veg Corner,North Indian,1533,73,3.9,Wallet,Mumbai - Malad,Delayed
106312,2025-07-21,C6187,Bandra Bites,Chinese,737,21,2.6,Wallet,Mumbai - Bandra,Delayed
106313,2025-04-22,C8642,Ghatkopar Grill,Biryani,1155,31,3.0,Wallet,Mumbai - Thane,Delivered
106314,2026-06-15,C5952,Kurla Kitchen,Chinese,236,40,4.1,Debit Card,Mumbai - Powai,Delivered
106315,2025-01-16,C3537,Dadar Darbar,Pizza,905,61,3.7,Credit Card,Mumbai - Chembur,Cancelled
106316,2025-02-20,C8486,Borivali Bistro,Chinese,1493,24,4.0,Wallet,Mumbai - Colaba,Delivered
106317,2025-08-11,C1122,Malad Food Hub,Healthy Food,377,28,2.8,Cash,Mumbai - Kurla,Delayed
106318,2026-06-24,C9387,Borivali Bistro,North Indian,1487,75,3.8,Cash,Mumbai - Bandra,Delayed
106319,2025-04-23,C4450,Dadar Darbar,South Indian,1562,21,3.1,Cash,Mumbai - Chembur,Delivered
106320,2025-01-04,C3558,Powai Plates,South Indian,194,80,2.8,Wallet,Mumbai - Colaba,Delivered
106321,2025-05-29,C7091,Dadar Darbar,Burger,1155,81,3.0,Cash,Mumbai - Mulund,Delayed
106322,2026-03-15,C7147,Powai Plates,North Indian,833,28,2.9,Credit Card,Mumbai - Chembur,Delivered
106323,2026-03-11,C7668,Powai Plates,North Indian,714,77,4.2,Wallet,Mumbai - Colaba,Delivered
106324,2025-07-08,C7423,Kurla Kitchen,South Indian,1662,66,2.7,UPI,Mumbai - Vashi,Delivered
106325,2025-06-16,C4875,Andheri Kitchen,Pizza,1474,23,2.7,Debit Card,Mumbai - Malad,Delivered
106326,2026-03-21,C5650,Vashi Veg Corner,Pizza,1559,72,3.8,Credit Card,Mumbai - Malad,Delivered
106327,2025-06-24,C1332,Mumbai Tadka,Desserts,1471,78,3.6,Credit Card,Mumbai - Borivali,Delivered
106328,2026-05-12,C4507,Marine Drive Meals,Beverages,1289,15,4.4,UPI,Mumbai - Bandra,Cancelled
106329,2026-06-25,C7127,Malad Food Hub,Beverages,382,66,2.6,Credit Card,Mumbai - Andheri,Delivered
106330,2025-04-04,C6997,Marine Drive Meals,Beverages,1457,27,3.3,UPI,Mumbai - Powai,Cancelled
106331,2025-09-20,C3555,Kurla Kitchen,Burger,713,35,4.7,Credit Card,Mumbai - Powai,Delivered
106332,2026-04-14,C5055,Powai Plates,Beverages,228,21,3.1,Debit Card,Mumbai - Chembur,Delivered
106333,2025-10-08,C2577,Mumbai Tadka,Chinese,1172,62,4.4,Debit Card,Mumbai - Andheri,Delivered
106334,2026-06-15,C1825,Bandra Bites,Beverages,234,20,2.7,Credit Card,Mumbai - Colaba,Delivered
106335,2025-10-23,C8436,Powai Plates,Chinese,555,34,4.1,Debit Card,Mumbai - Powai,Delivered
106336,2025-04-14,C7343,Vashi Veg Corner,Chinese,1126,30,3.9,Debit Card,Mumbai - Dadar,Delivered
106337,2026-01-09,C3588,Malad Food Hub,Beverages,550,22,3.9,UPI,Mumbai - Mulund,Delayed
106338,2025-10-16,C5447,Powai Plates,Desserts,665,47,3.6,Cash,Mumbai - Chembur,Cancelled
106339,2025-02-20,C1531,Dadar Darbar,Biryani,1800,65,4.3,Credit Card,Mumbai - Colaba,Delayed
106340,2025-11-23,C9637,Bandra Bites,Healthy Food,900,38,4.2,Debit Card,Mumbai - Bandra,Delivered
106341,2026-04-17,C3392,Ghatkopar Grill,Beverages,1292,46,3.9,Wallet,Mumbai - Colaba,Delivered
106342,2025-01-14,C8116,Dadar Darbar,Chinese,359,26,3.0,Debit Card,Mumbai - Bandra,Delivered
106343,2025-03-05,C5727,Powai Plates,Biryani,1221,23,4.9,Wallet,Mumbai - Malad,Delivered
106344,2025-04-15,C5215,Powai Plates,Healthy Food,133,21,3.6,Debit Card,Mumbai - Thane,Cancelled
106345,2026-05-12,C7803,Thane Treats,North Indian,1479,74,2.6,Credit Card,Mumbai - Powai,Cancelled
106346,2025-03-19,C1611,Bandra Bites,Desserts,1287,30,3.3,Debit Card,Mumbai - Thane,Delivered
106347,2025-09-12,C2150,Andheri Kitchen,Burger,206,45,3.0,Wallet,Mumbai - Thane,Delayed
106348,2025-06-24,C9795,Ghatkopar Grill,Pizza,130,83,2.6,Wallet,Mumbai - Thane,Cancelled
106349,2026-03-05,C4033,Mumbai Tadka,Burger,221,27,4.1,Cash,Mumbai - Thane,Delayed
106350,2026-05-18,C9929,Marine Drive Meals,South Indian,391,35,2.7,Credit Card,Mumbai - Thane,Delivered
106351,2025-06-01,C8480,Ghatkopar Grill,Desserts,1363,36,4.5,Debit Card,Mumbai - Chembur,Delivered
106352,2025-06-07,C1239,Marine Drive Meals,Desserts,939,48,3.1,Credit Card,Mumbai - Bandra,Delivered
106353,2025-09-09,C2231,Vashi Veg Corner,Pizza,1071,66,4.5,Cash,Mumbai - Malad,Delivered
106354,2025-09-10,C2449,Marine Drive Meals,Biryani,679,32,2.6,Credit Card,Mumbai - Kurla,Cancelled
106355,2026-01-28,C9698,Mumbai Tadka,Biryani,1126,49,3.5,Cash,Mumbai - Chembur,Delivered
106356,2026-01-01,C1154,Vashi Veg Corner,South Indian,1300,66,2.5,Debit Card,Mumbai - Dadar,Delivered
106357,2025-01-08,C6699,Chembur Spice House,Biryani,287,16,4.9,UPI,Mumbai - Malad,Delivered
106358,2025-11-17,C9208,Chembur Spice House,Healthy Food,762,78,4.8,UPI,Mumbai - Bandra,Delivered
106359,2026-01-14,C2306,Dadar Darbar,Biryani,182,55,3.5,UPI,Mumbai - Mulund,Cancelled
106360,2025-08-02,C9594,Marine Drive Meals,Chinese,860,24,2.7,Cash,Mumbai - Borivali,Delivered
106361,2025-01-11,C7780,Malad Food Hub,North Indian,1193,57,2.5,Wallet,Mumbai - Powai,Delivered
106362,2025-12-23,C1743,Marine Drive Meals,Beverages,1677,76,3.6,Credit Card,Mumbai - Mulund,Delivered
106363,2025-09-29,C7374,Marine Drive Meals,Pizza,600,37,4.0,Wallet,Mumbai - Mulund,Cancelled
106364,2025-01-14,C5504,Borivali Bistro,North Indian,829,71,2.6,Cash,Mumbai - Mulund,Delayed
106365,2025-07-16,C2054,Ghatkopar Grill,Healthy Food,945,45,4.4,Wallet,Mumbai - Powai,Delivered
106366,2025-01-19,C8641,Bandra Bites,South Indian,1153,18,2.8,Debit Card,Mumbai - Mulund,Delivered
106367,2025-02-14,C3212,Andheri Kitchen,North Indian,1216,29,4.4,Credit Card,Mumbai - Dadar,Delayed
106368,2025-02-01,C7484,Dadar Darbar,Chinese,930,82,4.8,Cash,Mumbai - Bandra,Delayed
106369,2025-02-06,C6909,Ghatkopar Grill,Chinese,653,63,2.7,Credit Card,Mumbai - Borivali,Delivered
106370,2026-05-24,C3805,Borivali Bistro,Chinese,553,41,2.7,Debit Card,Mumbai - Powai,Delivered
106371,2025-04-06,C5991,Dadar Darbar,Pizza,1216,71,2.6,Credit Card,Mumbai - Ghatkopar,Delayed
106372,2026-01-03,C1340,Borivali Bistro,Pizza,1293,47,3.5,Cash,Mumbai - Borivali,Delivered
106373,2025-11-08,C6017,Chembur Spice House,Burger,669,38,4.0,Cash,Mumbai - Malad,Delivered
106374,2025-10-13,C5923,Kurla Kitchen,North Indian,1489,53,3.4,Debit Card,Mumbai - Mulund,Delivered
106375,2025-09-18,C4104,Thane Treats,South Indian,923,84,3.1,UPI,Mumbai - Dadar,Cancelled
106376,2026-02-20,C7630,Colaba Cafe,Chinese,243,48,4.3,UPI,Mumbai - Powai,Delivered
106377,2025-04-21,C1586,Colaba Cafe,South Indian,1191,82,3.4,UPI,Mumbai - Kurla,Delivered
106378,2026-02-05,C1058,Dadar Darbar,Beverages,431,73,3.4,Wallet,Mumbai - Chembur,Delayed
106379,2026-04-21,C9121,Ghatkopar Grill,Biryani,632,83,3.2,Credit Card,Mumbai - Borivali,Delivered
106380,2025-05-23,C1912,Mumbai Tadka,North Indian,1041,32,2.8,Cash,Mumbai - Chembur,Delayed
106381,2025-12-19,C5706,Ghatkopar Grill,Healthy Food,977,38,3.2,Debit Card,Mumbai - Vashi,Cancelled
106382,2026-06-13,C9015,Borivali Bistro,Biryani,187,55,3.0,Debit Card,Mumbai - Kurla,Delivered
106383,2025-08-05,C5466,Ghatkopar Grill,Healthy Food,1770,47,3.3,Cash,Mumbai - Powai,Cancelled
106384,2026-01-19,C3173,Mumbai Tadka,Desserts,1337,20,2.7,UPI,Mumbai - Powai,Delayed
106385,2026-06-04,C6985,Kurla Kitchen,Beverages,617,66,3.5,Wallet,Mumbai - Mulund,Delivered
106386,2025-06-22,C5557,Dadar Darbar,Healthy Food,1328,45,2.7,Wallet,Mumbai - Thane,Cancelled
106387,2025-01-26,C5778,Andheri Kitchen,Chinese,754,55,3.7,Debit Card,Mumbai - Kurla,Delivered
106388,2025-02-18,C7651,Thane Treats,Healthy Food,1440,17,4.5,Wallet,Mumbai - Ghatkopar,Cancelled
106389,2026-03-22,C8184,Kurla Kitchen,Burger,539,66,3.2,UPI,Mumbai - Colaba,Delivered
106390,2025-09-03,C9653,Ghatkopar Grill,Beverages,597,39,3.0,Wallet,Mumbai - Andheri,Cancelled
106391,2025-04-12,C7048,Borivali Bistro,North Indian,989,29,3.3,Credit Card,Mumbai - Malad,Delivered
106392,2025-07-25,C1708,Mumbai Tadka,Beverages,1690,52,3.7,Cash,Mumbai - Bandra,Cancelled
106393,2026-01-31,C8692,Colaba Cafe,Burger,1193,38,3.0,Cash,Mumbai - Thane,Delivered
106394,2025-04-28,C7567,Ghatkopar Grill,Beverages,1589,16,3.6,UPI,Mumbai - Colaba,Delivered
106395,2025-05-29,C9271,Dadar Darbar,Beverages,409,58,4.7,Credit Card,Mumbai - Chembur,Delivered
106396,2026-02-03,C7890,Malad Food Hub,South Indian,1505,36,4.5,Debit Card,Mumbai - Andheri,Delivered
106397,2025-07-06,C4219,Mumbai Tadka,Chinese,1390,25,2.7,Debit Card,Mumbai - Vashi,Cancelled
106398,2025-07-23,C1963,Marine Drive Meals,Burger,1139,16,2.6,Debit Card,Mumbai - Bandra,Delayed
106399,2025-08-07,C9788,Thane Treats,Desserts,1417,84,3.2,Wallet,Mumbai - Kurla,Cancelled
106400,2025-04-18,C7265,Borivali Bistro,Pizza,1527,65,4.3,Credit Card,Mumbai - Malad,Cancelled
106401,2025-01-15,C6964,Marine Drive Meals,South Indian,1526,76,3.3,Debit Card,Mumbai - Andheri,Delayed
106402,2025-10-16,C3980,Vashi Veg Corner,Chinese,1145,18,4.3,Credit Card,Mumbai - Vashi,Delivered
106403,2025-08-28,C1999,Dadar Darbar,North Indian,1047,65,3.8,Debit Card,Mumbai - Powai,Delayed
106404,2026-04-05,C3989,Vashi Veg Corner,Biryani,304,70,3.8,UPI,Mumbai - Bandra,Delivered
106405,2025-02-22,C4869,Kurla Kitchen,Beverages,1337,73,4.0,Cash,Mumbai - Chembur,Delivered
106406,2025-07-13,C2919,Malad Food Hub,South Indian,965,36,3.6,Cash,Mumbai - Chembur,Delivered
106407,2026-06-05,C3117,Andheri Kitchen,South Indian,240,79,4.6,Wallet,Mumbai - Kurla,Delivered
106408,2026-05-30,C6263,Colaba Cafe,Biryani,1412,45,4.7,Cash,Mumbai - Vashi,Delivered
106409,2026-05-17,C2805,Andheri Kitchen,Burger,230,72,2.6,Debit Card,Mumbai - Thane,Delivered
106410,2025-01-04,C7643,Powai Plates,Chinese,1096,58,4.5,Debit Card,Mumbai - Bandra,Delivered
106411,2025-10-04,C6467,Powai Plates,Beverages,1167,77,3.3,UPI,Mumbai - Andheri,Delivered
106412,2025-03-22,C5908,Bandra Bites,Biryani,661,50,3.7,Wallet,Mumbai - Thane,Delivered
106413,2025-07-30,C9173,Andheri Kitchen,Burger,459,77,2.6,Cash,Mumbai - Ghatkopar,Delivered
106414,2025-10-06,C7570,Colaba Cafe,Biryani,1477,55,3.2,UPI,Mumbai - Powai,Cancelled
106415,2025-05-31,C3887,Thane Treats,Biryani,688,74,4.7,Wallet,Mumbai - Ghatkopar,Delivered
106416,2026-05-27,C8562,Thane Treats,South Indian,1623,70,4.7,Wallet,Mumbai - Thane,Cancelled
106417,2025-12-07,C7086,Thane Treats,Chinese,1274,79,4.3,Cash,Mumbai - Chembur,Delivered
106418,2025-07-28,C4212,Powai Plates,Pizza,929,70,2.5,Wallet,Mumbai - Andheri,Delayed
106419,2025-06-12,C7960,Dadar Darbar,Pizza,733,84,2.7,Wallet,Mumbai - Kurla,Delivered
106420,2025-03-03,C7995,Bandra Bites,Burger,1514,27,3.9,Cash,Mumbai - Chembur,Delayed
106421,2025-03-29,C4211,Andheri Kitchen,Pizza,1374,53,4.9,Wallet,Mumbai - Powai,Delivered
106422,2025-06-12,C8538,Dadar Darbar,Pizza,790,75,2.6,Wallet,Mumbai - Thane,Delivered
106423,2026-05-04,C1312,Borivali Bistro,Beverages,1455,46,2.8,Wallet,Mumbai - Vashi,Delivered
106424,2025-09-25,C4217,Mumbai Tadka,Pizza,1558,62,4.4,Wallet,Mumbai - Vashi,Delayed
106425,2025-08-15,C4707,Thane Treats,Healthy Food,1207,73,2.9,Debit Card,Mumbai - Kurla,Delivered
106426,2025-12-03,C4822,Mumbai Tadka,Pizza,576,37,4.6,Wallet,Mumbai - Bandra,Delivered
106427,2026-01-16,C9077,Thane Treats,Pizza,1447,53,3.5,Debit Card,Mumbai - Kurla,Cancelled
106428,2025-07-25,C3397,Powai Plates,Biryani,678,41,4.1,Cash,Mumbai - Vashi,Delivered
106429,2025-05-24,C3103,Vashi Veg Corner,Biryani,1545,60,4.4,Cash,Mumbai - Kurla,Delivered
106430,2026-02-12,C5856,Thane Treats,Pizza,452,32,4.5,Credit Card,Mumbai - Malad,Delivered
106431,2025-11-25,C1187,Thane Treats,Chinese,115,75,2.8,Debit Card,Mumbai - Colaba,Delayed
106432,2025-10-20,C8120,Marine Drive Meals,Biryani,1721,30,3.0,Debit Card,Mumbai - Thane,Delivered
106433,2025-09-17,C7795,Malad Food Hub,South Indian,128,45,3.9,UPI,Mumbai - Chembur,Delivered
106434,2026-06-08,C6650,Thane Treats,Healthy Food,1220,41,3.8,Cash,Mumbai - Chembur,Cancelled
106435,2025-10-20,C8009,Kurla Kitchen,South Indian,1066,40,3.5,UPI,Mumbai - Kurla,Delivered
106436,2026-03-17,C4409,Marine Drive Meals,Beverages,926,67,4.9,Credit Card,Mumbai - Mulund,Delivered
106437,2025-12-12,C7591,Vashi Veg Corner,Chinese,516,52,4.0,Wallet,Mumbai - Mulund,Delivered
106438,2025-12-06,C8245,Dadar Darbar,Pizza,1300,27,5.0,Wallet,Mumbai - Andheri,Delivered
106439,2025-02-20,C7814,Ghatkopar Grill,Chinese,446,47,3.4,Wallet,Mumbai - Thane,Delivered
106440,2025-08-22,C2416,Vashi Veg Corner,Desserts,1735,74,3.6,UPI,Mumbai - Mulund,Delayed
106441,2025-05-05,C1954,Vashi Veg Corner,South Indian,1113,71,4.2,UPI,Mumbai - Dadar,Delivered
106442,2026-05-10,C8643,Colaba Cafe,Pizza,1557,34,4.1,Credit Card,Mumbai - Colaba,Delivered
106443,2025-10-18,C8720,Vashi Veg Corner,Desserts,1665,26,3.6,Debit Card,Mumbai - Vashi,Delayed
106444,2025-12-15,C5692,Malad Food Hub,North Indian,468,76,4.8,UPI,Mumbai - Vashi,Delivered
106445,2026-02-15,C5787,Borivali Bistro,Pizza,1280,42,4.5,UPI,Mumbai - Andheri,Delayed
106446,2026-04-29,C5340,Colaba Cafe,Desserts,1649,34,4.9,Debit Card,Mumbai - Chembur,Delayed
106447,2025-10-30,C9159,Borivali Bistro,North Indian,1168,68,3.0,UPI,Mumbai - Ghatkopar,Delivered
106448,2026-02-12,C1876,Andheri Kitchen,Burger,459,62,3.1,Credit Card,Mumbai - Malad,Delivered
106449,2026-02-20,C2164,Kurla Kitchen,Burger,744,20,2.7,Cash,Mumbai - Thane,Cancelled
106450,2026-01-16,C7458,Marine Drive Meals,Beverages,902,57,3.7,Cash,Mumbai - Mulund,Cancelled
106451,2025-08-10,C2631,Dadar Darbar,Desserts,1117,21,3.3,Cash,Mumbai - Borivali,Delivered
106452,2025-08-25,C8700,Vashi Veg Corner,Chinese,1317,81,2.7,Cash,Mumbai - Vashi,Delivered
106453,2026-05-25,C4942,Ghatkopar Grill,Pizza,364,63,3.7,Credit Card,Mumbai - Vashi,Delivered
106454,2025-01-10,C6740,Thane Treats,Chinese,804,36,2.5,Credit Card,Mumbai - Kurla,Delivered
106455,2025-10-18,C5987,Colaba Cafe,Healthy Food,401,38,4.2,Credit Card,Mumbai - Ghatkopar,Delivered
106456,2026-05-31,C2850,Thane Treats,Biryani,684,80,4.3,Debit Card,Mumbai - Thane,Cancelled
106457,2025-07-27,C4753,Malad Food Hub,Biryani,1253,21,4.8,Credit Card,Mumbai - Chembur,Delivered
106458,2025-09-20,C9011,Kurla Kitchen,Chinese,1134,51,3.1,UPI,Mumbai - Andheri,Delayed
106459,2025-10-07,C3674,Kurla Kitchen,Chinese,217,21,3.9,UPI,Mumbai - Ghatkopar,Cancelled
106460,2026-04-30,C8109,Marine Drive Meals,North Indian,560,51,2.6,UPI,Mumbai - Kurla,Delivered
106461,2026-04-26,C9378,Kurla Kitchen,Chinese,544,84,3.6,Debit Card,Mumbai - Bandra,Cancelled
106462,2026-04-30,C1378,Kurla Kitchen,Pizza,818,55,4.7,Credit Card,Mumbai - Malad,Cancelled
106463,2025-01-14,C4488,Mumbai Tadka,Chinese,1773,46,3.6,Credit Card,Mumbai - Mulund,Delivered
106464,2025-09-20,C2411,Dadar Darbar,Healthy Food,1052,26,2.9,Debit Card,Mumbai - Thane,Delayed
106465,2025-01-14,C9207,Mumbai Tadka,Desserts,806,71,3.8,Debit Card,Mumbai - Ghatkopar,Cancelled
106466,2025-12-15,C3879,Marine Drive Meals,Beverages,704,48,4.7,Wallet,Mumbai - Malad,Delivered
106467,2025-06-27,C6573,Borivali Bistro,South Indian,293,38,4.8,Cash,Mumbai - Colaba,Delivered
106468,2025-04-05,C4728,Borivali Bistro,Burger,1721,73,3.8,Wallet,Mumbai - Thane,Delivered
106469,2025-10-02,C6521,Chembur Spice House,Beverages,1749,68,3.8,Wallet,Mumbai - Mulund,Delivered
106470,2025-11-21,C4730,Vashi Veg Corner,Healthy Food,855,64,4.5,Credit Card,Mumbai - Bandra,Delivered
106471,2025-03-16,C8001,Bandra Bites,South Indian,1634,47,4.3,Credit Card,Mumbai - Dadar,Delayed
106472,2025-10-13,C7924,Marine Drive Meals,Pizza,189,46,2.5,Wallet,Mumbai - Malad,Delivered
106473,2026-06-20,C7308,Kurla Kitchen,North Indian,732,15,3.6,Wallet,Mumbai - Borivali,Delivered
106474,2025-05-22,C2832,Kurla Kitchen,Desserts,934,40,3.0,Wallet,Mumbai - Dadar,Delayed
106475,2025-10-17,C4152,Borivali Bistro,Burger,1222,72,4.3,Cash,Mumbai - Ghatkopar,Cancelled
106476,2026-03-30,C3052,Thane Treats,Healthy Food,1454,20,2.6,Wallet,Mumbai - Kurla,Cancelled
106477,2025-02-25,C2512,Vashi Veg Corner,North Indian,608,20,3.7,Credit Card,Mumbai - Chembur,Delivered
106478,2025-01-27,C5451,Thane Treats,Chinese,972,58,4.9,UPI,Mumbai - Ghatkopar,Delayed
106479,2026-01-26,C6681,Powai Plates,Pizza,1100,57,4.1,Credit Card,Mumbai - Bandra,Delivered
106480,2025-09-15,C7650,Mumbai Tadka,Burger,1199,57,2.8,Credit Card,Mumbai - Vashi,Delivered
106481,2025-04-29,C9051,Vashi Veg Corner,Burger,751,49,3.1,Debit Card,Mumbai - Dadar,Cancelled
106482,2025-03-12,C8014,Powai Plates,South Indian,1324,28,3.0,UPI,Mumbai - Ghatkopar,Delivered
106483,2025-06-02,C7456,Vashi Veg Corner,Beverages,551,19,4.9,Cash,Mumbai - Thane,Delivered
106484,2025-08-20,C1399,Marine Drive Meals,Healthy Food,954,43,2.8,Credit Card,Mumbai - Colaba,Delayed
106485,2026-04-22,C9529,Dadar Darbar,Chinese,776,42,2.8,Credit Card,Mumbai - Colaba,Delivered
106486,2026-04-18,C5661,Vashi Veg Corner,South Indian,1064,61,3.9,Credit Card,Mumbai - Powai,Cancelled
106487,2025-05-24,C7682,Chembur Spice House,Burger,842,57,4.5,Wallet,Mumbai - Mulund,Delivered
106488,2025-11-05,C4415,Bandra Bites,South Indian,791,45,2.7,Wallet,Mumbai - Kurla,Cancelled
106489,2025-05-20,C7252,Ghatkopar Grill,Healthy Food,1590,77,4.2,Credit Card,Mumbai - Colaba,Delivered
106490,2025-04-25,C4586,Colaba Cafe,North Indian,378,82,4.0,Credit Card,Mumbai - Thane,Delivered
106491,2026-02-14,C8910,Powai Plates,Pizza,686,26,4.1,UPI,Mumbai - Colaba,Cancelled
106492,2026-04-30,C5296,Borivali Bistro,Desserts,1368,30,3.0,Cash,Mumbai - Dadar,Cancelled
106493,2026-04-30,C7893,Bandra Bites,North Indian,812,52,4.6,Debit Card,Mumbai - Vashi,Delivered
106494,2025-09-10,C9726,Marine Drive Meals,Biryani,102,35,3.0,UPI,Mumbai - Ghatkopar,Delivered
106495,2025-12-18,C9148,Borivali Bistro,Desserts,1028,36,4.0,UPI,Mumbai - Malad,Delayed
106496,2025-08-03,C4030,Andheri Kitchen,South Indian,362,47,4.3,Credit Card,Mumbai - Mulund,Delivered
106497,2025-04-22,C7678,Vashi Veg Corner,Healthy Food,1487,62,3.8,Debit Card,Mumbai - Dadar,Cancelled
106498,2025-04-28,C3481,Andheri Kitchen,Beverages,1683,33,3.6,Credit Card,Mumbai - Ghatkopar,Delivered
106499,2025-02-17,C1020,Andheri Kitchen,Biryani,1361,43,2.8,Wallet,Mumbai - Malad,Delivered
106500,2025-04-10,C6585,Marine Drive Meals,Desserts,1575,56,3.8,Wallet,Mumbai - Powai,Cancelled
106501,2026-06-02,C4593,Andheri Kitchen,North Indian,1152,71,4.1,UPI,Mumbai - Colaba,Delivered
106502,2025-12-30,C1334,Borivali Bistro,Desserts,344,75,4.0,Credit Card,Mumbai - Powai,Delivered
106503,2025-01-25,C6805,Marine Drive Meals,Desserts,1125,76,3.6,Cash,Mumbai - Chembur,Delivered
106504,2026-05-06,C7074,Ghatkopar Grill,Beverages,665,66,3.5,UPI,Mumbai - Ghatkopar,Cancelled
106505,2025-02-04,C2785,Malad Food Hub,Burger,343,50,3.1,Cash,Mumbai - Andheri,Delivered
106506,2025-09-12,C4479,Chembur Spice House,North Indian,1235,17,3.3,Wallet,Mumbai - Dadar,Delivered
106507,2025-09-01,C7894,Chembur Spice House,South Indian,1695,77,4.1,UPI,Mumbai - Vashi,Delivered
106508,2026-06-19,C8784,Mumbai Tadka,South Indian,1498,80,3.4,Credit Card,Mumbai - Powai,Cancelled
106509,2026-04-07,C8220,Thane Treats,Beverages,799,32,3.9,Wallet,Mumbai - Vashi,Delivered
106510,2026-05-02,C6469,Thane Treats,Pizza,894,72,3.9,Debit Card,Mumbai - Vashi,Delivered
106511,2026-03-07,C8249,Thane Treats,Biryani,909,27,2.5,Cash,Mumbai - Malad,Cancelled
106512,2026-02-18,C6387,Colaba Cafe,Beverages,371,77,4.6,Credit Card,Mumbai - Powai,Delivered
106513,2025-05-06,C6415,Mumbai Tadka,Pizza,421,42,5.0,Cash,Mumbai - Dadar,Delayed
106514,2025-06-27,C8998,Vashi Veg Corner,South Indian,295,42,3.7,Cash,Mumbai - Kurla,Cancelled
106515,2026-04-01,C5079,Kurla Kitchen,North Indian,1704,76,4.5,Wallet,Mumbai - Colaba,Delayed
106516,2026-01-21,C5367,Chembur Spice House,South Indian,1388,54,2.6,Debit Card,Mumbai - Chembur,Cancelled
106517,2025-05-28,C3278,Mumbai Tadka,Beverages,180,47,3.5,Debit Card,Mumbai - Mulund,Delivered
106518,2026-01-28,C7534,Mumbai Tadka,Pizza,1678,60,4.3,UPI,Mumbai - Thane,Cancelled
106519,2025-11-06,C9660,Colaba Cafe,Healthy Food,802,30,4.6,Debit Card,Mumbai - Andheri,Delivered
106520,2025-02-11,C1538,Ghatkopar Grill,South Indian,1742,20,3.4,Wallet,Mumbai - Vashi,Delayed
106521,2026-02-27,C2467,Ghatkopar Grill,Beverages,1183,81,4.7,Wallet,Mumbai - Kurla,Delayed
106522,2026-01-27,C4629,Andheri Kitchen,Chinese,750,62,2.5,Cash,Mumbai - Powai,Delayed
106523,2025-08-14,C7539,Dadar Darbar,Desserts,360,26,3.9,Cash,Mumbai - Borivali,Delivered
106524,2026-04-22,C5855,Colaba Cafe,Desserts,1477,65,4.4,Cash,Mumbai - Thane,Cancelled
106525,2025-04-11,C2372,Andheri Kitchen,Burger,835,26,4.1,UPI,Mumbai - Thane,Cancelled
106526,2026-04-21,C2066,Andheri Kitchen,Beverages,885,39,4.5,Debit Card,Mumbai - Borivali,Delivered
106527,2025-12-18,C4685,Dadar Darbar,Beverages,187,39,2.7,Debit Card,Mumbai - Chembur,Delivered
106528,2026-04-21,C6461,Thane Treats,South Indian,1245,19,2.8,Wallet,Mumbai - Chembur,Delivered
106529,2025-02-04,C2474,Colaba Cafe,Desserts,1359,61,3.0,Cash,Mumbai - Dadar,Delivered
106530,2025-01-03,C7333,Bandra Bites,North Indian,463,56,2.9,Cash,Mumbai - Mulund,Delivered
106531,2026-01-02,C3999,Chembur Spice House,Healthy Food,398,63,3.8,Wallet,Mumbai - Vashi,Cancelled
106532,2025-06-10,C8999,Borivali Bistro,Beverages,1408,28,4.2,Cash,Mumbai - Thane,Delivered
106533,2025-12-19,C8151,Borivali Bistro,North Indian,1540,54,3.0,UPI,Mumbai - Thane,Delayed
106534,2025-09-30,C8414,Vashi Veg Corner,Burger,260,22,2.6,Debit Card,Mumbai - Vashi,Delivered
106535,2025-03-14,C5868,Thane Treats,Chinese,885,76,4.3,Debit Card,Mumbai - Colaba,Delivered
106536,2025-10-04,C4880,Powai Plates,Biryani,330,62,4.2,Cash,Mumbai - Malad,Delivered
106537,2026-05-19,C1307,Colaba Cafe,Chinese,325,35,3.3,Debit Card,Mumbai - Andheri,Delivered
106538,2025-03-14,C5793,Thane Treats,Desserts,1406,64,3.2,Wallet,Mumbai - Ghatkopar,Delivered
106539,2025-10-07,C4772,Malad Food Hub,Beverages,896,64,3.1,Wallet,Mumbai - Borivali,Delivered
106540,2025-06-12,C5221,Powai Plates,Beverages,819,58,4.2,Credit Card,Mumbai - Malad,Cancelled
106541,2026-05-28,C7100,Powai Plates,Pizza,619,26,4.7,UPI,Mumbai - Bandra,Delivered
106542,2026-04-01,C2599,Mumbai Tadka,Chinese,1060,73,4.8,Wallet,Mumbai - Powai,Delivered
106543,2026-02-22,C2955,Andheri Kitchen,Desserts,335,24,4.6,UPI,Mumbai - Colaba,Delivered
106544,2025-08-20,C1226,Colaba Cafe,Desserts,1258,17,3.2,Credit Card,Mumbai - Kurla,Delivered
106545,2025-07-11,C4417,Colaba Cafe,Beverages,1137,20,2.9,Debit Card,Mumbai - Vashi,Delivered
106546,2025-06-26,C3017,Vashi Veg Corner,Desserts,855,32,3.1,Cash,Mumbai - Dadar,Delayed
106547,2025-12-11,C9203,Kurla Kitchen,Biryani,314,56,3.4,Debit Card,Mumbai - Mulund,Delayed
106548,2025-12-25,C6868,Powai Plates,Biryani,1166,15,2.7,Wallet,Mumbai - Powai,Delivered
106549,2025-08-19,C6471,Marine Drive Meals,North Indian,1358,76,4.0,UPI,Mumbai - Bandra,Delivered
106550,2025-04-21,C9391,Vashi Veg Corner,Healthy Food,1340,50,4.4,Credit Card,Mumbai - Mulund,Delivered
106551,2025-08-29,C2621,Dadar Darbar,Chinese,264,43,4.3,Credit Card,Mumbai - Dadar,Delivered
106552,2025-02-26,C9293,Malad Food Hub,Beverages,964,41,3.5,Credit Card,Mumbai - Andheri,Delivered
106553,2025-09-02,C7777,Marine Drive Meals,Healthy Food,556,54,3.5,Cash,Mumbai - Borivali,Cancelled
106554,2025-05-26,C5597,Thane Treats,South Indian,754,69,4.4,Credit Card,Mumbai - Malad,Cancelled
106555,2025-05-29,C2867,Andheri Kitchen,Desserts,832,60,3.4,Wallet,Mumbai - Chembur,Delayed
106556,2026-04-18,C5955,Mumbai Tadka,North Indian,561,70,3.7,Debit Card,Mumbai - Andheri,Cancelled
106557,2025-10-03,C3281,Colaba Cafe,North Indian,833,54,4.1,Wallet,Mumbai - Mulund,Delivered
106558,2025-04-14,C7777,Mumbai Tadka,South Indian,583,79,3.2,Wallet,Mumbai - Bandra,Delivered
106559,2025-06-03,C5211,Marine Drive Meals,North Indian,1026,54,4.0,UPI,Mumbai - Vashi,Delivered
106560,2025-04-30,C7392,Bandra Bites,Burger,361,20,2.6,Credit Card,Mumbai - Kurla,Delivered
106561,2025-11-03,C7775,Vashi Veg Corner,North Indian,110,31,3.4,Debit Card,Mumbai - Ghatkopar,Delayed
106562,2026-03-05,C4342,Colaba Cafe,Burger,769,36,4.8,Debit Card,Mumbai - Chembur,Cancelled
106563,2025-02-11,C5022,Malad Food Hub,South Indian,1239,43,3.7,Wallet,Mumbai - Kurla,Cancelled
106564,2025-09-15,C1096,Ghatkopar Grill,Desserts,1317,69,4.4,Cash,Mumbai - Mulund,Delayed
106565,2025-08-05,C8446,Dadar Darbar,Biryani,1530,37,3.7,Cash,Mumbai - Bandra,Delayed
106566,2025-10-29,C5079,Bandra Bites,North Indian,1666,82,3.0,Wallet,Mumbai - Kurla,Delivered
106567,2026-03-30,C7599,Marine Drive Meals,Burger,697,53,3.9,Debit Card,Mumbai - Dadar,Delivered
106568,2026-05-03,C6434,Dadar Darbar,Chinese,467,22,3.6,Credit Card,Mumbai - Malad,Cancelled
106569,2025-05-29,C6460,Dadar Darbar,Beverages,1101,32,4.0,UPI,Mumbai - Thane,Delivered
106570,2025-02-17,C1102,Borivali Bistro,North Indian,1420,68,4.9,Wallet,Mumbai - Malad,Delivered
106571,2025-07-09,C1541,Kurla Kitchen,Burger,776,65,2.8,Debit Card,Mumbai - Chembur,Delivered
106572,2026-05-18,C6409,Malad Food Hub,North Indian,136,79,3.9,UPI,Mumbai - Kurla,Delivered
106573,2026-03-20,C9095,Kurla Kitchen,Chinese,619,53,2.6,Wallet,Mumbai - Ghatkopar,Delivered
106574,2025-07-30,C5307,Chembur Spice House,Desserts,380,31,4.7,Credit Card,Mumbai - Ghatkopar,Delivered
106575,2025-10-27,C5063,Powai Plates,South Indian,1222,53,2.7,UPI,Mumbai - Malad,Delayed
106576,2025-12-04,C6975,Andheri Kitchen,Burger,530,63,3.4,Cash,Mumbai - Colaba,Delivered
106577,2025-10-04,C9437,Mumbai Tadka,Beverages,922,74,2.7,UPI,Mumbai - Borivali,Cancelled
106578,2025-06-23,C9172,Dadar Darbar,Burger,1425,82,2.5,Credit Card,Mumbai - Andheri,Delivered
106579,2025-01-12,C4189,Bandra Bites,Healthy Food,1279,30,2.7,Cash,Mumbai - Chembur,Cancelled
106580,2026-06-24,C6918,Ghatkopar Grill,North Indian,499,74,3.7,Wallet,Mumbai - Powai,Delivered
106581,2025-06-24,C6576,Borivali Bistro,Chinese,877,66,4.5,UPI,Mumbai - Thane,Delivered
106582,2025-01-28,C4299,Kurla Kitchen,Pizza,792,84,4.5,Cash,Mumbai - Borivali,Cancelled
106583,2025-07-22,C5283,Chembur Spice House,North Indian,1773,51,4.0,Cash,Mumbai - Dadar,Delivered
106584,2026-01-12,C7410,Vashi Veg Corner,North Indian,101,66,4.1,Credit Card,Mumbai - Dadar,Delivered
106585,2025-03-17,C9052,Malad Food Hub,Burger,665,43,3.5,Credit Card,Mumbai - Dadar,Delivered
106586,2025-07-23,C4347,Colaba Cafe,Desserts,695,45,4.1,Credit Card,Mumbai - Kurla,Cancelled
106587,2025-04-25,C1879,Malad Food Hub,Chinese,1390,78,3.7,UPI,Mumbai - Andheri,Delivered
106588,2025-12-05,C4503,Mumbai Tadka,North Indian,769,82,4.7,Debit Card,Mumbai - Malad,Cancelled
106589,2025-07-12,C5583,Kurla Kitchen,Healthy Food,1723,57,4.0,Cash,Mumbai - Colaba,Delayed
106590,2025-01-15,C2873,Bandra Bites,Desserts,321,51,2.9,Cash,Mumbai - Vashi,Delivered
106591,2025-05-22,C7130,Borivali Bistro,Burger,555,53,3.5,Wallet,Mumbai - Bandra,Delayed
106592,2025-07-30,C5952,Chembur Spice House,South Indian,1264,47,3.3,Cash,Mumbai - Dadar,Delivered
106593,2025-06-11,C6103,Kurla Kitchen,North Indian,442,15,4.3,UPI,Mumbai - Colaba,Cancelled
106594,2025-12-27,C4795,Bandra Bites,South Indian,1741,57,3.3,Wallet,Mumbai - Kurla,Cancelled
106595,2026-01-06,C4478,Marine Drive Meals,Desserts,1536,62,4.0,UPI,Mumbai - Chembur,Delayed
106596,2026-05-14,C4650,Chembur Spice House,Beverages,1267,17,3.9,Credit Card,Mumbai - Bandra,Cancelled
106597,2025-04-30,C9731,Colaba Cafe,Chinese,319,57,3.8,UPI,Mumbai - Andheri,Delivered
106598,2025-07-13,C3701,Bandra Bites,South Indian,985,16,3.5,Cash,Mumbai - Borivali,Cancelled
106599,2026-06-15,C5684,Marine Drive Meals,Chinese,940,35,2.6,UPI,Mumbai - Kurla,Delayed
106600,2025-05-15,C3260,Colaba Cafe,Beverages,1158,26,4.1,Cash,Mumbai - Vashi,Cancelled
106601,2025-11-24,C4168,Dadar Darbar,Biryani,1707,17,4.4,Wallet,Mumbai - Bandra,Delayed
106602,2026-03-15,C2470,Marine Drive Meals,Healthy Food,652,29,4.0,Debit Card,Mumbai - Powai,Delivered
106603,2025-05-24,C9275,Powai Plates,Healthy Food,864,26,4.6,Cash,Mumbai - Kurla,Delivered
106604,2026-05-17,C2260,Dadar Darbar,Burger,1065,72,2.7,Wallet,Mumbai - Kurla,Delivered
106605,2025-05-20,C4042,Chembur Spice House,Healthy Food,920,31,4.6,Debit Card,Mumbai - Colaba,Delivered
106606,2025-12-08,C6000,Bandra Bites,Beverages,1409,39,3.9,Debit Card,Mumbai - Borivali,Delivered
106607,2026-02-15,C8035,Andheri Kitchen,Biryani,1366,25,3.0,Cash,Mumbai - Bandra,Delivered
106608,2025-11-03,C8225,Colaba Cafe,Pizza,402,77,2.9,Wallet,Mumbai - Colaba,Delivered
106609,2026-02-18,C8927,Kurla Kitchen,Desserts,1071,42,4.0,UPI,Mumbai - Chembur,Delivered
106610,2025-10-17,C4676,Vashi Veg Corner,South Indian,1252,30,3.2,UPI,Mumbai - Thane,Delivered
106611,2025-04-02,C5655,Ghatkopar Grill,Beverages,542,49,4.3,Wallet,Mumbai - Bandra,Delivered
106612,2026-04-19,C7235,Kurla Kitchen,Chinese,268,60,4.0,Cash,Mumbai - Bandra,Delayed
106613,2025-04-30,C6278,Kurla Kitchen,Beverages,239,24,3.0,Cash,Mumbai - Kurla,Delivered
106614,2025-10-20,C8793,Vashi Veg Corner,Healthy Food,911,51,4.4,Debit Card,Mumbai - Bandra,Delivered
106615,2025-01-11,C6934,Dadar Darbar,Biryani,1560,85,5.0,Wallet,Mumbai - Malad,Delivered
106616,2025-07-22,C3291,Marine Drive Meals,Burger,294,66,4.6,Cash,Mumbai - Colaba,Delivered
106617,2026-04-22,C1041,Thane Treats,Desserts,309,65,4.2,UPI,Mumbai - Bandra,Delayed
106618,2025-09-16,C9693,Colaba Cafe,Healthy Food,805,74,2.7,Credit Card,Mumbai - Bandra,Delivered
106619,2025-06-24,C3065,Dadar Darbar,Desserts,1505,62,4.2,Debit Card,Mumbai - Andheri,Delivered
106620,2025-10-05,C6700,Borivali Bistro,Beverages,1735,66,3.0,Debit Card,Mumbai - Dadar,Delivered
106621,2025-03-26,C8993,Dadar Darbar,Beverages,1591,35,4.0,UPI,Mumbai - Chembur,Delivered
106622,2026-03-19,C2917,Kurla Kitchen,Pizza,962,28,4.7,Credit Card,Mumbai - Andheri,Cancelled
106623,2025-08-28,C2834,Dadar Darbar,Healthy Food,258,31,4.1,UPI,Mumbai - Dadar,Delayed
106624,2025-10-02,C4033,Mumbai Tadka,Beverages,962,30,3.2,Credit Card,Mumbai - Chembur,Delayed
106625,2026-03-07,C3461,Borivali Bistro,Chinese,1195,41,5.0,UPI,Mumbai - Kurla,Cancelled
106626,2026-04-25,C2946,Thane Treats,South Indian,774,75,4.5,Debit Card,Mumbai - Borivali,Delivered
106627,2025-05-01,C9197,Chembur Spice House,Pizza,569,61,5.0,Credit Card,Mumbai - Ghatkopar,Delivered
106628,2026-06-07,C9842,Dadar Darbar,Chinese,1733,16,3.9,UPI,Mumbai - Colaba,Delayed
106629,2025-05-07,C9113,Thane Treats,North Indian,850,32,3.9,Credit Card,Mumbai - Borivali,Delayed
106630,2026-03-09,C5947,Ghatkopar Grill,Burger,430,65,4.0,Wallet,Mumbai - Dadar,Delayed
106631,2025-05-26,C4806,Colaba Cafe,Burger,1530,20,4.4,UPI,Mumbai - Kurla,Delivered
106632,2025-02-07,C2307,Borivali Bistro,Biryani,169,72,4.3,Wallet,Mumbai - Ghatkopar,Delivered
106633,2025-11-19,C4152,Kurla Kitchen,Healthy Food,1586,38,3.7,UPI,Mumbai - Thane,Delivered
106634,2025-12-26,C7468,Chembur Spice House,Pizza,1575,65,3.1,Cash,Mumbai - Ghatkopar,Cancelled
106635,2025-11-18,C7253,Vashi Veg Corner,Biryani,408,41,3.8,Wallet,Mumbai - Thane,Delivered
106636,2025-11-07,C1028,Kurla Kitchen,Beverages,280,63,2.8,Cash,Mumbai - Bandra,Delivered
106637,2025-04-09,C9132,Thane Treats,Burger,1401,78,3.0,Debit Card,Mumbai - Malad,Delivered
106638,2025-03-02,C3092,Mumbai Tadka,Burger,1756,35,3.7,Credit Card,Mumbai - Bandra,Delivered
106639,2026-06-16,C5712,Malad Food Hub,Pizza,968,73,4.8,Debit Card,Mumbai - Malad,Delivered
106640,2025-12-18,C6222,Colaba Cafe,Desserts,553,81,5.0,Credit Card,Mumbai - Chembur,Delayed
106641,2025-05-19,C8406,Malad Food Hub,Burger,1506,58,4.3,UPI,Mumbai - Colaba,Delivered
106642,2025-08-14,C4621,Kurla Kitchen,Beverages,385,35,3.9,Credit Card,Mumbai - Mulund,Delayed
106643,2025-01-12,C8239,Borivali Bistro,Burger,1642,75,3.5,Credit Card,Mumbai - Andheri,Delayed
106644,2026-05-20,C1574,Marine Drive Meals,Healthy Food,912,45,3.7,UPI,Mumbai - Dadar,Cancelled
106645,2025-12-03,C4252,Powai Plates,Burger,904,44,4.5,Debit Card,Mumbai - Andheri,Delayed
106646,2025-06-07,C9957,Marine Drive Meals,Beverages,1528,78,5.0,Cash,Mumbai - Colaba,Delivered
106647,2026-01-27,C2591,Chembur Spice House,Burger,1142,64,4.2,UPI,Mumbai - Thane,Delivered
106648,2025-09-22,C8815,Kurla Kitchen,South Indian,774,57,4.1,UPI,Mumbai - Kurla,Delayed
106649,2025-04-04,C4687,Bandra Bites,Chinese,1331,56,4.2,Credit Card,Mumbai - Colaba,Delivered
106650,2025-09-14,C9546,Andheri Kitchen,Biryani,558,27,4.7,Debit Card,Mumbai - Vashi,Delayed
106651,2025-05-16,C5806,Powai Plates,Pizza,564,43,3.5,Credit Card,Mumbai - Chembur,Delivered
106652,2026-02-12,C2149,Thane Treats,South Indian,138,55,3.4,Wallet,Mumbai - Dadar,Delivered
106653,2026-05-11,C6158,Malad Food Hub,Pizza,297,41,3.6,Debit Card,Mumbai - Chembur,Delivered
106654,2025-01-15,C4163,Marine Drive Meals,Burger,937,24,3.8,Cash,Mumbai - Thane,Delivered
106655,2026-06-24,C7517,Colaba Cafe,South Indian,1542,19,4.1,Credit Card,Mumbai - Mulund,Delayed
106656,2025-11-06,C7470,Powai Plates,North Indian,403,23,3.6,Debit Card,Mumbai - Mulund,Delayed
106657,2026-03-02,C1062,Dadar Darbar,Healthy Food,536,50,2.8,UPI,Mumbai - Mulund,Cancelled
106658,2025-10-19,C2407,Colaba Cafe,Healthy Food,126,33,3.1,UPI,Mumbai - Dadar,Delivered
106659,2025-10-31,C7527,Marine Drive Meals,Chinese,1054,48,4.2,UPI,Mumbai - Mulund,Delivered
106660,2025-05-02,C9325,Ghatkopar Grill,Pizza,965,32,3.9,Credit Card,Mumbai - Colaba,Delivered
106661,2025-09-06,C7180,Vashi Veg Corner,South Indian,816,17,3.1,UPI,Mumbai - Dadar,Cancelled
106662,2025-05-15,C6628,Thane Treats,Burger,111,30,2.7,Debit Card,Mumbai - Thane,Delayed
106663,2025-05-12,C2139,Bandra Bites,Burger,878,70,4.0,UPI,Mumbai - Ghatkopar,Cancelled
106664,2025-10-16,C9293,Dadar Darbar,Chinese,414,81,3.3,Credit Card,Mumbai - Thane,Delivered
106665,2025-07-30,C9475,Malad Food Hub,Burger,1767,21,4.6,UPI,Mumbai - Dadar,Cancelled
106666,2025-12-18,C9107,Bandra Bites,Beverages,736,24,3.3,Debit Card,Mumbai - Bandra,Delayed
106667,2025-07-29,C2302,Ghatkopar Grill,Chinese,1076,83,2.6,Wallet,Mumbai - Colaba,Delivered
106668,2026-01-25,C3331,Ghatkopar Grill,Biryani,1321,42,4.1,Cash,Mumbai - Ghatkopar,Delivered
106669,2026-06-06,C9554,Powai Plates,South Indian,549,28,3.5,Credit Card,Mumbai - Kurla,Delivered
106670,2026-05-12,C6314,Mumbai Tadka,Pizza,875,33,4.2,Credit Card,Mumbai - Colaba,Delivered
106671,2026-06-08,C6672,Bandra Bites,Biryani,1523,45,4.1,UPI,Mumbai - Kurla,Cancelled
106672,2026-05-25,C5750,Powai Plates,South Indian,910,83,3.1,Debit Card,Mumbai - Powai,Delivered
106673,2025-10-13,C4353,Kurla Kitchen,Healthy Food,1783,22,3.2,Debit Card,Mumbai - Kurla,Delivered
106674,2025-07-20,C8814,Andheri Kitchen,North Indian,1247,26,4.7,Wallet,Mumbai - Vashi,Delivered
106675,2025-09-30,C9922,Dadar Darbar,Beverages,323,33,4.0,Debit Card,Mumbai - Dadar,Delivered
106676,2026-03-25,C2407,Mumbai Tadka,Healthy Food,402,73,3.3,Credit Card,Mumbai - Borivali,Delivered
106677,2025-12-27,C4620,Chembur Spice House,North Indian,485,22,4.7,UPI,Mumbai - Mulund,Delivered
106678,2025-05-28,C8304,Andheri Kitchen,Healthy Food,1639,83,3.8,Credit Card,Mumbai - Ghatkopar,Delayed
106679,2026-02-18,C6266,Bandra Bites,Chinese,840,72,3.7,Debit Card,Mumbai - Kurla,Delivered
106680,2025-02-19,C2279,Ghatkopar Grill,South Indian,912,77,4.4,Debit Card,Mumbai - Malad,Delivered
106681,2026-03-09,C8884,Marine Drive Meals,Beverages,1070,65,3.9,Cash,Mumbai - Chembur,Delayed
106682,2025-02-14,C7133,Dadar Darbar,Healthy Food,1577,47,4.8,UPI,Mumbai - Mulund,Cancelled
106683,2025-01-08,C5302,Borivali Bistro,Burger,1303,40,3.2,Wallet,Mumbai - Chembur,Delivered
106684,2025-09-14,C8795,Borivali Bistro,Healthy Food,139,60,3.0,Cash,Mumbai - Dadar,Cancelled
106685,2025-05-07,C5390,Mumbai Tadka,Burger,1265,42,3.1,Cash,Mumbai - Vashi,Delivered
106686,2026-02-09,C7959,Vashi Veg Corner,Pizza,969,62,3.9,UPI,Mumbai - Vashi,Delivered
106687,2026-01-17,C7095,Andheri Kitchen,Chinese,438,55,3.4,Debit Card,Mumbai - Andheri,Delivered
106688,2026-04-26,C4638,Dadar Darbar,North Indian,1297,81,2.6,Cash,Mumbai - Malad,Cancelled
106689,2026-06-17,C5913,Thane Treats,Burger,1599,39,3.1,Debit Card,Mumbai - Chembur,Delivered
106690,2026-03-18,C2671,Powai Plates,Healthy Food,1415,73,4.4,Credit Card,Mumbai - Thane,Delivered
106691,2025-03-07,C1572,Andheri Kitchen,North Indian,1411,22,4.3,UPI,Mumbai - Borivali,Cancelled
106692,2025-07-07,C1667,Colaba Cafe,Healthy Food,1493,21,4.1,Cash,Mumbai - Dadar,Delivered
106693,2025-11-20,C2769,Colaba Cafe,Healthy Food,216,24,3.9,Cash,Mumbai - Chembur,Delivered
106694,2026-01-28,C3758,Bandra Bites,Biryani,808,47,4.0,Cash,Mumbai - Ghatkopar,Delivered
106695,2026-06-11,C5703,Andheri Kitchen,Burger,514,56,3.9,Credit Card,Mumbai - Andheri,Delivered
106696,2025-08-24,C9109,Kurla Kitchen,Biryani,1081,48,4.7,Credit Card,Mumbai - Ghatkopar,Cancelled
106697,2026-01-24,C2508,Mumbai Tadka,Chinese,1706,60,3.3,Wallet,Mumbai - Powai,Delivered
106698,2025-08-29,C4255,Vashi Veg Corner,Desserts,1745,53,3.6,Credit Card,Mumbai - Powai,Delivered
106699,2025-05-22,C7735,Borivali Bistro,Chinese,795,50,3.2,Credit Card,Mumbai - Thane,Delivered
106700,2026-01-06,C6316,Dadar Darbar,Pizza,884,40,4.7,Cash,Mumbai - Mulund,Delivered
106701,2025-03-11,C5972,Andheri Kitchen,South Indian,1010,24,4.5,Cash,Mumbai - Andheri,Delivered
106702,2025-02-06,C4034,Powai Plates,Biryani,939,18,2.8,UPI,Mumbai - Vashi,Delivered
106703,2025-01-17,C5186,Bandra Bites,Desserts,1243,18,4.9,Cash,Mumbai - Chembur,Delivered
106704,2025-03-07,C3785,Thane Treats,Biryani,1212,44,4.5,Cash,Mumbai - Thane,Delivered
106705,2025-05-01,C6115,Powai Plates,South Indian,688,20,4.0,Debit Card,Mumbai - Vashi,Delayed
106706,2026-05-02,C7355,Andheri Kitchen,Healthy Food,302,27,2.6,UPI,Mumbai - Colaba,Delivered
106707,2025-01-31,C1400,Marine Drive Meals,Pizza,725,39,3.2,Credit Card,Mumbai - Mulund,Delivered
106708,2026-06-20,C5092,Dadar Darbar,North Indian,1575,71,4.4,Debit Card,Mumbai - Bandra,Delivered
106709,2025-09-26,C1823,Powai Plates,Beverages,1782,53,4.7,Debit Card,Mumbai - Bandra,Delivered
106710,2025-11-21,C2427,Ghatkopar Grill,Beverages,480,26,3.4,Debit Card,Mumbai - Malad,Delayed
106711,2025-03-23,C6388,Mumbai Tadka,Biryani,606,52,3.9,Wallet,Mumbai - Andheri,Delayed
106712,2025-05-01,C5442,Borivali Bistro,South Indian,346,61,4.0,Credit Card,Mumbai - Borivali,Cancelled
106713,2026-05-22,C8999,Bandra Bites,Biryani,1705,23,4.8,Debit Card,Mumbai - Colaba,Delayed
106714,2025-06-22,C6990,Ghatkopar Grill,South Indian,786,71,3.4,UPI,Mumbai - Ghatkopar,Cancelled
106715,2026-01-10,C3191,Thane Treats,North Indian,240,32,2.6,Debit Card,Mumbai - Kurla,Delivered
106716,2025-01-15,C7923,Marine Drive Meals,Burger,152,47,2.6,Debit Card,Mumbai - Powai,Delayed
106717,2025-03-22,C7069,Andheri Kitchen,Burger,605,79,3.0,Cash,Mumbai - Kurla,Cancelled
106718,2026-03-10,C1743,Ghatkopar Grill,Biryani,1473,19,4.8,Wallet,Mumbai - Colaba,Delivered
106719,2025-09-22,C8330,Borivali Bistro,South Indian,743,40,4.4,Debit Card,Mumbai - Chembur,Cancelled
106720,2025-06-28,C3206,Mumbai Tadka,Burger,1367,42,3.6,UPI,Mumbai - Thane,Delivered
106721,2025-04-29,C4831,Malad Food Hub,Desserts,310,20,4.8,Debit Card,Mumbai - Thane,Delayed
106722,2025-01-07,C7545,Marine Drive Meals,Beverages,1025,41,4.1,Cash,Mumbai - Dadar,Delivered
106723,2026-01-08,C2230,Borivali Bistro,Chinese,1399,27,4.5,Debit Card,Mumbai - Vashi,Delivered
106724,2025-08-29,C7358,Bandra Bites,Pizza,1219,38,3.6,UPI,Mumbai - Borivali,Delivered
106725,2025-08-26,C8633,Andheri Kitchen,Burger,327,61,3.3,Wallet,Mumbai - Kurla,Delivered
106726,2025-08-12,C4944,Thane Treats,South Indian,371,26,2.6,UPI,Mumbai - Kurla,Delayed
106727,2025-09-09,C1837,Thane Treats,Healthy Food,732,75,3.5,Cash,Mumbai - Mulund,Cancelled
106728,2025-08-10,C1657,Chembur Spice House,North Indian,1047,31,4.8,Debit Card,Mumbai - Ghatkopar,Delivered
106729,2026-05-29,C9668,Malad Food Hub,North Indian,1421,44,3.3,Credit Card,Mumbai - Kurla,Delayed
106730,2026-06-08,C3923,Thane Treats,South Indian,1691,83,4.9,Cash,Mumbai - Bandra,Delivered
106731,2026-05-13,C3850,Thane Treats,Pizza,155,46,4.9,UPI,Mumbai - Chembur,Delivered
106732,2026-04-23,C4934,Andheri Kitchen,Biryani,251,82,3.8,Debit Card,Mumbai - Kurla,Delivered
106733,2026-02-18,C1573,Borivali Bistro,Beverages,692,85,4.3,UPI,Mumbai - Dadar,Delivered
106734,2026-01-02,C8332,Colaba Cafe,Desserts,546,19,2.7,Debit Card,Mumbai - Ghatkopar,Cancelled
106735,2026-06-18,C7422,Vashi Veg Corner,Burger,1340,37,4.2,Debit Card,Mumbai - Borivali,Delivered
106736,2025-04-02,C7930,Malad Food Hub,Biryani,1218,21,3.1,UPI,Mumbai - Ghatkopar,Delivered
106737,2025-03-16,C8742,Chembur Spice House,Biryani,873,74,4.3,Credit Card,Mumbai - Kurla,Delivered
106738,2025-12-09,C2927,Vashi Veg Corner,Desserts,1126,62,3.7,Debit Card,Mumbai - Borivali,Delayed
106739,2025-11-14,C6050,Andheri Kitchen,Chinese,200,71,2.6,UPI,Mumbai - Chembur,Cancelled
106740,2025-06-23,C5074,Kurla Kitchen,Biryani,856,23,3.4,Cash,Mumbai - Kurla,Cancelled
106741,2026-06-18,C9321,Thane Treats,Biryani,815,35,3.8,Credit Card,Mumbai - Colaba,Delivered
106742,2025-02-23,C8001,Ghatkopar Grill,Pizza,1219,75,3.1,Credit Card,Mumbai - Dadar,Cancelled
106743,2025-03-07,C9222,Mumbai Tadka,North Indian,1473,59,3.9,Debit Card,Mumbai - Mulund,Cancelled
106744,2025-12-05,C7568,Ghatkopar Grill,Desserts,488,43,5.0,Wallet,Mumbai - Vashi,Cancelled
106745,2025-11-21,C2365,Colaba Cafe,Biryani,1080,78,3.0,Wallet,Mumbai - Andheri,Delivered
106746,2026-01-25,C1923,Dadar Darbar,Burger,1376,15,4.7,Cash,Mumbai - Colaba,Cancelled
106747,2025-07-28,C2691,Andheri Kitchen,Healthy Food,1526,18,4.5,Wallet,Mumbai - Kurla,Delivered
106748,2025-12-03,C8539,Chembur Spice House,South Indian,1588,51,4.5,Wallet,Mumbai - Colaba,Delivered
106749,2026-04-20,C6847,Thane Treats,Chinese,785,15,3.5,Cash,Mumbai - Andheri,Delayed
106750,2025-04-03,C2785,Andheri Kitchen,Chinese,407,49,5.0,Credit Card,Mumbai - Dadar,Delayed
106751,2025-04-22,C5416,Borivali Bistro,Chinese,1586,49,3.3,Credit Card,Mumbai - Vashi,Delivered
106752,2026-05-04,C8345,Vashi Veg Corner,South Indian,1183,68,4.8,Debit Card,Mumbai - Thane,Cancelled
106753,2025-09-17,C1803,Colaba Cafe,Biryani,1143,33,4.6,Cash,Mumbai - Dadar,Delivered
106754,2025-09-02,C8351,Andheri Kitchen,Biryani,371,36,4.5,Cash,Mumbai - Kurla,Delivered
106755,2026-06-22,C4208,Vashi Veg Corner,Biryani,246,57,4.3,Credit Card,Mumbai - Borivali,Cancelled
106756,2025-09-09,C3121,Marine Drive Meals,Beverages,621,36,3.5,Cash,Mumbai - Ghatkopar,Delivered
106757,2025-10-09,C3735,Vashi Veg Corner,Biryani,1083,56,3.1,Wallet,Mumbai - Thane,Delivered
106758,2026-02-07,C2659,Colaba Cafe,Burger,358,47,4.0,UPI,Mumbai - Chembur,Delayed
106759,2025-06-18,C3295,Thane Treats,Desserts,204,85,4.6,Cash,Mumbai - Thane,Delivered
106760,2026-03-12,C6602,Dadar Darbar,Healthy Food,1700,69,2.9,Debit Card,Mumbai - Dadar,Cancelled
106761,2025-02-25,C8811,Bandra Bites,Beverages,1452,28,3.8,Cash,Mumbai - Colaba,Cancelled
106762,2025-08-11,C5403,Malad Food Hub,North Indian,964,70,3.9,Credit Card,Mumbai - Mulund,Delivered
106763,2025-09-07,C5195,Chembur Spice House,South Indian,376,45,3.8,Credit Card,Mumbai - Bandra,Delivered
106764,2025-09-27,C3275,Colaba Cafe,Pizza,274,39,3.4,Credit Card,Mumbai - Ghatkopar,Delivered
106765,2025-08-07,C9682,Dadar Darbar,Pizza,292,20,2.7,UPI,Mumbai - Borivali,Delivered
106766,2025-01-15,C4290,Mumbai Tadka,Burger,723,36,4.7,UPI,Mumbai - Malad,Delivered
106767,2025-04-03,C5003,Thane Treats,Pizza,101,18,3.4,Wallet,Mumbai - Borivali,Cancelled
106768,2026-03-01,C9936,Malad Food Hub,Beverages,1436,22,4.0,Cash,Mumbai - Thane,Delayed
106769,2025-06-01,C6958,Andheri Kitchen,Healthy Food,915,24,3.2,Wallet,Mumbai - Malad,Delivered
106770,2026-02-19,C3729,Andheri Kitchen,South Indian,1681,48,4.0,UPI,Mumbai - Dadar,Delivered
106771,2025-06-18,C9075,Borivali Bistro,Healthy Food,1209,83,3.3,UPI,Mumbai - Powai,Delivered
106772,2025-06-21,C1468,Andheri Kitchen,Biryani,1737,40,4.8,Credit Card,Mumbai - Mulund,Delivered
106773,2025-02-01,C9340,Borivali Bistro,South Indian,1456,52,3.0,Wallet,Mumbai - Thane,Delivered
106774,2025-04-11,C6812,Kurla Kitchen,Desserts,167,66,2.7,Debit Card,Mumbai - Chembur,Delivered
106775,2026-03-23,C3149,Marine Drive Meals,Pizza,808,69,5.0,Credit Card,Mumbai - Dadar,Delivered
106776,2025-08-31,C2447,Mumbai Tadka,Biryani,403,84,4.2,UPI,Mumbai - Vashi,Cancelled
106777,2026-06-17,C3374,Mumbai Tadka,South Indian,1334,43,4.0,Wallet,Mumbai - Dadar,Delivered
106778,2026-02-15,C7352,Ghatkopar Grill,Chinese,1655,82,2.7,Debit Card,Mumbai - Bandra,Cancelled
106779,2026-03-27,C9426,Colaba Cafe,Chinese,1582,74,4.5,Debit Card,Mumbai - Bandra,Delivered
106780,2026-05-22,C8630,Ghatkopar Grill,Chinese,532,42,3.3,Wallet,Mumbai - Malad,Delivered
106781,2025-07-25,C3044,Marine Drive Meals,Biryani,1750,27,3.7,UPI,Mumbai - Vashi,Delivered
106782,2026-04-16,C2695,Colaba Cafe,Chinese,1236,48,4.8,Cash,Mumbai - Ghatkopar,Delayed
106783,2025-04-22,C4616,Andheri Kitchen,Desserts,512,74,2.7,Credit Card,Mumbai - Powai,Cancelled
106784,2025-09-02,C2085,Ghatkopar Grill,Desserts,1386,44,4.3,UPI,Mumbai - Bandra,Delivered
106785,2025-03-07,C1867,Malad Food Hub,Biryani,1085,33,2.8,Credit Card,Mumbai - Powai,Delivered
106786,2025-08-09,C5679,Ghatkopar Grill,Burger,1320,50,2.6,Debit Card,Mumbai - Colaba,Delivered
106787,2026-03-12,C4268,Andheri Kitchen,Biryani,421,20,4.0,UPI,Mumbai - Thane,Delivered
106788,2026-01-20,C6719,Colaba Cafe,Chinese,126,56,4.2,Cash,Mumbai - Colaba,Delivered
106789,2026-06-08,C7729,Colaba Cafe,Healthy Food,117,66,4.3,Debit Card,Mumbai - Vashi,Delivered
106790,2026-03-09,C6014,Vashi Veg Corner,Biryani,1395,42,3.2,Cash,Mumbai - Kurla,Cancelled
106791,2025-04-29,C4309,Ghatkopar Grill,Biryani,1489,39,2.9,UPI,Mumbai - Ghatkopar,Delivered
106792,2025-09-23,C1405,Kurla Kitchen,South Indian,967,71,4.0,Credit Card,Mumbai - Andheri,Cancelled
106793,2025-05-15,C1052,Marine Drive Meals,Beverages,571,44,4.4,Cash,Mumbai - Bandra,Delivered
106794,2025-02-18,C2612,Mumbai Tadka,Burger,1531,78,2.7,Wallet,Mumbai - Bandra,Delivered
106795,2026-04-02,C9436,Andheri Kitchen,Healthy Food,622,53,5.0,UPI,Mumbai - Malad,Delivered
106796,2025-12-21,C9409,Dadar Darbar,Beverages,972,35,2.7,UPI,Mumbai - Ghatkopar,Delivered
106797,2025-05-03,C6986,Marine Drive Meals,Burger,1171,45,4.5,UPI,Mumbai - Chembur,Delivered
106798,2025-05-18,C1095,Thane Treats,Chinese,977,85,3.5,Wallet,Mumbai - Powai,Delivered
106799,2026-01-28,C4234,Vashi Veg Corner,Pizza,1565,52,4.4,Wallet,Mumbai - Ghatkopar,Delayed
106800,2026-05-16,C4687,Marine Drive Meals,Burger,1135,36,4.5,Cash,Mumbai - Powai,Delivered
106801,2025-06-10,C1578,Malad Food Hub,Desserts,117,83,4.5,Wallet,Mumbai - Powai,Delivered
106802,2025-06-30,C5161,Andheri Kitchen,Pizza,1672,25,4.3,Debit Card,Mumbai - Chembur,Delayed
106803,2025-10-29,C3298,Ghatkopar Grill,Chinese,1377,67,4.2,Debit Card,Mumbai - Mulund,Delivered
106804,2025-01-04,C1343,Powai Plates,Burger,1539,67,4.5,Cash,Mumbai - Vashi,Delivered
106805,2025-02-11,C3130,Malad Food Hub,Pizza,356,32,4.6,Credit Card,Mumbai - Vashi,Cancelled
106806,2026-01-08,C1549,Dadar Darbar,Biryani,239,65,2.8,Cash,Mumbai - Ghatkopar,Delivered
106807,2025-06-09,C1534,Andheri Kitchen,Desserts,1126,43,4.9,Wallet,Mumbai - Kurla,Delivered
106808,2026-03-17,C1175,Andheri Kitchen,Pizza,1471,82,4.4,Debit Card,Mumbai - Bandra,Delivered
106809,2025-07-23,C5082,Chembur Spice House,South Indian,522,83,3.5,Cash,Mumbai - Bandra,Delivered
106810,2026-02-21,C9002,Powai Plates,Biryani,755,18,3.1,Debit Card,Mumbai - Kurla,Delivered
106811,2026-05-10,C3564,Powai Plates,South Indian,945,35,3.4,Debit Card,Mumbai - Borivali,Delayed
106812,2025-07-27,C9858,Marine Drive Meals,Healthy Food,1296,35,4.3,UPI,Mumbai - Kurla,Delayed
106813,2026-04-29,C4505,Colaba Cafe,Biryani,1334,54,3.2,Wallet,Mumbai - Bandra,Cancelled
106814,2026-03-10,C5075,Ghatkopar Grill,South Indian,1545,57,2.8,Credit Card,Mumbai - Mulund,Delivered
106815,2025-10-05,C6605,Dadar Darbar,Pizza,899,17,2.9,Wallet,Mumbai - Borivali,Cancelled
106816,2026-02-16,C2670,Marine Drive Meals,Chinese,890,36,2.5,Credit Card,Mumbai - Vashi,Delivered
106817,2025-10-27,C4138,Bandra Bites,Healthy Food,484,54,3.0,Wallet,Mumbai - Vashi,Delivered
106818,2025-11-30,C2564,Dadar Darbar,Beverages,1514,46,4.5,Credit Card,Mumbai - Kurla,Delivered
106819,2025-10-27,C6074,Andheri Kitchen,Healthy Food,1435,34,4.9,Debit Card,Mumbai - Thane,Delivered
106820,2025-04-08,C1712,Ghatkopar Grill,Biryani,781,31,3.0,UPI,Mumbai - Bandra,Delivered
106821,2025-06-06,C5942,Colaba Cafe,South Indian,1701,18,4.9,Credit Card,Mumbai - Ghatkopar,Cancelled
106822,2025-08-04,C4315,Mumbai Tadka,Healthy Food,120,44,3.7,Credit Card,Mumbai - Malad,Cancelled
106823,2026-02-18,C7605,Marine Drive Meals,South Indian,1784,62,4.4,UPI,Mumbai - Mulund,Delayed
106824,2025-09-14,C3438,Borivali Bistro,Burger,225,72,4.5,Cash,Mumbai - Colaba,Cancelled
106825,2025-06-08,C5340,Marine Drive Meals,Pizza,1086,83,4.4,Credit Card,Mumbai - Kurla,Delivered
106826,2026-06-16,C4877,Ghatkopar Grill,Burger,1077,77,3.2,UPI,Mumbai - Colaba,Delivered
106827,2026-01-11,C3064,Colaba Cafe,Desserts,1557,15,3.5,Cash,Mumbai - Malad,Delivered
106828,2025-01-20,C8806,Ghatkopar Grill,North Indian,1760,81,2.8,Credit Card,Mumbai - Borivali,Delivered
106829,2026-05-24,C7725,Bandra Bites,Desserts,418,52,3.7,Credit Card,Mumbai - Borivali,Delivered
106830,2025-04-15,C2502,Mumbai Tadka,Beverages,1253,32,4.2,Wallet,Mumbai - Vashi,Delivered
106831,2025-08-25,C2876,Thane Treats,North Indian,197,83,3.7,Wallet,Mumbai - Colaba,Delivered
106832,2025-11-18,C7094,Powai Plates,Pizza,530,42,3.8,Wallet,Mumbai - Chembur,Delivered
106833,2025-05-04,C8513,Colaba Cafe,North Indian,848,77,3.3,Credit Card,Mumbai - Malad,Delivered
106834,2025-12-13,C6083,Vashi Veg Corner,South Indian,1294,30,2.9,Credit Card,Mumbai - Powai,Cancelled
106835,2025-02-04,C5737,Andheri Kitchen,Beverages,346,54,2.7,Debit Card,Mumbai - Andheri,Delivered
106836,2025-12-20,C9504,Powai Plates,Burger,367,77,2.8,Cash,Mumbai - Andheri,Delivered
106837,2025-12-23,C8979,Kurla Kitchen,South Indian,962,22,3.7,UPI,Mumbai - Borivali,Delivered
106838,2025-01-24,C5405,Borivali Bistro,South Indian,302,18,3.8,Cash,Mumbai - Powai,Delivered
106839,2026-05-22,C4916,Chembur Spice House,Pizza,507,42,4.1,Credit Card,Mumbai - Thane,Delayed
106840,2026-04-17,C3950,Powai Plates,Burger,573,48,4.6,Cash,Mumbai - Thane,Delayed
106841,2026-01-30,C4183,Chembur Spice House,Burger,1670,64,4.8,Wallet,Mumbai - Dadar,Delivered
106842,2025-03-01,C3671,Ghatkopar Grill,Beverages,1165,78,2.7,Credit Card,Mumbai - Borivali,Delivered
106843,2025-05-25,C5836,Colaba Cafe,Desserts,1563,39,3.4,Debit Card,Mumbai - Thane,Delivered
106844,2025-03-21,C1475,Thane Treats,Healthy Food,1729,30,2.8,Cash,Mumbai - Colaba,Delivered
106845,2025-12-31,C6818,Kurla Kitchen,Burger,199,54,2.6,Wallet,Mumbai - Dadar,Delivered
106846,2026-01-31,C7221,Chembur Spice House,Beverages,1550,57,5.0,Credit Card,Mumbai - Ghatkopar,Delivered
106847,2026-06-13,C4792,Bandra Bites,Chinese,902,48,3.6,Credit Card,Mumbai - Kurla,Delayed
106848,2025-01-24,C6289,Bandra Bites,Biryani,156,40,3.6,Wallet,Mumbai - Powai,Delivered
106849,2026-05-04,C9941,Dadar Darbar,Burger,1712,24,3.4,Wallet,Mumbai - Andheri,Delivered
106850,2025-11-10,C8355,Powai Plates,Burger,1486,22,2.9,Credit Card,Mumbai - Andheri,Delivered
106851,2026-03-27,C1413,Marine Drive Meals,South Indian,1623,41,4.0,Wallet,Mumbai - Andheri,Delayed
106852,2025-08-05,C3696,Marine Drive Meals,Desserts,1603,29,4.7,Wallet,Mumbai - Andheri,Delayed
106853,2025-12-22,C9469,Bandra Bites,Desserts,920,28,3.6,UPI,Mumbai - Vashi,Delayed
106854,2025-12-20,C2890,Malad Food Hub,Pizza,155,83,3.5,Cash,Mumbai - Thane,Delivered
106855,2025-02-22,C1222,Powai Plates,Chinese,1776,79,3.7,UPI,Mumbai - Dadar,Delivered
106856,2026-05-06,C9401,Bandra Bites,Healthy Food,1781,45,3.9,Wallet,Mumbai - Mulund,Cancelled
106857,2025-01-16,C1922,Malad Food Hub,Pizza,1248,84,2.9,Wallet,Mumbai - Ghatkopar,Cancelled
106858,2025-01-03,C8136,Powai Plates,Chinese,1202,57,3.4,UPI,Mumbai - Dadar,Delivered
106859,2025-05-03,C4152,Andheri Kitchen,Pizza,936,24,3.7,Debit Card,Mumbai - Powai,Cancelled
106860,2026-06-06,C4992,Thane Treats,Biryani,284,69,4.9,UPI,Mumbai - Mulund,Delivered
106861,2025-04-16,C9912,Thane Treats,North Indian,1343,39,4.1,Debit Card,Mumbai - Colaba,Delayed
106862,2026-01-31,C7647,Malad Food Hub,Chinese,582,61,3.7,Debit Card,Mumbai - Mulund,Cancelled
106863,2026-04-11,C9803,Dadar Darbar,South Indian,1139,49,3.9,Wallet,Mumbai - Malad,Delivered
106864,2025-07-09,C9537,Chembur Spice House,North Indian,1434,68,3.8,Credit Card,Mumbai - Malad,Delivered
106865,2025-01-09,C9010,Thane Treats,South Indian,924,70,3.8,UPI,Mumbai - Bandra,Delivered
106866,2025-06-25,C8891,Borivali Bistro,North Indian,803,61,3.5,Credit Card,Mumbai - Chembur,Delayed
106867,2025-12-09,C5450,Chembur Spice House,Chinese,1502,43,3.7,Debit Card,Mumbai - Bandra,Delivered
106868,2025-09-04,C4997,Andheri Kitchen,South Indian,465,24,3.4,Cash,Mumbai - Vashi,Delivered
106869,2026-02-24,C4480,Chembur Spice House,Biryani,1747,39,4.3,UPI,Mumbai - Mulund,Delivered
106870,2025-06-06,C5039,Thane Treats,Burger,645,38,2.7,Cash,Mumbai - Malad,Cancelled
106871,2025-12-01,C5293,Andheri Kitchen,Desserts,314,37,3.5,Debit Card,Mumbai - Borivali,Delivered
106872,2025-02-18,C8492,Colaba Cafe,Pizza,490,62,3.5,Wallet,Mumbai - Chembur,Delayed
106873,2025-06-05,C4208,Borivali Bistro,Pizza,201,82,3.8,Debit Card,Mumbai - Chembur,Delivered
106874,2026-04-04,C3842,Marine Drive Meals,Beverages,1555,66,4.5,Debit Card,Mumbai - Andheri,Delivered
106875,2025-03-01,C7727,Malad Food Hub,Pizza,749,57,2.9,Credit Card,Mumbai - Kurla,Delayed
106876,2026-03-24,C2826,Thane Treats,Desserts,788,31,3.2,Wallet,Mumbai - Mulund,Delivered
106877,2025-02-27,C1196,Chembur Spice House,North Indian,225,82,3.5,Cash,Mumbai - Malad,Delivered
106878,2026-03-27,C7013,Ghatkopar Grill,Desserts,536,70,4.0,UPI,Mumbai - Powai,Delivered
106879,2025-02-21,C4325,Marine Drive Meals,Biryani,472,22,4.5,Wallet,Mumbai - Andheri,Delayed
106880,2025-12-01,C2085,Chembur Spice House,Healthy Food,337,63,3.8,Credit Card,Mumbai - Dadar,Delayed
106881,2025-08-08,C6281,Malad Food Hub,Healthy Food,1787,42,4.9,Cash,Mumbai - Colaba,Cancelled
106882,2025-06-12,C2214,Andheri Kitchen,Biryani,852,32,4.4,UPI,Mumbai - Chembur,Delivered
106883,2025-10-17,C4088,Borivali Bistro,Desserts,1666,49,2.9,Debit Card,Mumbai - Mulund,Delivered
106884,2025-11-04,C7700,Kurla Kitchen,Burger,1791,80,5.0,Credit Card,Mumbai - Mulund,Delivered
106885,2025-10-05,C5442,Bandra Bites,Chinese,1781,53,3.3,Wallet,Mumbai - Thane,Cancelled
106886,2025-10-13,C7494,Colaba Cafe,Chinese,1607,53,3.5,Wallet,Mumbai - Chembur,Delayed
106887,2025-12-31,C4758,Borivali Bistro,Healthy Food,1650,79,3.2,Debit Card,Mumbai - Colaba,Delivered
106888,2026-02-05,C9011,Dadar Darbar,Biryani,1103,26,3.2,Debit Card,Mumbai - Bandra,Delivered
106889,2026-04-15,C8089,Malad Food Hub,Biryani,1091,65,3.5,UPI,Mumbai - Thane,Delivered
106890,2025-03-13,C3639,Chembur Spice House,Burger,678,51,2.6,UPI,Mumbai - Thane,Delivered
106891,2026-06-21,C3900,Mumbai Tadka,Beverages,654,60,4.1,Cash,Mumbai - Malad,Delivered
106892,2025-02-09,C4785,Colaba Cafe,Biryani,997,36,3.2,Debit Card,Mumbai - Borivali,Delivered
106893,2026-03-13,C5217,Colaba Cafe,Biryani,1499,56,2.8,Cash,Mumbai - Colaba,Delayed
106894,2025-04-28,C7269,Malad Food Hub,Biryani,957,17,4.2,Cash,Mumbai - Dadar,Delayed
106895,2025-11-08,C8091,Andheri Kitchen,South Indian,743,43,3.9,Cash,Mumbai - Malad,Delivered
106896,2025-07-21,C1464,Andheri Kitchen,South Indian,1323,24,4.7,UPI,Mumbai - Ghatkopar,Delivered
106897,2026-01-22,C5603,Marine Drive Meals,Desserts,1604,76,2.6,UPI,Mumbai - Thane,Delivered
106898,2025-03-03,C6577,Andheri Kitchen,Biryani,296,64,2.7,Wallet,Mumbai - Ghatkopar,Cancelled
106899,2025-02-11,C9193,Colaba Cafe,Chinese,1064,84,3.7,Wallet,Mumbai - Andheri,Cancelled
106900,2025-04-23,C5515,Marine Drive Meals,Pizza,1668,17,3.1,UPI,Mumbai - Malad,Delayed
106901,2025-02-26,C1874,Andheri Kitchen,South Indian,1699,29,3.4,Cash,Mumbai - Kurla,Delivered
106902,2026-06-22,C5695,Vashi Veg Corner,Biryani,723,42,3.1,Credit Card,Mumbai - Kurla,Delivered
106903,2026-06-07,C8363,Ghatkopar Grill,Chinese,277,15,4.1,Debit Card,Mumbai - Borivali,Delivered
106904,2025-06-22,C6493,Kurla Kitchen,Desserts,516,19,4.5,Wallet,Mumbai - Bandra,Delivered
106905,2025-12-20,C3853,Andheri Kitchen,Chinese,1727,22,3.5,UPI,Mumbai - Dadar,Delayed
106906,2025-06-25,C4678,Borivali Bistro,North Indian,775,44,2.8,Credit Card,Mumbai - Bandra,Delivered
106907,2025-07-14,C7886,Kurla Kitchen,South Indian,540,38,4.7,Cash,Mumbai - Andheri,Cancelled
106908,2025-03-15,C6273,Marine Drive Meals,Chinese,1040,84,4.9,Cash,Mumbai - Chembur,Cancelled
106909,2025-07-10,C2218,Borivali Bistro,South Indian,1195,84,5.0,Wallet,Mumbai - Vashi,Delivered
106910,2026-02-20,C8808,Dadar Darbar,Biryani,459,30,4.0,Cash,Mumbai - Colaba,Delivered
106911,2026-06-19,C3378,Thane Treats,Burger,1761,23,4.6,Cash,Mumbai - Thane,Cancelled
106912,2025-11-15,C6548,Mumbai Tadka,Burger,1619,26,4.3,UPI,Mumbai - Ghatkopar,Delivered
106913,2026-06-14,C5732,Chembur Spice House,South Indian,651,57,4.4,Debit Card,Mumbai - Ghatkopar,Delivered
106914,2026-04-05,C7005,Mumbai Tadka,Desserts,496,39,3.5,Wallet,Mumbai - Borivali,Delivered
106915,2025-12-17,C3305,Marine Drive Meals,South Indian,1761,83,3.4,Debit Card,Mumbai - Powai,Delayed
106916,2025-09-01,C1956,Borivali Bistro,Burger,1768,48,4.7,Debit Card,Mumbai - Malad,Delivered
106917,2025-04-18,C3621,Powai Plates,North Indian,1739,69,4.2,Wallet,Mumbai - Thane,Delivered
106918,2025-07-02,C8735,Marine Drive Meals,Healthy Food,997,64,4.7,UPI,Mumbai - Vashi,Delivered
106919,2025-11-28,C4054,Mumbai Tadka,Pizza,1637,27,2.7,Credit Card,Mumbai - Mulund,Delivered
106920,2025-03-11,C7800,Thane Treats,Beverages,1345,50,4.3,UPI,Mumbai - Kurla,Cancelled
106921,2025-02-05,C8039,Kurla Kitchen,Desserts,677,74,3.5,Wallet,Mumbai - Colaba,Delayed
106922,2025-11-13,C4227,Borivali Bistro,Pizza,411,50,4.2,Cash,Mumbai - Mulund,Cancelled
106923,2025-06-17,C5868,Andheri Kitchen,South Indian,986,26,4.9,Cash,Mumbai - Chembur,Delayed
106924,2025-10-22,C8783,Kurla Kitchen,Pizza,158,59,4.1,Debit Card,Mumbai - Chembur,Delivered
106925,2025-02-27,C1632,Borivali Bistro,Chinese,978,34,4.4,Wallet,Mumbai - Thane,Delivered
106926,2026-02-12,C8403,Andheri Kitchen,Beverages,1591,79,2.8,UPI,Mumbai - Vashi,Delivered
106927,2026-05-21,C7408,Powai Plates,Biryani,1692,70,4.1,Wallet,Mumbai - Thane,Delivered
106928,2026-03-19,C3034,Thane Treats,Pizza,920,73,4.0,Wallet,Mumbai - Borivali,Delivered
106929,2026-01-29,C7622,Malad Food Hub,North Indian,1634,36,2.9,Credit Card,Mumbai - Borivali,Delivered
106930,2025-06-30,C2711,Bandra Bites,Healthy Food,587,63,3.7,UPI,Mumbai - Ghatkopar,Delivered
106931,2025-02-08,C8640,Marine Drive Meals,Burger,664,70,3.0,Cash,Mumbai - Dadar,Delivered
106932,2025-04-03,C9721,Chembur Spice House,Biryani,594,47,3.8,Wallet,Mumbai - Kurla,Delivered
106933,2025-02-12,C5677,Powai Plates,Pizza,1285,43,3.5,Wallet,Mumbai - Vashi,Delayed
106934,2025-09-25,C9564,Ghatkopar Grill,Burger,1642,67,4.2,Wallet,Mumbai - Thane,Delivered
106935,2026-01-31,C7189,Thane Treats,Beverages,589,57,4.1,Debit Card,Mumbai - Borivali,Delivered
106936,2026-02-19,C2317,Vashi Veg Corner,North Indian,106,62,4.9,Credit Card,Mumbai - Mulund,Delivered
106937,2025-11-11,C4352,Mumbai Tadka,Biryani,1125,57,4.7,Wallet,Mumbai - Vashi,Cancelled
106938,2025-10-11,C7167,Malad Food Hub,Beverages,1767,51,3.5,UPI,Mumbai - Colaba,Delivered
106939,2026-04-20,C3406,Colaba Cafe,North Indian,500,25,4.6,Credit Card,Mumbai - Malad,Delivered
106940,2025-05-03,C7563,Thane Treats,Burger,1494,67,3.3,Credit Card,Mumbai - Mulund,Delayed
106941,2025-12-07,C8105,Borivali Bistro,Chinese,645,33,2.8,Cash,Mumbai - Ghatkopar,Cancelled
106942,2025-06-02,C4991,Kurla Kitchen,Healthy Food,1287,67,3.1,Wallet,Mumbai - Ghatkopar,Delivered
106943,2025-07-11,C4088,Thane Treats,Chinese,1040,53,3.3,Cash,Mumbai - Powai,Cancelled
106944,2026-05-29,C9748,Ghatkopar Grill,North Indian,1179,66,3.1,UPI,Mumbai - Borivali,Delivered
106945,2025-02-01,C3475,Chembur Spice House,Beverages,1618,67,5.0,Debit Card,Mumbai - Thane,Delivered
106946,2025-11-27,C7604,Thane Treats,Biryani,932,35,4.6,UPI,Mumbai - Chembur,Delayed
106947,2026-05-22,C6596,Bandra Bites,Pizza,620,25,2.7,Credit Card,Mumbai - Kurla,Delivered
106948,2025-12-16,C2903,Vashi Veg Corner,Beverages,844,46,3.8,Debit Card,Mumbai - Bandra,Delivered
106949,2025-09-04,C7184,Malad Food Hub,Healthy Food,1072,42,3.8,Wallet,Mumbai - Borivali,Delivered
106950,2026-01-26,C5260,Dadar Darbar,Healthy Food,1154,34,4.7,UPI,Mumbai - Vashi,Delayed
106951,2025-08-07,C4862,Powai Plates,Pizza,1027,78,3.2,Credit Card,Mumbai - Chembur,Delivered
106952,2025-11-07,C7824,Chembur Spice House,Chinese,259,69,4.3,Debit Card,Mumbai - Malad,Delivered
106953,2025-04-30,C3795,Dadar Darbar,South Indian,1143,48,4.9,Debit Card,Mumbai - Ghatkopar,Cancelled
106954,2025-10-27,C4581,Malad Food Hub,North Indian,1148,50,2.7,Credit Card,Mumbai - Dadar,Delivered
106955,2026-02-27,C8581,Borivali Bistro,Burger,486,67,4.4,Wallet,Mumbai - Kurla,Cancelled
106956,2025-10-08,C1794,Chembur Spice House,Biryani,781,80,3.1,Credit Card,Mumbai - Borivali,Delayed
106957,2025-05-06,C8145,Chembur Spice House,Chinese,614,69,3.4,Debit Card,Mumbai - Vashi,Delayed
106958,2025-11-28,C4511,Malad Food Hub,Burger,1280,66,3.5,Debit Card,Mumbai - Bandra,Delivered
106959,2025-11-25,C5272,Powai Plates,Desserts,1043,74,3.4,Cash,Mumbai - Colaba,Delivered
106960,2025-12-09,C4884,Borivali Bistro,Biryani,1138,18,3.4,Debit Card,Mumbai - Chembur,Delivered
106961,2026-06-03,C4325,Ghatkopar Grill,Burger,1504,43,2.7,Cash,Mumbai - Bandra,Delayed
106962,2025-02-08,C5983,Dadar Darbar,Desserts,273,54,4.2,Cash,Mumbai - Chembur,Delivered
106963,2025-07-08,C6050,Andheri Kitchen,Beverages,853,24,4.2,UPI,Mumbai - Colaba,Delayed
106964,2025-06-18,C7333,Marine Drive Meals,Healthy Food,233,40,4.7,UPI,Mumbai - Dadar,Delivered
106965,2025-04-01,C7805,Ghatkopar Grill,Pizza,1767,57,4.8,Cash,Mumbai - Bandra,Delivered
106966,2025-05-03,C1394,Andheri Kitchen,Biryani,1486,77,2.7,Debit Card,Mumbai - Chembur,Delivered
106967,2025-01-09,C5503,Powai Plates,Chinese,829,57,4.2,Wallet,Mumbai - Mulund,Delivered
106968,2025-11-03,C7600,Dadar Darbar,Chinese,807,44,3.3,Debit Card,Mumbai - Colaba,Cancelled
106969,2025-05-05,C6336,Powai Plates,Biryani,404,43,3.2,Cash,Mumbai - Chembur,Delayed
106970,2025-11-26,C1079,Colaba Cafe,Desserts,204,29,2.7,Credit Card,Mumbai - Malad,Cancelled
106971,2025-12-04,C1662,Marine Drive Meals,Chinese,1330,48,2.7,Credit Card,Mumbai - Powai,Delivered
106972,2025-11-01,C1268,Vashi Veg Corner,Chinese,1111,22,3.4,UPI,Mumbai - Colaba,Delayed
106973,2025-03-22,C1527,Powai Plates,Chinese,996,72,3.9,Wallet,Mumbai - Malad,Cancelled
106974,2025-12-29,C7742,Colaba Cafe,North Indian,423,80,3.0,Credit Card,Mumbai - Ghatkopar,Delivered
106975,2025-01-29,C4009,Marine Drive Meals,Desserts,757,24,4.6,Wallet,Mumbai - Bandra,Cancelled
106976,2025-02-20,C9450,Dadar Darbar,Biryani,559,26,3.2,Debit Card,Mumbai - Kurla,Cancelled
106977,2026-05-22,C7452,Mumbai Tadka,Chinese,1357,82,3.7,UPI,Mumbai - Kurla,Delayed
106978,2026-04-26,C8881,Chembur Spice House,North Indian,1258,36,3.3,Cash,Mumbai - Kurla,Delivered
106979,2025-07-30,C9986,Ghatkopar Grill,Desserts,747,30,4.3,Debit Card,Mumbai - Malad,Delivered
106980,2025-07-10,C7616,Thane Treats,Chinese,1338,33,3.3,UPI,Mumbai - Kurla,Delivered
106981,2025-10-06,C4524,Ghatkopar Grill,Beverages,288,16,2.9,UPI,Mumbai - Borivali,Cancelled
106982,2026-05-19,C8888,Bandra Bites,Biryani,1717,66,4.8,Credit Card,Mumbai - Malad,Cancelled
106983,2025-12-29,C9972,Bandra Bites,Pizza,1075,46,4.9,Credit Card,Mumbai - Chembur,Delayed
106984,2026-04-13,C9337,Vashi Veg Corner,Desserts,569,15,3.6,UPI,Mumbai - Dadar,Delivered
106985,2025-10-07,C8926,Bandra Bites,Beverages,1694,50,3.3,Wallet,Mumbai - Andheri,Delivered
106986,2025-04-08,C7174,Chembur Spice House,Chinese,615,51,2.7,Credit Card,Mumbai - Dadar,Delivered
106987,2026-01-10,C5924,Ghatkopar Grill,Desserts,1667,49,2.7,UPI,Mumbai - Mulund,Cancelled
106988,2025-04-15,C4688,Malad Food Hub,Pizza,363,66,4.2,Wallet,Mumbai - Borivali,Delayed
106989,2026-06-24,C9130,Dadar Darbar,Healthy Food,550,59,4.0,Credit Card,Mumbai - Kurla,Cancelled
106990,2026-01-02,C7131,Thane Treats,South Indian,868,20,4.9,Credit Card,Mumbai - Dadar,Delayed
106991,2026-03-06,C5465,Kurla Kitchen,Healthy Food,1776,45,2.6,Credit Card,Mumbai - Malad,Delivered
106992,2025-11-03,C6850,Malad Food Hub,Healthy Food,1601,42,3.3,Debit Card,Mumbai - Chembur,Delivered
106993,2025-05-04,C4582,Vashi Veg Corner,Desserts,504,78,3.3,Wallet,Mumbai - Vashi,Delayed
106994,2025-11-25,C3154,Marine Drive Meals,Burger,374,39,4.8,UPI,Mumbai - Borivali,Delivered
106995,2026-06-16,C4134,Borivali Bistro,Biryani,843,84,3.9,Cash,Mumbai - Chembur,Cancelled
106996,2025-02-16,C6751,Thane Treats,Beverages,1589,53,4.4,Credit Card,Mumbai - Powai,Delayed
106997,2026-05-04,C2103,Borivali Bistro,Biryani,1509,56,2.7,Cash,Mumbai - Thane,Delayed
106998,2025-12-06,C2526,Marine Drive Meals,Beverages,812,38,4.1,Credit Card,Mumbai - Kurla,Delivered
106999,2026-02-02,C6859,Malad Food Hub,Beverages,137,67,2.6,Cash,Mumbai - Andheri,Delayed
107000,2025-11-18,C3877,Powai Plates,North Indian,1194,45,4.7,Wallet,Mumbai - Powai,Delayed
107001,2025-08-25,C6718,Mumbai Tadka,Healthy Food,1266,38,4.9,Credit Card,Mumbai - Ghatkopar,Delivered
107002,2026-05-02,C6742,Chembur Spice House,Chinese,1594,40,3.6,Cash,Mumbai - Mulund,Delayed
107003,2025-03-09,C4643,Powai Plates,North Indian,1359,51,2.6,Credit Card,Mumbai - Chembur,Delivered
107004,2025-04-20,C4013,Malad Food Hub,Burger,1538,38,2.8,Cash,Mumbai - Malad,Cancelled
107005,2025-09-30,C9450,Thane Treats,Pizza,357,59,2.6,Wallet,Mumbai - Vashi,Delivered
107006,2025-08-27,C4498,Malad Food Hub,Healthy Food,135,19,3.7,Wallet,Mumbai - Ghatkopar,Delivered
107007,2025-01-11,C6032,Marine Drive Meals,Pizza,175,57,2.6,Cash,Mumbai - Kurla,Cancelled
107008,2025-11-03,C2573,Thane Treats,Burger,509,43,4.5,Credit Card,Mumbai - Ghatkopar,Delivered
107009,2025-08-27,C6618,Malad Food Hub,North Indian,668,33,3.0,Wallet,Mumbai - Chembur,Delayed
107010,2025-03-24,C1786,Ghatkopar Grill,Burger,1014,62,4.0,Cash,Mumbai - Andheri,Delivered
107011,2025-04-27,C7150,Andheri Kitchen,Healthy Food,1014,72,4.4,Credit Card,Mumbai - Borivali,Delivered
107012,2025-07-13,C1134,Chembur Spice House,Desserts,1108,78,3.1,UPI,Mumbai - Ghatkopar,Delivered
107013,2026-01-28,C3261,Borivali Bistro,Pizza,1267,61,4.5,Debit Card,Mumbai - Powai,Delayed
107014,2026-02-03,C4243,Malad Food Hub,Biryani,1583,49,3.6,Debit Card,Mumbai - Chembur,Delivered
107015,2026-03-12,C3214,Andheri Kitchen,Beverages,1329,37,3.8,Debit Card,Mumbai - Ghatkopar,Cancelled
107016,2025-06-11,C7777,Colaba Cafe,South Indian,178,65,3.9,Wallet,Mumbai - Dadar,Cancelled
107017,2025-04-02,C4694,Kurla Kitchen,Desserts,496,73,3.6,Cash,Mumbai - Bandra,Cancelled
107018,2025-01-24,C3223,Bandra Bites,Biryani,945,74,2.9,UPI,Mumbai - Chembur,Delayed
107019,2026-06-22,C6016,Andheri Kitchen,Pizza,1771,78,4.9,UPI,Mumbai - Borivali,Cancelled
107020,2025-12-31,C1250,Colaba Cafe,Biryani,766,67,3.3,Wallet,Mumbai - Dadar,Cancelled
107021,2026-05-29,C4295,Marine Drive Meals,Burger,252,40,4.8,Wallet,Mumbai - Thane,Delivered
107022,2025-09-11,C5649,Mumbai Tadka,Beverages,1449,77,4.2,Wallet,Mumbai - Dadar,Delivered
107023,2025-01-16,C7006,Powai Plates,Beverages,625,62,3.6,Cash,Mumbai - Bandra,Delivered
107024,2026-02-28,C3820,Bandra Bites,Desserts,401,73,3.6,Wallet,Mumbai - Andheri,Delivered
107025,2025-11-05,C5544,Marine Drive Meals,Burger,1721,16,4.8,Wallet,Mumbai - Powai,Delivered
107026,2025-01-14,C5518,Ghatkopar Grill,Biryani,571,15,2.7,Cash,Mumbai - Powai,Delivered
107027,2025-07-22,C1561,Malad Food Hub,Healthy Food,1289,26,4.9,Wallet,Mumbai - Bandra,Cancelled
107028,2025-10-15,C2852,Mumbai Tadka,Desserts,235,21,4.6,Credit Card,Mumbai - Bandra,Delivered
107029,2025-12-14,C9833,Marine Drive Meals,Beverages,980,46,3.6,Debit Card,Mumbai - Mulund,Cancelled
107030,2025-01-26,C4833,Ghatkopar Grill,Healthy Food,1635,67,4.4,Debit Card,Mumbai - Borivali,Cancelled
107031,2026-06-17,C6098,Powai Plates,Biryani,455,73,3.2,Credit Card,Mumbai - Ghatkopar,Delivered
107032,2025-07-13,C6893,Andheri Kitchen,South Indian,525,24,4.8,Credit Card,Mumbai - Vashi,Delivered
107033,2025-05-16,C5253,Marine Drive Meals,Desserts,283,46,2.8,Cash,Mumbai - Andheri,Cancelled
107034,2025-07-12,C6783,Andheri Kitchen,Burger,1076,63,2.8,UPI,Mumbai - Thane,Delivered
107035,2025-02-04,C7742,Malad Food Hub,Beverages,713,84,4.7,UPI,Mumbai - Dadar,Delivered
107036,2025-10-22,C7907,Thane Treats,Chinese,1685,34,4.4,Cash,Mumbai - Malad,Delivered
107037,2025-10-12,C5927,Kurla Kitchen,Beverages,1151,38,3.4,Wallet,Mumbai - Thane,Delivered
107038,2025-10-24,C7589,Dadar Darbar,South Indian,1528,41,3.0,Wallet,Mumbai - Powai,Delivered
107039,2025-08-03,C2857,Chembur Spice House,North Indian,1127,35,5.0,Cash,Mumbai - Thane,Delivered
107040,2026-04-03,C2173,Vashi Veg Corner,Chinese,1312,33,4.7,Cash,Mumbai - Malad,Delivered
107041,2026-01-17,C7672,Malad Food Hub,North Indian,1429,46,4.2,Credit Card,Mumbai - Powai,Delivered
107042,2025-04-06,C1593,Malad Food Hub,North Indian,297,54,4.6,Debit Card,Mumbai - Thane,Delivered
107043,2025-08-03,C9331,Ghatkopar Grill,Beverages,1427,34,4.1,Cash,Mumbai - Malad,Delivered
107044,2026-03-10,C2197,Thane Treats,North Indian,875,60,4.0,Debit Card,Mumbai - Andheri,Delivered
107045,2026-03-27,C2359,Malad Food Hub,Biryani,1536,34,3.4,Cash,Mumbai - Dadar,Delivered
107046,2025-09-28,C5622,Powai Plates,Desserts,1005,57,4.2,Wallet,Mumbai - Malad,Delivered
107047,2025-02-24,C5996,Dadar Darbar,Healthy Food,1512,60,2.9,Debit Card,Mumbai - Andheri,Delivered
107048,2026-03-07,C6847,Vashi Veg Corner,Burger,232,43,4.6,Credit Card,Mumbai - Colaba,Delivered
107049,2025-09-26,C4714,Colaba Cafe,North Indian,1463,47,4.6,Wallet,Mumbai - Borivali,Delivered
107050,2025-11-21,C6972,Dadar Darbar,South Indian,775,66,3.2,Cash,Mumbai - Borivali,Delivered
107051,2025-08-17,C6732,Marine Drive Meals,Chinese,1715,79,2.7,Wallet,Mumbai - Kurla,Delivered
107052,2025-11-04,C1261,Marine Drive Meals,Burger,875,81,4.6,Debit Card,Mumbai - Dadar,Delivered
107053,2025-06-16,C8527,Kurla Kitchen,North Indian,1645,44,2.8,Cash,Mumbai - Vashi,Delivered
107054,2025-09-21,C9576,Marine Drive Meals,Chinese,1671,49,4.7,Debit Card,Mumbai - Andheri,Cancelled
107055,2025-05-17,C5706,Ghatkopar Grill,North Indian,535,82,3.3,Credit Card,Mumbai - Andheri,Cancelled
107056,2026-04-24,C9130,Marine Drive Meals,Chinese,1202,34,3.1,Debit Card,Mumbai - Mulund,Delivered
107057,2025-02-28,C7860,Dadar Darbar,Healthy Food,345,45,4.9,Cash,Mumbai - Borivali,Delivered
107058,2026-03-03,C9946,Malad Food Hub,Pizza,473,39,2.7,Credit Card,Mumbai - Andheri,Delivered
107059,2025-10-12,C6919,Bandra Bites,Healthy Food,445,63,4.2,Wallet,Mumbai - Colaba,Delivered
107060,2025-07-07,C5993,Powai Plates,Pizza,753,36,3.6,Wallet,Mumbai - Kurla,Delivered
107061,2025-11-21,C7722,Powai Plates,Pizza,633,28,2.5,UPI,Mumbai - Kurla,Cancelled
107062,2026-06-16,C3014,Mumbai Tadka,Biryani,1693,37,3.0,UPI,Mumbai - Vashi,Cancelled
107063,2025-09-06,C8447,Chembur Spice House,Desserts,1694,48,3.1,Credit Card,Mumbai - Andheri,Delivered
107064,2026-03-17,C8552,Ghatkopar Grill,Burger,1235,29,3.3,UPI,Mumbai - Borivali,Delayed
107065,2025-01-18,C2879,Mumbai Tadka,Burger,1695,35,4.3,Cash,Mumbai - Mulund,Cancelled
107066,2025-06-14,C8333,Dadar Darbar,Pizza,1688,48,4.2,UPI,Mumbai - Ghatkopar,Cancelled
107067,2025-05-18,C2167,Dadar Darbar,Healthy Food,1111,43,4.1,Credit Card,Mumbai - Powai,Delivered
107068,2026-01-28,C3625,Mumbai Tadka,Pizza,1577,35,2.9,Wallet,Mumbai - Malad,Delivered
107069,2026-05-21,C9171,Powai Plates,Biryani,203,19,4.8,Wallet,Mumbai - Thane,Cancelled
107070,2025-05-19,C1872,Bandra Bites,Biryani,1772,62,2.9,Credit Card,Mumbai - Chembur,Delivered
107071,2025-10-27,C9731,Thane Treats,Healthy Food,256,38,3.0,UPI,Mumbai - Bandra,Delivered
107072,2026-06-23,C8232,Mumbai Tadka,Burger,741,19,4.5,Debit Card,Mumbai - Mulund,Delivered
107073,2026-03-15,C9960,Borivali Bistro,Biryani,518,63,4.0,UPI,Mumbai - Andheri,Delivered
107074,2025-04-09,C5966,Malad Food Hub,Pizza,870,29,3.4,Credit Card,Mumbai - Vashi,Delivered
107075,2026-05-08,C1311,Malad Food Hub,South Indian,1630,46,2.8,Debit Card,Mumbai - Andheri,Delayed
107076,2025-03-10,C6230,Borivali Bistro,Healthy Food,535,66,2.8,UPI,Mumbai - Dadar,Delayed
107077,2026-02-26,C9659,Dadar Darbar,Pizza,1273,62,5.0,UPI,Mumbai - Chembur,Delayed
107078,2025-05-16,C8499,Ghatkopar Grill,North Indian,1363,18,4.5,Wallet,Mumbai - Vashi,Delayed
107079,2025-12-21,C5715,Kurla Kitchen,South Indian,1598,23,4.6,Cash,Mumbai - Thane,Delivered
107080,2025-09-03,C4284,Andheri Kitchen,South Indian,1511,43,3.9,UPI,Mumbai - Vashi,Delivered
107081,2026-03-06,C8592,Thane Treats,South Indian,350,73,5.0,Cash,Mumbai - Dadar,Delivered
107082,2026-06-01,C5741,Malad Food Hub,Beverages,1016,36,2.7,UPI,Mumbai - Bandra,Delayed
107083,2025-12-12,C1524,Chembur Spice House,Biryani,600,78,3.1,Credit Card,Mumbai - Colaba,Delivered
107084,2026-03-03,C6780,Dadar Darbar,North Indian,1354,71,4.6,Cash,Mumbai - Andheri,Delayed
107085,2025-09-11,C4909,Bandra Bites,North Indian,1499,37,2.9,Cash,Mumbai - Malad,Delivered
107086,2025-01-18,C7747,Chembur Spice House,Desserts,548,52,3.6,Cash,Mumbai - Powai,Delayed
107087,2025-10-28,C5612,Mumbai Tadka,Biryani,1587,47,2.8,Wallet,Mumbai - Borivali,Delayed
107088,2026-02-28,C3467,Borivali Bistro,Beverages,1133,75,4.6,Cash,Mumbai - Kurla,Delivered
107089,2025-06-23,C7578,Marine Drive Meals,Pizza,983,61,3.5,Credit Card,Mumbai - Vashi,Delivered
107090,2025-10-03,C6158,Chembur Spice House,Chinese,1723,45,4.5,Credit Card,Mumbai - Mulund,Cancelled
107091,2026-02-01,C8097,Andheri Kitchen,Biryani,1011,27,3.6,UPI,Mumbai - Dadar,Delivered
107092,2026-05-21,C3612,Bandra Bites,South Indian,431,58,4.6,Credit Card,Mumbai - Andheri,Delivered
107093,2026-02-02,C3208,Mumbai Tadka,Pizza,886,67,4.7,Wallet,Mumbai - Colaba,Delivered
107094,2025-05-27,C9098,Borivali Bistro,North Indian,340,46,2.8,Debit Card,Mumbai - Borivali,Delivered
107095,2026-01-17,C5530,Malad Food Hub,South Indian,1015,45,4.3,Wallet,Mumbai - Colaba,Cancelled
107096,2025-05-10,C1388,Bandra Bites,North Indian,715,44,4.8,Cash,Mumbai - Malad,Cancelled
107097,2025-11-19,C3519,Malad Food Hub,Burger,1111,37,3.6,UPI,Mumbai - Ghatkopar,Cancelled
107098,2025-09-21,C5901,Ghatkopar Grill,Burger,1678,23,4.2,Cash,Mumbai - Ghatkopar,Delivered
107099,2025-09-04,C3346,Ghatkopar Grill,Biryani,311,54,2.6,Credit Card,Mumbai - Malad,Delivered
107100,2026-01-20,C6428,Malad Food Hub,Biryani,249,22,3.9,Cash,Mumbai - Mulund,Delivered
107101,2025-06-26,C8137,Chembur Spice House,Beverages,442,85,2.8,UPI,Mumbai - Colaba,Delivered
107102,2025-04-02,C6359,Bandra Bites,Chinese,1381,49,2.7,Credit Card,Mumbai - Andheri,Delayed
107103,2025-05-20,C9140,Ghatkopar Grill,North Indian,488,36,3.2,Cash,Mumbai - Dadar,Delivered
107104,2026-05-23,C3749,Marine Drive Meals,North Indian,260,72,4.1,UPI,Mumbai - Powai,Delivered
107105,2025-07-15,C1755,Marine Drive Meals,North Indian,122,30,3.0,Cash,Mumbai - Powai,Delivered
107106,2025-02-27,C7383,Chembur Spice House,Burger,1443,19,2.8,Wallet,Mumbai - Chembur,Delivered
107107,2026-04-30,C4880,Thane Treats,Chinese,1710,60,3.0,Credit Card,Mumbai - Bandra,Delivered
107108,2025-12-01,C8221,Thane Treats,Pizza,188,62,5.0,Debit Card,Mumbai - Powai,Delivered
107109,2025-03-17,C8260,Kurla Kitchen,Healthy Food,201,61,3.8,Wallet,Mumbai - Kurla,Delivered
107110,2025-09-13,C7503,Bandra Bites,South Indian,1564,50,3.6,Debit Card,Mumbai - Malad,Delivered
107111,2025-10-29,C5212,Bandra Bites,North Indian,1574,72,4.8,Credit Card,Mumbai - Ghatkopar,Delayed
107112,2026-01-25,C7829,Marine Drive Meals,Healthy Food,1490,46,3.5,Wallet,Mumbai - Colaba,Delivered
107113,2025-07-05,C5048,Ghatkopar Grill,Beverages,916,60,2.9,Cash,Mumbai - Malad,Delayed
107114,2025-04-29,C9694,Bandra Bites,Healthy Food,1144,20,2.9,Wallet,Mumbai - Kurla,Cancelled
107115,2025-08-27,C2570,Chembur Spice House,Pizza,888,70,4.5,UPI,Mumbai - Borivali,Cancelled
107116,2025-12-04,C3770,Borivali Bistro,Chinese,1319,67,4.1,Credit Card,Mumbai - Powai,Cancelled
107117,2025-05-30,C3319,Dadar Darbar,Desserts,565,80,2.6,UPI,Mumbai - Chembur,Delayed
107118,2025-10-24,C3828,Andheri Kitchen,South Indian,945,27,4.8,Wallet,Mumbai - Vashi,Delivered
107119,2025-08-27,C5151,Thane Treats,Desserts,619,28,3.4,Wallet,Mumbai - Dadar,Delivered
107120,2026-01-13,C2289,Kurla Kitchen,South Indian,829,17,3.3,UPI,Mumbai - Thane,Delivered
107121,2026-05-08,C9121,Marine Drive Meals,Burger,1341,49,3.8,Cash,Mumbai - Colaba,Delivered
107122,2025-01-04,C4164,Marine Drive Meals,Chinese,1250,32,3.8,UPI,Mumbai - Powai,Delivered
107123,2025-04-15,C7332,Marine Drive Meals,North Indian,1568,45,3.2,Credit Card,Mumbai - Bandra,Cancelled
107124,2026-04-23,C9782,Marine Drive Meals,Biryani,1575,23,3.6,Credit Card,Mumbai - Borivali,Delivered
107125,2025-10-22,C6346,Marine Drive Meals,Chinese,815,51,3.9,UPI,Mumbai - Thane,Delivered
107126,2026-05-10,C2573,Bandra Bites,Chinese,1313,19,3.5,Credit Card,Mumbai - Bandra,Delivered
107127,2025-06-14,C9215,Kurla Kitchen,Healthy Food,942,52,2.9,Cash,Mumbai - Andheri,Delivered
107128,2026-03-05,C1585,Bandra Bites,Desserts,580,47,4.2,Cash,Mumbai - Mulund,Delivered
107129,2025-01-31,C9779,Bandra Bites,Beverages,462,54,4.2,UPI,Mumbai - Chembur,Delivered
107130,2026-04-26,C4633,Dadar Darbar,Burger,1704,69,3.9,UPI,Mumbai - Colaba,Delayed
107131,2026-05-09,C8674,Bandra Bites,Burger,203,43,4.0,UPI,Mumbai - Chembur,Cancelled
107132,2025-03-31,C2728,Borivali Bistro,North Indian,1493,29,3.9,Cash,Mumbai - Vashi,Delivered
107133,2025-02-05,C7072,Malad Food Hub,North Indian,742,55,3.2,Wallet,Mumbai - Mulund,Delivered
107134,2025-12-29,C5069,Colaba Cafe,Healthy Food,176,57,3.0,UPI,Mumbai - Vashi,Delivered
107135,2026-04-18,C9722,Mumbai Tadka,Beverages,866,37,3.5,UPI,Mumbai - Dadar,Cancelled
107136,2025-07-25,C6055,Bandra Bites,Pizza,558,62,3.3,Wallet,Mumbai - Dadar,Cancelled
107137,2026-06-18,C9819,Vashi Veg Corner,Chinese,1065,33,4.9,Cash,Mumbai - Colaba,Cancelled
107138,2025-06-03,C7332,Powai Plates,South Indian,1230,49,4.1,UPI,Mumbai - Kurla,Cancelled
107139,2025-07-10,C4098,Kurla Kitchen,Chinese,818,52,4.0,Debit Card,Mumbai - Kurla,Delivered
107140,2025-11-07,C9060,Chembur Spice House,Biryani,1380,16,3.9,Debit Card,Mumbai - Colaba,Delivered
107141,2025-07-24,C1531,Marine Drive Meals,Burger,1423,27,2.9,Wallet,Mumbai - Borivali,Cancelled
107142,2025-02-10,C4228,Thane Treats,South Indian,507,32,4.6,UPI,Mumbai - Mulund,Delivered
107143,2025-01-05,C8516,Dadar Darbar,Chinese,1198,28,3.9,Wallet,Mumbai - Malad,Delivered
107144,2025-06-15,C7551,Andheri Kitchen,Chinese,974,57,3.7,Debit Card,Mumbai - Ghatkopar,Cancelled
107145,2026-02-14,C2365,Kurla Kitchen,Desserts,1460,85,2.9,Credit Card,Mumbai - Vashi,Delayed
107146,2025-10-10,C3564,Andheri Kitchen,Beverages,1649,35,3.1,Credit Card,Mumbai - Kurla,Cancelled
107147,2026-03-17,C4901,Borivali Bistro,North Indian,957,45,4.3,Debit Card,Mumbai - Borivali,Delivered
107148,2025-12-10,C5102,Vashi Veg Corner,Chinese,108,72,4.7,Cash,Mumbai - Thane,Delivered
107149,2026-03-20,C8684,Bandra Bites,Healthy Food,158,45,4.2,Debit Card,Mumbai - Chembur,Delivered
107150,2025-08-21,C4508,Vashi Veg Corner,Desserts,1555,51,4.8,UPI,Mumbai - Ghatkopar,Cancelled
107151,2026-02-24,C7554,Mumbai Tadka,Biryani,349,33,3.0,Wallet,Mumbai - Powai,Delivered
107152,2026-02-28,C6194,Dadar Darbar,Healthy Food,1336,37,4.6,Wallet,Mumbai - Borivali,Delivered
107153,2026-01-18,C1603,Marine Drive Meals,Burger,429,47,4.5,Credit Card,Mumbai - Borivali,Cancelled
107154,2025-11-06,C3610,Vashi Veg Corner,Chinese,116,36,3.6,Credit Card,Mumbai - Malad,Delivered
107155,2026-05-24,C1724,Colaba Cafe,Desserts,870,21,2.5,Credit Card,Mumbai - Ghatkopar,Delayed
107156,2026-04-24,C3593,Mumbai Tadka,Beverages,1321,56,3.7,Credit Card,Mumbai - Malad,Cancelled
107157,2026-05-27,C6942,Thane Treats,North Indian,106,33,4.2,UPI,Mumbai - Andheri,Delayed
107158,2025-10-20,C2557,Andheri Kitchen,Biryani,698,84,4.0,Credit Card,Mumbai - Bandra,Delayed
107159,2026-02-11,C8988,Colaba Cafe,Pizza,1377,51,3.0,Wallet,Mumbai - Dadar,Delivered
107160,2025-02-14,C7052,Ghatkopar Grill,Biryani,1032,23,2.7,Wallet,Mumbai - Bandra,Cancelled
107161,2025-08-16,C2712,Borivali Bistro,Chinese,1127,50,4.5,Wallet,Mumbai - Vashi,Delivered
107162,2025-03-29,C2052,Thane Treats,North Indian,1318,80,2.8,Credit Card,Mumbai - Chembur,Delivered
107163,2025-12-21,C3415,Ghatkopar Grill,Beverages,610,33,4.5,Credit Card,Mumbai - Borivali,Delivered
107164,2025-08-18,C2838,Andheri Kitchen,South Indian,1723,85,3.4,Cash,Mumbai - Kurla,Delayed
107165,2025-10-06,C8215,Bandra Bites,Chinese,437,55,3.6,Credit Card,Mumbai - Chembur,Delayed
107166,2026-05-16,C8992,Bandra Bites,Beverages,127,49,4.7,Credit Card,Mumbai - Chembur,Delayed
107167,2025-06-11,C2071,Mumbai Tadka,Biryani,908,78,4.1,UPI,Mumbai - Mulund,Cancelled
107168,2026-03-15,C3515,Thane Treats,Biryani,581,59,2.7,Wallet,Mumbai - Chembur,Delayed
107169,2025-05-09,C2463,Marine Drive Meals,Pizza,1308,68,2.7,Credit Card,Mumbai - Andheri,Delivered
107170,2026-02-27,C9989,Andheri Kitchen,Burger,1476,72,4.2,Cash,Mumbai - Ghatkopar,Delivered
107171,2025-06-15,C2239,Colaba Cafe,Chinese,451,37,3.4,Credit Card,Mumbai - Andheri,Delivered
107172,2025-05-19,C8730,Vashi Veg Corner,Pizza,1686,77,3.2,UPI,Mumbai - Kurla,Delivered
107173,2025-07-01,C2389,Kurla Kitchen,South Indian,1531,75,4.0,Wallet,Mumbai - Ghatkopar,Delivered
107174,2025-02-27,C6222,Powai Plates,Chinese,994,21,3.7,Cash,Mumbai - Dadar,Delivered
107175,2025-02-19,C7336,Vashi Veg Corner,Pizza,1337,65,3.0,Cash,Mumbai - Andheri,Delayed
107176,2025-01-22,C3997,Kurla Kitchen,Chinese,1478,37,4.1,Cash,Mumbai - Chembur,Delivered
107177,2025-01-05,C1292,Kurla Kitchen,South Indian,763,80,3.9,UPI,Mumbai - Borivali,Delivered
107178,2025-09-23,C9066,Dadar Darbar,Chinese,833,25,4.0,Wallet,Mumbai - Dadar,Cancelled
107179,2026-01-01,C5397,Vashi Veg Corner,Biryani,1182,25,3.5,Cash,Mumbai - Thane,Delivered
107180,2025-08-30,C3314,Bandra Bites,South Indian,956,62,4.9,UPI,Mumbai - Ghatkopar,Delivered
107181,2025-01-22,C6532,Colaba Cafe,Biryani,192,84,3.6,Wallet,Mumbai - Chembur,Delivered
107182,2025-02-06,C1485,Dadar Darbar,Healthy Food,600,72,4.0,Credit Card,Mumbai - Kurla,Delayed
107183,2026-01-06,C6333,Chembur Spice House,Healthy Food,242,33,2.6,Cash,Mumbai - Andheri,Delayed
107184,2025-07-18,C7331,Andheri Kitchen,Chinese,1409,56,4.0,UPI,Mumbai - Dadar,Delayed
107185,2026-04-12,C1894,Mumbai Tadka,Burger,964,85,2.6,Cash,Mumbai - Bandra,Delivered
107186,2025-12-16,C8102,Powai Plates,Beverages,583,27,4.9,Wallet,Mumbai - Andheri,Delivered
107187,2025-10-23,C7178,Mumbai Tadka,Chinese,834,71,4.3,Credit Card,Mumbai - Ghatkopar,Delayed
107188,2025-01-03,C7433,Malad Food Hub,Pizza,588,73,4.8,Wallet,Mumbai - Malad,Delivered
107189,2025-05-13,C6923,Vashi Veg Corner,Beverages,243,15,2.9,Cash,Mumbai - Chembur,Delivered
107190,2025-01-15,C3099,Marine Drive Meals,Biryani,492,35,4.3,Credit Card,Mumbai - Kurla,Cancelled
107191,2025-10-08,C4724,Bandra Bites,Pizza,1416,25,3.3,Debit Card,Mumbai - Kurla,Delivered
107192,2026-03-22,C1318,Malad Food Hub,Healthy Food,975,54,4.0,Credit Card,Mumbai - Andheri,Cancelled
107193,2025-12-10,C5209,Kurla Kitchen,Desserts,1168,51,4.0,Cash,Mumbai - Vashi,Cancelled
107194,2025-12-17,C2888,Vashi Veg Corner,North Indian,1309,73,3.7,UPI,Mumbai - Powai,Delivered
107195,2026-03-06,C8064,Thane Treats,Beverages,1615,75,3.7,Credit Card,Mumbai - Borivali,Delivered
107196,2025-08-25,C5612,Borivali Bistro,North Indian,842,27,2.5,Cash,Mumbai - Vashi,Cancelled
107197,2026-05-05,C7523,Powai Plates,Desserts,1736,78,4.9,Wallet,Mumbai - Borivali,Delivered
107198,2025-11-06,C9400,Marine Drive Meals,Desserts,1046,32,3.5,Wallet,Mumbai - Chembur,Delivered
107199,2025-05-24,C2714,Kurla Kitchen,Pizza,1257,61,3.9,Credit Card,Mumbai - Kurla,Cancelled
107200,2025-11-07,C2964,Malad Food Hub,Burger,1232,57,3.9,Debit Card,Mumbai - Bandra,Delayed
107201,2025-10-21,C7072,Borivali Bistro,Burger,1762,68,3.4,Credit Card,Mumbai - Chembur,Delivered
107202,2026-02-25,C1550,Thane Treats,North Indian,846,51,2.9,Debit Card,Mumbai - Malad,Delayed
107203,2025-04-13,C4267,Vashi Veg Corner,Beverages,1660,37,4.1,Wallet,Mumbai - Colaba,Cancelled
107204,2026-01-24,C3132,Colaba Cafe,Chinese,1009,65,3.8,Credit Card,Mumbai - Andheri,Cancelled
107205,2025-02-10,C9946,Kurla Kitchen,North Indian,691,44,2.7,Cash,Mumbai - Dadar,Delivered
107206,2025-08-08,C7231,Vashi Veg Corner,Pizza,1221,71,3.0,Wallet,Mumbai - Chembur,Delivered
107207,2025-05-31,C2113,Vashi Veg Corner,Healthy Food,1679,72,4.6,UPI,Mumbai - Mulund,Delayed
107208,2026-05-10,C8309,Powai Plates,Healthy Food,242,83,4.7,Wallet,Mumbai - Vashi,Cancelled
107209,2025-04-06,C3269,Colaba Cafe,Healthy Food,249,29,4.7,Cash,Mumbai - Andheri,Delivered
107210,2026-02-28,C6552,Bandra Bites,Biryani,917,53,4.7,Debit Card,Mumbai - Powai,Delayed
107211,2025-04-18,C1801,Thane Treats,Beverages,135,16,4.7,Credit Card,Mumbai - Kurla,Delivered
107212,2026-01-08,C4687,Ghatkopar Grill,Healthy Food,1417,66,3.6,Wallet,Mumbai - Thane,Cancelled
107213,2025-01-21,C4120,Vashi Veg Corner,Beverages,1006,44,3.2,UPI,Mumbai - Chembur,Delivered
107214,2025-10-29,C2030,Vashi Veg Corner,Beverages,724,52,3.8,Debit Card,Mumbai - Vashi,Delayed
107215,2025-10-04,C3341,Borivali Bistro,Desserts,849,17,2.7,UPI,Mumbai - Chembur,Delivered
107216,2025-07-13,C2494,Andheri Kitchen,Chinese,1103,23,3.5,Debit Card,Mumbai - Dadar,Delivered
107217,2026-03-26,C3650,Colaba Cafe,Biryani,851,80,3.3,Credit Card,Mumbai - Dadar,Delivered
107218,2025-09-30,C1288,Malad Food Hub,Beverages,348,20,4.7,Cash,Mumbai - Vashi,Delayed
107219,2025-08-07,C4453,Vashi Veg Corner,North Indian,528,18,4.8,Wallet,Mumbai - Chembur,Delayed
107220,2025-09-19,C5810,Powai Plates,Desserts,1426,36,4.8,UPI,Mumbai - Bandra,Delivered
107221,2025-03-16,C2973,Dadar Darbar,Chinese,1786,76,2.5,Cash,Mumbai - Colaba,Delivered
107222,2025-03-08,C7093,Bandra Bites,Burger,213,37,4.4,Debit Card,Mumbai - Powai,Delayed
107223,2026-02-19,C9697,Bandra Bites,Healthy Food,955,83,4.1,Credit Card,Mumbai - Colaba,Cancelled
107224,2025-05-15,C3605,Andheri Kitchen,North Indian,585,44,3.0,Debit Card,Mumbai - Ghatkopar,Delayed
107225,2025-08-29,C3800,Thane Treats,Biryani,1272,47,4.8,Debit Card,Mumbai - Chembur,Cancelled
107226,2025-03-14,C1363,Colaba Cafe,Chinese,199,30,4.5,Credit Card,Mumbai - Kurla,Delivered
107227,2025-09-17,C1750,Chembur Spice House,Desserts,1322,23,3.5,Credit Card,Mumbai - Dadar,Cancelled
107228,2025-12-22,C5446,Colaba Cafe,North Indian,1788,16,4.4,Cash,Mumbai - Powai,Delivered
107229,2025-10-11,C4510,Mumbai Tadka,South Indian,1152,38,4.3,Credit Card,Mumbai - Powai,Delayed
107230,2026-04-24,C1656,Powai Plates,Biryani,398,81,4.3,UPI,Mumbai - Dadar,Cancelled
107231,2026-02-18,C5912,Chembur Spice House,Biryani,820,77,4.6,Cash,Mumbai - Ghatkopar,Delivered
107232,2025-01-18,C1873,Mumbai Tadka,Biryani,364,51,4.4,Credit Card,Mumbai - Colaba,Delivered
107233,2025-08-31,C7603,Andheri Kitchen,Pizza,1090,20,4.6,Debit Card,Mumbai - Borivali,Delivered
107234,2025-01-23,C3427,Bandra Bites,Biryani,705,29,4.9,Wallet,Mumbai - Powai,Delivered
107235,2025-08-20,C2058,Borivali Bistro,South Indian,1706,26,4.6,Debit Card,Mumbai - Malad,Delivered
107236,2026-06-18,C6556,Borivali Bistro,Desserts,563,20,2.8,Wallet,Mumbai - Malad,Delayed
107237,2026-04-21,C6411,Powai Plates,South Indian,1466,69,4.2,UPI,Mumbai - Vashi,Delivered
107238,2025-03-31,C5087,Dadar Darbar,Desserts,1476,52,4.3,Wallet,Mumbai - Colaba,Delayed
107239,2025-10-21,C4359,Bandra Bites,Chinese,696,48,2.6,Wallet,Mumbai - Thane,Delivered
107240,2025-12-17,C2295,Malad Food Hub,Biryani,363,26,4.3,Credit Card,Mumbai - Vashi,Delayed
107241,2025-11-02,C3027,Ghatkopar Grill,North Indian,1202,21,4.7,Credit Card,Mumbai - Thane,Cancelled
107242,2025-10-27,C5964,Dadar Darbar,Pizza,1567,76,3.3,Debit Card,Mumbai - Dadar,Delivered
107243,2025-05-10,C4293,Bandra Bites,Pizza,1607,20,2.9,Debit Card,Mumbai - Borivali,Cancelled
107244,2026-05-26,C7128,Kurla Kitchen,Chinese,1355,85,4.8,UPI,Mumbai - Vashi,Delayed
107245,2025-05-21,C3047,Marine Drive Meals,Burger,157,63,3.0,Debit Card,Mumbai - Ghatkopar,Delivered
107246,2025-11-27,C1367,Thane Treats,Beverages,544,60,2.7,Credit Card,Mumbai - Kurla,Delayed
107247,2025-05-13,C3517,Bandra Bites,Biryani,393,59,4.2,Debit Card,Mumbai - Malad,Cancelled
107248,2026-03-14,C1310,Mumbai Tadka,North Indian,444,60,2.9,Debit Card,Mumbai - Colaba,Delivered
107249,2025-09-07,C8498,Malad Food Hub,North Indian,608,42,2.7,Cash,Mumbai - Bandra,Delivered
107250,2026-05-15,C7193,Dadar Darbar,North Indian,627,43,3.2,Cash,Mumbai - Vashi,Delivered
107251,2026-06-07,C3322,Bandra Bites,Beverages,700,85,3.1,Wallet,Mumbai - Dadar,Delayed
107252,2026-03-07,C2946,Colaba Cafe,Pizza,1292,65,3.3,Credit Card,Mumbai - Borivali,Delivered
107253,2025-04-26,C7484,Marine Drive Meals,Biryani,161,85,4.8,UPI,Mumbai - Powai,Delivered
107254,2026-05-22,C8693,Thane Treats,Desserts,1494,81,3.2,Debit Card,Mumbai - Andheri,Delivered
107255,2025-04-11,C2240,Chembur Spice House,Beverages,941,33,3.8,Cash,Mumbai - Powai,Delivered
107256,2025-09-10,C2771,Malad Food Hub,North Indian,1757,27,2.7,Wallet,Mumbai - Bandra,Delivered
107257,2025-10-29,C1310,Powai Plates,Pizza,280,66,3.2,UPI,Mumbai - Dadar,Delivered
107258,2026-04-03,C5837,Bandra Bites,South Indian,656,66,3.8,Cash,Mumbai - Andheri,Delivered
107259,2026-06-20,C2414,Thane Treats,Burger,1790,82,4.7,Credit Card,Mumbai - Chembur,Cancelled
107260,2025-05-16,C8843,Andheri Kitchen,South Indian,925,25,3.4,Credit Card,Mumbai - Bandra,Delivered
107261,2026-03-13,C1598,Marine Drive Meals,Pizza,590,54,2.6,Credit Card,Mumbai - Bandra,Delivered
107262,2026-03-08,C9220,Kurla Kitchen,South Indian,624,74,2.7,Cash,Mumbai - Andheri,Delivered
107263,2025-11-13,C2767,Colaba Cafe,Healthy Food,167,17,4.8,Credit Card,Mumbai - Mulund,Delayed
107264,2025-11-24,C6985,Bandra Bites,South Indian,441,17,4.2,Cash,Mumbai - Vashi,Delivered
107265,2026-03-05,C8182,Ghatkopar Grill,Chinese,1465,76,4.3,Wallet,Mumbai - Chembur,Cancelled
107266,2026-01-02,C3810,Powai Plates,Healthy Food,919,50,3.0,Credit Card,Mumbai - Mulund,Delivered
107267,2025-11-24,C2968,Dadar Darbar,Biryani,1100,61,3.3,Credit Card,Mumbai - Bandra,Cancelled
107268,2026-02-26,C1527,Mumbai Tadka,Healthy Food,1423,73,2.8,Debit Card,Mumbai - Kurla,Cancelled
107269,2025-08-25,C5273,Bandra Bites,Healthy Food,930,56,4.1,Debit Card,Mumbai - Vashi,Delivered
107270,2025-02-09,C7126,Thane Treats,Pizza,1430,61,4.5,Credit Card,Mumbai - Dadar,Delivered
107271,2025-06-16,C6811,Ghatkopar Grill,Pizza,168,48,4.2,Cash,Mumbai - Andheri,Delivered
107272,2026-01-11,C5270,Thane Treats,Chinese,1409,48,3.7,UPI,Mumbai - Powai,Delivered
107273,2026-04-23,C4229,Malad Food Hub,Biryani,711,61,4.3,Wallet,Mumbai - Kurla,Delayed
107274,2025-02-09,C4898,Colaba Cafe,Beverages,1370,16,4.1,UPI,Mumbai - Bandra,Delivered
107275,2025-02-22,C5027,Mumbai Tadka,Pizza,855,22,3.7,UPI,Mumbai - Dadar,Delivered
107276,2025-05-25,C6147,Andheri Kitchen,Healthy Food,564,56,3.7,Cash,Mumbai - Bandra,Delivered
107277,2025-02-02,C1902,Mumbai Tadka,Beverages,456,47,3.0,Wallet,Mumbai - Colaba,Delivered
107278,2026-04-14,C7385,Kurla Kitchen,Desserts,783,16,3.7,Cash,Mumbai - Powai,Delivered
107279,2026-05-17,C9334,Bandra Bites,Chinese,236,59,3.1,Debit Card,Mumbai - Mulund,Delivered
107280,2025-05-16,C5213,Dadar Darbar,South Indian,1596,24,3.7,UPI,Mumbai - Bandra,Delayed
107281,2025-07-10,C2223,Thane Treats,Healthy Food,1581,18,4.2,Debit Card,Mumbai - Dadar,Delivered
107282,2025-09-01,C8731,Bandra Bites,Biryani,518,28,2.9,UPI,Mumbai - Vashi,Cancelled
107283,2025-10-03,C9335,Dadar Darbar,Beverages,717,35,2.7,Wallet,Mumbai - Vashi,Delayed
107284,2025-01-24,C4510,Kurla Kitchen,Biryani,333,63,3.8,Debit Card,Mumbai - Ghatkopar,Delivered
107285,2026-06-15,C5060,Marine Drive Meals,South Indian,1540,24,4.5,UPI,Mumbai - Andheri,Delayed
107286,2025-07-17,C4582,Andheri Kitchen,Biryani,628,44,4.9,Debit Card,Mumbai - Dadar,Cancelled
107287,2025-09-17,C6922,Andheri Kitchen,Burger,249,16,3.0,Cash,Mumbai - Dadar,Delivered
107288,2026-01-17,C3120,Kurla Kitchen,Chinese,647,60,3.6,UPI,Mumbai - Kurla,Delivered
107289,2025-05-08,C8374,Borivali Bistro,Chinese,610,30,3.4,Wallet,Mumbai - Mulund,Delayed
107290,2026-05-28,C4488,Marine Drive Meals,Burger,1326,70,2.7,Wallet,Mumbai - Dadar,Cancelled
107291,2025-11-27,C6874,Ghatkopar Grill,North Indian,721,31,3.9,Cash,Mumbai - Thane,Delayed
107292,2026-06-09,C7166,Thane Treats,North Indian,529,68,4.7,Wallet,Mumbai - Vashi,Delivered
107293,2026-01-16,C2471,Chembur Spice House,Biryani,138,70,3.8,Cash,Mumbai - Powai,Delivered
107294,2025-07-23,C4987,Chembur Spice House,Burger,1245,80,3.8,Wallet,Mumbai - Ghatkopar,Delivered
107295,2025-05-29,C4244,Borivali Bistro,Chinese,1003,85,3.2,Credit Card,Mumbai - Colaba,Delayed
107296,2026-01-17,C3802,Bandra Bites,Pizza,750,28,4.9,Debit Card,Mumbai - Dadar,Cancelled
107297,2025-12-08,C4455,Colaba Cafe,Healthy Food,1757,59,4.4,Wallet,Mumbai - Bandra,Delayed
107298,2025-10-15,C7337,Dadar Darbar,Healthy Food,201,65,3.1,Wallet,Mumbai - Malad,Delivered
107299,2025-03-01,C6892,Borivali Bistro,Desserts,1478,64,4.8,Cash,Mumbai - Malad,Delivered
107300,2026-02-21,C4025,Bandra Bites,South Indian,1299,75,3.7,Credit Card,Mumbai - Colaba,Delivered
107301,2026-01-05,C2358,Marine Drive Meals,Pizza,1799,43,3.7,Debit Card,Mumbai - Dadar,Cancelled
107302,2025-01-14,C3076,Thane Treats,Pizza,664,15,4.5,Wallet,Mumbai - Ghatkopar,Delivered
107303,2025-10-19,C4703,Dadar Darbar,Healthy Food,375,40,3.3,Debit Card,Mumbai - Borivali,Delivered
107304,2026-02-24,C9538,Mumbai Tadka,Desserts,852,18,4.6,Cash,Mumbai - Vashi,Delivered
107305,2026-03-12,C3624,Mumbai Tadka,Pizza,584,58,4.7,Cash,Mumbai - Colaba,Delivered
107306,2025-07-11,C4578,Dadar Darbar,Beverages,920,59,4.2,Cash,Mumbai - Andheri,Delivered
107307,2026-03-07,C7466,Kurla Kitchen,Burger,195,77,4.4,Wallet,Mumbai - Mulund,Delivered
107308,2025-04-04,C2929,Chembur Spice House,Healthy Food,914,17,3.7,UPI,Mumbai - Kurla,Delivered
107309,2025-10-26,C7230,Ghatkopar Grill,Desserts,879,57,2.5,Wallet,Mumbai - Andheri,Delayed
107310,2026-05-05,C5428,Andheri Kitchen,Burger,938,41,3.1,UPI,Mumbai - Borivali,Delivered
107311,2025-10-16,C2694,Marine Drive Meals,Healthy Food,1170,46,4.3,Cash,Mumbai - Thane,Delivered
107312,2026-05-25,C9240,Powai Plates,Healthy Food,1488,38,4.4,Credit Card,Mumbai - Thane,Delivered
107313,2025-12-11,C6395,Bandra Bites,Burger,1743,42,5.0,Wallet,Mumbai - Powai,Delayed
107314,2026-05-13,C4177,Colaba Cafe,North Indian,1408,72,3.7,UPI,Mumbai - Vashi,Delayed
107315,2025-03-13,C2437,Ghatkopar Grill,Beverages,1403,60,4.3,Wallet,Mumbai - Vashi,Cancelled
107316,2025-06-13,C7137,Chembur Spice House,South Indian,1705,30,4.3,UPI,Mumbai - Mulund,Delivered
107317,2026-06-17,C4977,Andheri Kitchen,Beverages,1141,71,4.8,Wallet,Mumbai - Chembur,Delayed
107318,2026-06-07,C1965,Chembur Spice House,Beverages,307,21,2.9,Cash,Mumbai - Chembur,Delivered
107319,2025-04-23,C1335,Kurla Kitchen,North Indian,1111,62,2.7,Wallet,Mumbai - Dadar,Delayed
107320,2026-03-03,C8997,Bandra Bites,Healthy Food,1555,31,2.9,Debit Card,Mumbai - Andheri,Delayed
107321,2026-05-16,C9526,Colaba Cafe,Pizza,406,41,4.1,Debit Card,Mumbai - Vashi,Cancelled
107322,2025-10-21,C2796,Marine Drive Meals,Biryani,484,18,2.6,Debit Card,Mumbai - Thane,Delivered
107323,2025-08-07,C9693,Colaba Cafe,Burger,1299,67,4.3,UPI,Mumbai - Thane,Delivered
107324,2025-08-12,C7918,Mumbai Tadka,Burger,133,85,4.7,Debit Card,Mumbai - Chembur,Delivered
107325,2025-11-23,C9584,Powai Plates,North Indian,596,79,3.9,UPI,Mumbai - Kurla,Delivered
107326,2026-02-05,C5773,Powai Plates,Pizza,283,39,3.3,Debit Card,Mumbai - Powai,Cancelled
107327,2026-01-27,C2699,Colaba Cafe,South Indian,259,38,3.3,Wallet,Mumbai - Vashi,Delivered
107328,2026-03-15,C3528,Mumbai Tadka,South Indian,166,27,3.4,Wallet,Mumbai - Dadar,Delivered
107329,2025-06-13,C2103,Borivali Bistro,Healthy Food,508,78,4.2,Credit Card,Mumbai - Andheri,Delivered
107330,2026-05-05,C2191,Marine Drive Meals,Biryani,711,39,3.8,Cash,Mumbai - Borivali,Delayed
107331,2025-07-04,C5919,Chembur Spice House,Beverages,1515,53,3.1,Wallet,Mumbai - Ghatkopar,Delivered
107332,2025-11-12,C2836,Ghatkopar Grill,Biryani,893,56,4.9,Wallet,Mumbai - Powai,Delivered
107333,2025-03-30,C1231,Ghatkopar Grill,North Indian,686,60,2.6,Debit Card,Mumbai - Bandra,Delivered
107334,2025-10-20,C4587,Kurla Kitchen,Biryani,987,36,4.8,Credit Card,Mumbai - Dadar,Delayed
107335,2025-10-25,C2116,Marine Drive Meals,Healthy Food,462,78,3.2,Debit Card,Mumbai - Bandra,Delivered
107336,2026-05-23,C4415,Borivali Bistro,Healthy Food,1620,41,4.0,Wallet,Mumbai - Mulund,Delivered
107337,2025-07-02,C9207,Chembur Spice House,South Indian,779,67,5.0,Cash,Mumbai - Ghatkopar,Cancelled
107338,2025-01-12,C4579,Mumbai Tadka,Chinese,717,39,3.4,Cash,Mumbai - Borivali,Delivered
107339,2025-03-11,C3401,Chembur Spice House,Chinese,1201,81,3.6,UPI,Mumbai - Powai,Delivered
107340,2026-02-16,C9427,Andheri Kitchen,Burger,1794,30,3.6,Cash,Mumbai - Kurla,Delayed
107341,2025-08-04,C4252,Vashi Veg Corner,North Indian,863,50,4.2,Cash,Mumbai - Mulund,Cancelled
107342,2025-06-18,C5163,Kurla Kitchen,Burger,993,49,2.8,Debit Card,Mumbai - Kurla,Delivered
107343,2025-03-31,C4781,Malad Food Hub,South Indian,314,68,4.4,Debit Card,Mumbai - Ghatkopar,Delivered
107344,2025-04-23,C6594,Mumbai Tadka,Desserts,720,66,3.7,Debit Card,Mumbai - Ghatkopar,Delivered
107345,2025-08-19,C4092,Andheri Kitchen,Chinese,792,51,3.9,Cash,Mumbai - Vashi,Cancelled
107346,2026-06-17,C4840,Chembur Spice House,Healthy Food,192,28,3.9,UPI,Mumbai - Mulund,Cancelled
107347,2026-03-15,C6951,Mumbai Tadka,South Indian,502,53,3.8,UPI,Mumbai - Vashi,Delayed
107348,2026-04-07,C2244,Bandra Bites,Burger,1568,73,3.4,Debit Card,Mumbai - Dadar,Cancelled
107349,2026-04-25,C6179,Colaba Cafe,Burger,1771,66,3.5,UPI,Mumbai - Chembur,Delivered
107350,2025-03-22,C8575,Powai Plates,Biryani,957,19,2.8,Wallet,Mumbai - Mulund,Delivered
107351,2026-01-14,C7865,Mumbai Tadka,Burger,1635,43,3.7,UPI,Mumbai - Colaba,Delivered
107352,2025-12-21,C5033,Chembur Spice House,Desserts,414,76,3.9,Wallet,Mumbai - Borivali,Delayed
107353,2025-10-31,C2460,Bandra Bites,Pizza,421,52,3.5,Debit Card,Mumbai - Borivali,Delayed
107354,2025-08-15,C3275,Mumbai Tadka,Pizza,1160,27,4.5,UPI,Mumbai - Colaba,Delivered
107355,2025-08-09,C8823,Malad Food Hub,Burger,1209,25,2.5,UPI,Mumbai - Powai,Cancelled
107356,2025-11-10,C9465,Andheri Kitchen,South Indian,985,44,3.2,UPI,Mumbai - Chembur,Cancelled
107357,2025-11-22,C3188,Powai Plates,Pizza,263,27,4.3,Debit Card,Mumbai - Kurla,Delayed
107358,2025-07-08,C8947,Marine Drive Meals,Pizza,246,54,4.6,Debit Card,Mumbai - Vashi,Delivered
107359,2025-07-04,C6138,Borivali Bistro,Chinese,224,33,3.2,Wallet,Mumbai - Dadar,Cancelled
107360,2025-01-23,C5133,Vashi Veg Corner,South Indian,1667,38,3.1,Debit Card,Mumbai - Thane,Delivered
107361,2025-01-24,C9710,Colaba Cafe,Burger,1445,15,4.4,Credit Card,Mumbai - Ghatkopar,Delivered
107362,2025-08-05,C5196,Kurla Kitchen,Pizza,1387,83,3.9,UPI,Mumbai - Andheri,Delivered
107363,2026-02-22,C1484,Thane Treats,North Indian,552,41,3.1,UPI,Mumbai - Ghatkopar,Cancelled
107364,2025-09-12,C5166,Dadar Darbar,South Indian,1210,53,2.5,Cash,Mumbai - Borivali,Delivered
107365,2025-04-12,C9182,Chembur Spice House,South Indian,1788,80,4.0,Cash,Mumbai - Mulund,Delivered
107366,2025-04-13,C1698,Chembur Spice House,North Indian,1471,20,3.8,Debit Card,Mumbai - Mulund,Delayed
107367,2026-06-08,C3218,Mumbai Tadka,Beverages,1574,39,4.9,Cash,Mumbai - Ghatkopar,Delivered
107368,2026-03-31,C5751,Malad Food Hub,Beverages,177,38,4.9,Wallet,Mumbai - Bandra,Delivered
107369,2025-10-02,C2511,Kurla Kitchen,Healthy Food,1016,19,3.8,Wallet,Mumbai - Chembur,Delivered
107370,2025-05-10,C2352,Andheri Kitchen,South Indian,376,22,2.8,Wallet,Mumbai - Powai,Cancelled
107371,2025-04-06,C9148,Marine Drive Meals,Healthy Food,1559,42,2.9,Wallet,Mumbai - Chembur,Cancelled
107372,2025-03-23,C2241,Vashi Veg Corner,Burger,193,83,4.6,UPI,Mumbai - Vashi,Delivered
107373,2026-03-04,C8850,Mumbai Tadka,South Indian,246,57,5.0,Cash,Mumbai - Vashi,Delivered
107374,2025-03-09,C4225,Mumbai Tadka,Chinese,203,18,3.0,UPI,Mumbai - Powai,Delivered
107375,2025-04-08,C2989,Thane Treats,Beverages,409,60,4.6,UPI,Mumbai - Thane,Delivered
107376,2026-03-19,C3572,Colaba Cafe,Healthy Food,1552,40,3.9,UPI,Mumbai - Dadar,Cancelled
107377,2025-07-02,C5907,Thane Treats,South Indian,1035,66,2.6,Wallet,Mumbai - Malad,Delivered
107378,2026-06-01,C1912,Thane Treats,South Indian,838,84,4.1,UPI,Mumbai - Ghatkopar,Delivered
107379,2025-06-28,C7225,Borivali Bistro,Desserts,354,84,2.5,Debit Card,Mumbai - Thane,Cancelled
107380,2025-03-29,C4812,Vashi Veg Corner,South Indian,1335,23,4.7,Wallet,Mumbai - Kurla,Delivered
107381,2025-08-21,C9541,Powai Plates,Beverages,237,40,3.4,Wallet,Mumbai - Malad,Delivered
107382,2025-04-15,C9794,Andheri Kitchen,Chinese,589,55,2.9,Credit Card,Mumbai - Dadar,Delayed
107383,2025-01-08,C4432,Thane Treats,Burger,272,48,3.5,Wallet,Mumbai - Kurla,Cancelled
107384,2025-12-06,C2052,Andheri Kitchen,Healthy Food,811,40,4.7,Cash,Mumbai - Mulund,Delivered
107385,2025-11-07,C8060,Dadar Darbar,Pizza,1235,47,3.8,Debit Card,Mumbai - Colaba,Delivered
107386,2026-01-05,C9601,Chembur Spice House,Chinese,268,60,3.6,Credit Card,Mumbai - Borivali,Cancelled
107387,2025-04-09,C1817,Borivali Bistro,Biryani,1545,32,4.4,Credit Card,Mumbai - Kurla,Delivered
107388,2025-10-22,C3119,Thane Treats,North Indian,139,18,2.5,Wallet,Mumbai - Malad,Cancelled
107389,2026-04-27,C9659,Ghatkopar Grill,Desserts,978,49,3.2,Debit Card,Mumbai - Ghatkopar,Delayed
107390,2026-04-20,C9528,Thane Treats,Chinese,1666,57,2.5,Credit Card,Mumbai - Borivali,Delivered
107391,2025-04-13,C6350,Malad Food Hub,Desserts,1190,54,3.3,Debit Card,Mumbai - Chembur,Delayed
107392,2026-06-07,C3973,Kurla Kitchen,South Indian,630,28,2.9,Wallet,Mumbai - Chembur,Cancelled
107393,2025-09-18,C1400,Vashi Veg Corner,Healthy Food,1698,52,4.8,Cash,Mumbai - Malad,Cancelled
107394,2025-10-14,C3397,Thane Treats,Burger,434,82,5.0,Cash,Mumbai - Dadar,Delayed
107395,2025-02-21,C2687,Thane Treats,Pizza,182,77,4.9,Wallet,Mumbai - Andheri,Delivered
107396,2026-05-31,C3600,Andheri Kitchen,South Indian,631,59,4.8,Wallet,Mumbai - Ghatkopar,Cancelled
107397,2026-03-04,C6837,Mumbai Tadka,North Indian,969,31,4.9,Cash,Mumbai - Vashi,Delayed
107398,2025-02-10,C6237,Borivali Bistro,South Indian,1315,76,2.9,Cash,Mumbai - Ghatkopar,Delivered
107399,2026-03-28,C2789,Marine Drive Meals,Pizza,103,51,4.7,Wallet,Mumbai - Borivali,Cancelled
107400,2025-06-21,C4800,Powai Plates,Chinese,1703,27,3.5,Wallet,Mumbai - Mulund,Delivered
107401,2026-06-04,C5033,Mumbai Tadka,Burger,1260,32,4.8,UPI,Mumbai - Colaba,Delivered
107402,2025-05-29,C7340,Bandra Bites,Burger,1101,70,3.3,Credit Card,Mumbai - Thane,Delivered
107403,2025-09-11,C1325,Thane Treats,Biryani,1557,73,4.4,Debit Card,Mumbai - Andheri,Delayed
107404,2025-05-11,C7426,Dadar Darbar,Chinese,783,23,4.6,Debit Card,Mumbai - Chembur,Delivered
107405,2025-10-25,C7066,Powai Plates,Biryani,1377,53,2.7,Wallet,Mumbai - Malad,Delayed
107406,2025-12-03,C2239,Ghatkopar Grill,Chinese,1537,76,3.0,UPI,Mumbai - Powai,Delivered
107407,2025-06-25,C7700,Andheri Kitchen,North Indian,884,63,4.1,Cash,Mumbai - Powai,Delivered
107408,2026-06-18,C7702,Powai Plates,Burger,677,53,2.6,Cash,Mumbai - Malad,Delayed
107409,2025-03-30,C6549,Borivali Bistro,Chinese,1025,49,3.2,Credit Card,Mumbai - Kurla,Delivered
107410,2026-06-17,C3648,Bandra Bites,Chinese,167,79,4.1,Credit Card,Mumbai - Mulund,Delayed
107411,2025-08-17,C5487,Andheri Kitchen,Beverages,746,19,3.1,Cash,Mumbai - Dadar,Delivered
107412,2025-12-17,C7813,Thane Treats,Chinese,1040,25,4.6,Wallet,Mumbai - Thane,Delayed
107413,2025-12-12,C3584,Mumbai Tadka,Chinese,1245,74,3.4,Cash,Mumbai - Dadar,Cancelled
107414,2025-11-17,C9290,Bandra Bites,North Indian,156,26,3.0,Credit Card,Mumbai - Chembur,Delivered
107415,2025-10-17,C1531,Marine Drive Meals,Burger,355,19,4.9,UPI,Mumbai - Malad,Delayed
107416,2025-03-29,C2948,Marine Drive Meals,Pizza,114,27,4.3,Wallet,Mumbai - Borivali,Cancelled
107417,2026-04-27,C7299,Borivali Bistro,Healthy Food,569,21,4.2,Credit Card,Mumbai - Andheri,Delayed
107418,2025-07-02,C7027,Vashi Veg Corner,Burger,1226,35,3.7,Wallet,Mumbai - Andheri,Cancelled
107419,2025-08-17,C8675,Thane Treats,South Indian,1543,24,4.9,UPI,Mumbai - Borivali,Delivered
107420,2026-01-19,C5735,Colaba Cafe,Beverages,791,17,3.6,Cash,Mumbai - Dadar,Cancelled
107421,2025-04-25,C5543,Powai Plates,North Indian,1600,51,4.7,Cash,Mumbai - Malad,Delivered
107422,2025-11-27,C9057,Colaba Cafe,Burger,1397,69,3.9,Credit Card,Mumbai - Bandra,Delivered
107423,2026-03-02,C6878,Borivali Bistro,Healthy Food,1331,77,2.8,Wallet,Mumbai - Kurla,Delivered
107424,2025-02-11,C2815,Dadar Darbar,Desserts,995,82,4.9,Debit Card,Mumbai - Thane,Delivered
107425,2025-08-17,C3196,Mumbai Tadka,Pizza,1115,83,4.7,Debit Card,Mumbai - Thane,Delivered
107426,2025-10-30,C7703,Thane Treats,Desserts,1640,16,2.6,Debit Card,Mumbai - Vashi,Cancelled
107427,2026-05-03,C2764,Vashi Veg Corner,Chinese,1209,66,2.5,Debit Card,Mumbai - Ghatkopar,Delivered
107428,2025-05-02,C5996,Malad Food Hub,Burger,1763,52,2.7,Debit Card,Mumbai - Andheri,Delivered
107429,2025-01-16,C7870,Ghatkopar Grill,Chinese,195,21,4.9,Credit Card,Mumbai - Malad,Cancelled
107430,2025-10-21,C3025,Kurla Kitchen,North Indian,1141,61,3.5,Cash,Mumbai - Ghatkopar,Delayed
107431,2025-08-18,C6193,Ghatkopar Grill,South Indian,1122,77,4.4,Debit Card,Mumbai - Dadar,Delayed
107432,2026-05-15,C6722,Ghatkopar Grill,Chinese,1671,20,4.3,Debit Card,Mumbai - Kurla,Delayed
107433,2025-01-21,C1768,Borivali Bistro,Beverages,1675,24,2.5,UPI,Mumbai - Ghatkopar,Delivered
107434,2026-04-21,C2391,Borivali Bistro,North Indian,1001,63,4.6,Debit Card,Mumbai - Chembur,Delivered
107435,2025-02-28,C7714,Chembur Spice House,Desserts,352,20,3.2,Wallet,Mumbai - Powai,Delivered
107436,2025-09-15,C8667,Vashi Veg Corner,Desserts,844,77,4.1,Debit Card,Mumbai - Malad,Delivered
107437,2026-04-09,C2769,Powai Plates,Healthy Food,1111,62,2.6,Credit Card,Mumbai - Powai,Delivered
107438,2025-06-10,C6648,Powai Plates,Biryani,1545,44,3.7,Credit Card,Mumbai - Bandra,Delivered
107439,2025-10-16,C3091,Dadar Darbar,Healthy Food,136,81,2.6,Debit Card,Mumbai - Ghatkopar,Delayed
107440,2026-02-07,C6250,Malad Food Hub,Beverages,704,79,2.6,Cash,Mumbai - Borivali,Delayed
107441,2025-03-25,C7407,Kurla Kitchen,Healthy Food,1213,27,2.8,Wallet,Mumbai - Thane,Cancelled
107442,2026-01-02,C4486,Colaba Cafe,Pizza,326,77,3.0,UPI,Mumbai - Andheri,Delivered
107443,2025-05-20,C1574,Andheri Kitchen,Desserts,1758,32,2.5,UPI,Mumbai - Mulund,Delivered
107444,2025-11-26,C9168,Dadar Darbar,Healthy Food,148,16,2.7,Cash,Mumbai - Ghatkopar,Delivered
107445,2025-05-26,C4714,Borivali Bistro,Pizza,134,46,3.9,Debit Card,Mumbai - Malad,Delayed
107446,2025-01-04,C1594,Bandra Bites,Healthy Food,1200,59,3.1,Debit Card,Mumbai - Ghatkopar,Delivered
107447,2025-03-26,C7754,Marine Drive Meals,Healthy Food,1449,23,2.9,Debit Card,Mumbai - Bandra,Delivered
107448,2026-02-04,C9049,Bandra Bites,Pizza,1219,38,2.9,Wallet,Mumbai - Mulund,Delayed
107449,2026-01-04,C5719,Marine Drive Meals,South Indian,1324,35,5.0,Wallet,Mumbai - Ghatkopar,Delivered
107450,2025-08-08,C5891,Malad Food Hub,Burger,678,22,4.3,Credit Card,Mumbai - Dadar,Delivered
107451,2025-10-09,C9997,Vashi Veg Corner,Chinese,1323,74,3.6,Credit Card,Mumbai - Chembur,Delivered
107452,2026-02-21,C4781,Andheri Kitchen,Healthy Food,1654,42,3.6,UPI,Mumbai - Malad,Cancelled
107453,2025-01-13,C5784,Dadar Darbar,Healthy Food,1240,80,3.1,UPI,Mumbai - Malad,Cancelled
107454,2025-04-08,C5844,Borivali Bistro,South Indian,620,55,4.7,Cash,Mumbai - Andheri,Cancelled
107455,2025-10-11,C1410,Borivali Bistro,Desserts,948,36,3.4,Wallet,Mumbai - Vashi,Delayed
107456,2026-04-09,C1084,Malad Food Hub,Desserts,1154,74,4.2,Cash,Mumbai - Colaba,Delivered
107457,2026-04-09,C1472,Colaba Cafe,Biryani,1586,32,3.3,Wallet,Mumbai - Kurla,Delivered
107458,2025-08-09,C9290,Colaba Cafe,Desserts,1444,81,4.9,Wallet,Mumbai - Mulund,Cancelled
107459,2026-01-25,C2553,Malad Food Hub,Burger,1226,53,4.1,Wallet,Mumbai - Chembur,Delivered
107460,2025-12-11,C2321,Borivali Bistro,Healthy Food,1405,37,3.1,UPI,Mumbai - Vashi,Delivered
107461,2026-03-26,C4722,Bandra Bites,Beverages,256,24,2.7,Credit Card,Mumbai - Bandra,Delivered
107462,2025-07-02,C1315,Borivali Bistro,Beverages,1373,71,2.6,Credit Card,Mumbai - Ghatkopar,Delayed
107463,2026-03-24,C3652,Powai Plates,Pizza,618,42,4.4,UPI,Mumbai - Vashi,Delivered
107464,2025-12-02,C2544,Colaba Cafe,Chinese,428,33,2.9,Wallet,Mumbai - Vashi,Delivered
107465,2025-03-09,C7675,Malad Food Hub,Healthy Food,101,74,3.3,Wallet,Mumbai - Malad,Delivered
107466,2026-04-09,C2874,Dadar Darbar,Beverages,830,78,2.8,Debit Card,Mumbai - Borivali,Delivered
107467,2026-02-21,C9231,Thane Treats,Beverages,178,22,4.0,Cash,Mumbai - Colaba,Cancelled
107468,2025-11-22,C1570,Vashi Veg Corner,Beverages,1290,68,3.7,Credit Card,Mumbai - Ghatkopar,Delayed
107469,2025-08-16,C9370,Powai Plates,Beverages,1222,49,4.7,Wallet,Mumbai - Mulund,Delivered
107470,2026-03-14,C6272,Borivali Bistro,Beverages,1217,30,4.0,Credit Card,Mumbai - Colaba,Cancelled
107471,2025-07-17,C1748,Colaba Cafe,Beverages,1560,45,3.2,Credit Card,Mumbai - Thane,Cancelled
107472,2025-02-09,C6059,Colaba Cafe,Burger,1757,76,4.4,Credit Card,Mumbai - Mulund,Delayed
107473,2026-05-31,C1287,Andheri Kitchen,Desserts,1282,26,3.2,Credit Card,Mumbai - Andheri,Cancelled
107474,2025-11-18,C7282,Vashi Veg Corner,North Indian,680,34,2.6,Cash,Mumbai - Colaba,Delivered
107475,2025-10-06,C5073,Mumbai Tadka,Pizza,433,45,4.9,Credit Card,Mumbai - Bandra,Cancelled
107476,2025-05-11,C4482,Bandra Bites,Pizza,223,66,2.6,Debit Card,Mumbai - Malad,Delayed
107477,2026-02-18,C3781,Colaba Cafe,Beverages,138,76,3.1,Cash,Mumbai - Powai,Delayed
107478,2025-10-28,C8530,Ghatkopar Grill,South Indian,826,19,3.6,Credit Card,Mumbai - Ghatkopar,Cancelled
107479,2025-11-20,C9586,Thane Treats,North Indian,1585,55,4.8,UPI,Mumbai - Colaba,Delivered
107480,2025-02-09,C2205,Andheri Kitchen,South Indian,1032,41,4.5,Debit Card,Mumbai - Thane,Delayed
107481,2025-07-09,C4167,Vashi Veg Corner,Beverages,1445,44,4.8,UPI,Mumbai - Colaba,Cancelled
107482,2025-12-22,C2876,Dadar Darbar,Healthy Food,1146,81,3.9,Wallet,Mumbai - Kurla,Delayed
107483,2025-09-21,C3878,Andheri Kitchen,Healthy Food,1752,79,3.6,Cash,Mumbai - Vashi,Delivered
107484,2026-01-26,C5889,Marine Drive Meals,Desserts,1678,55,3.0,Cash,Mumbai - Vashi,Delivered
107485,2025-08-01,C3381,Colaba Cafe,Beverages,540,16,4.7,Cash,Mumbai - Malad,Delayed
107486,2026-01-28,C2383,Borivali Bistro,North Indian,1398,78,3.5,Debit Card,Mumbai - Vashi,Delivered
107487,2026-02-16,C4646,Borivali Bistro,Biryani,887,85,4.7,Cash,Mumbai - Malad,Delivered
107488,2026-01-10,C8297,Kurla Kitchen,Pizza,1255,19,3.4,Cash,Mumbai - Bandra,Delivered
107489,2025-10-15,C6086,Powai Plates,South Indian,1191,18,4.8,Wallet,Mumbai - Borivali,Delivered
107490,2026-05-19,C2077,Vashi Veg Corner,Chinese,953,27,2.6,UPI,Mumbai - Bandra,Delayed
107491,2025-10-22,C2237,Marine Drive Meals,Beverages,1226,79,4.1,Debit Card,Mumbai - Vashi,Cancelled
107492,2026-05-16,C4232,Mumbai Tadka,Pizza,1023,82,4.7,Debit Card,Mumbai - Thane,Cancelled
107493,2026-01-09,C6943,Dadar Darbar,Chinese,374,44,3.5,Debit Card,Mumbai - Chembur,Delivered
107494,2026-05-24,C7872,Colaba Cafe,South Indian,1213,85,2.8,Cash,Mumbai - Thane,Cancelled
107495,2025-08-04,C4597,Chembur Spice House,Biryani,378,67,3.8,Debit Card,Mumbai - Colaba,Cancelled
107496,2025-08-11,C8063,Marine Drive Meals,Chinese,379,55,3.4,Wallet,Mumbai - Bandra,Delivered
107497,2025-01-07,C6318,Mumbai Tadka,Pizza,1563,67,3.2,Cash,Mumbai - Ghatkopar,Delayed
107498,2026-05-20,C7488,Powai Plates,Biryani,1741,23,3.0,Cash,Mumbai - Powai,Delivered
107499,2025-03-01,C4046,Marine Drive Meals,Biryani,317,57,2.9,Debit Card,Mumbai - Malad,Delivered
107500,2025-08-25,C7257,Chembur Spice House,Biryani,1426,78,4.8,Debit Card,Mumbai - Chembur,Delivered
107501,2026-01-12,C2123,Vashi Veg Corner,Desserts,1592,24,3.2,Credit Card,Mumbai - Bandra,Delivered
107502,2025-12-13,C1040,Bandra Bites,Beverages,1127,56,3.6,Cash,Mumbai - Kurla,Delivered
107503,2025-05-26,C5258,Vashi Veg Corner,South Indian,1085,53,4.3,Wallet,Mumbai - Mulund,Cancelled
107504,2025-07-14,C8744,Bandra Bites,Biryani,1623,53,3.2,Debit Card,Mumbai - Powai,Cancelled
107505,2026-01-02,C4959,Borivali Bistro,Beverages,255,76,2.7,Cash,Mumbai - Mulund,Delivered
107506,2025-11-02,C4543,Marine Drive Meals,South Indian,975,25,2.8,Cash,Mumbai - Dadar,Delivered
107507,2025-02-10,C9163,Ghatkopar Grill,Beverages,624,53,3.1,Wallet,Mumbai - Bandra,Delayed
107508,2025-01-15,C5289,Malad Food Hub,Biryani,1419,44,5.0,Wallet,Mumbai - Kurla,Delayed
107509,2025-07-09,C6307,Bandra Bites,Healthy Food,816,44,3.0,UPI,Mumbai - Colaba,Delivered
107510,2026-06-10,C5746,Kurla Kitchen,Beverages,1776,32,3.0,Wallet,Mumbai - Chembur,Delivered
107511,2025-10-10,C9788,Ghatkopar Grill,North Indian,742,54,4.4,Wallet,Mumbai - Dadar,Delivered
107512,2025-11-13,C6071,Marine Drive Meals,Pizza,663,64,4.7,Cash,Mumbai - Colaba,Delivered
107513,2026-06-14,C1400,Thane Treats,Desserts,1230,74,4.5,Debit Card,Mumbai - Malad,Delivered
107514,2025-12-12,C8484,Powai Plates,North Indian,1704,31,3.3,Debit Card,Mumbai - Powai,Cancelled
107515,2026-03-11,C8857,Mumbai Tadka,Chinese,239,83,4.1,Credit Card,Mumbai - Borivali,Delayed
107516,2025-08-27,C2514,Dadar Darbar,Desserts,471,56,3.1,UPI,Mumbai - Thane,Cancelled
107517,2026-04-05,C7825,Colaba Cafe,Desserts,1335,46,4.7,Cash,Mumbai - Colaba,Delayed
107518,2025-12-09,C7200,Kurla Kitchen,Beverages,1689,24,3.1,Credit Card,Mumbai - Borivali,Cancelled
107519,2025-02-26,C7538,Bandra Bites,Beverages,1000,28,4.4,UPI,Mumbai - Mulund,Delivered
107520,2025-06-28,C6892,Borivali Bistro,South Indian,1292,39,2.9,Cash,Mumbai - Thane,Delivered
107521,2026-03-14,C5304,Chembur Spice House,Beverages,310,55,3.4,Cash,Mumbai - Borivali,Delivered
107522,2025-01-19,C3072,Borivali Bistro,Healthy Food,1554,84,4.4,Wallet,Mumbai - Kurla,Delivered
107523,2025-02-21,C4301,Malad Food Hub,North Indian,1642,43,3.3,Credit Card,Mumbai - Ghatkopar,Delivered
107524,2025-09-27,C2348,Ghatkopar Grill,Burger,715,85,3.9,UPI,Mumbai - Chembur,Cancelled
107525,2026-05-27,C8372,Marine Drive Meals,Burger,1059,51,3.0,Cash,Mumbai - Ghatkopar,Delayed
107526,2025-02-12,C7349,Mumbai Tadka,Biryani,178,52,4.6,Credit Card,Mumbai - Mulund,Cancelled
107527,2025-10-03,C6091,Dadar Darbar,Chinese,306,33,4.0,Wallet,Mumbai - Ghatkopar,Delivered
107528,2025-12-09,C9836,Andheri Kitchen,Pizza,856,38,3.7,UPI,Mumbai - Chembur,Delayed
107529,2026-01-21,C5645,Kurla Kitchen,Biryani,1561,76,2.7,Wallet,Mumbai - Ghatkopar,Delivered
107530,2025-09-07,C7016,Dadar Darbar,Biryani,905,33,3.2,Wallet,Mumbai - Vashi,Cancelled
107531,2025-10-12,C8038,Andheri Kitchen,Desserts,175,27,2.9,Cash,Mumbai - Bandra,Delivered
107532,2025-01-07,C3294,Bandra Bites,Desserts,729,26,4.1,Wallet,Mumbai - Thane,Delivered
107533,2025-05-05,C2294,Chembur Spice House,South Indian,268,69,4.2,Credit Card,Mumbai - Powai,Cancelled
107534,2025-01-10,C3226,Borivali Bistro,Biryani,814,37,4.4,Cash,Mumbai - Dadar,Delivered
107535,2026-02-15,C4911,Kurla Kitchen,Chinese,1698,40,3.9,Credit Card,Mumbai - Chembur,Delivered
107536,2026-02-12,C9819,Thane Treats,Burger,1557,64,3.4,Debit Card,Mumbai - Colaba,Delivered
107537,2025-03-29,C3729,Powai Plates,Desserts,548,25,4.3,Debit Card,Mumbai - Andheri,Delivered
107538,2026-04-07,C6169,Marine Drive Meals,Burger,1061,20,3.1,Credit Card,Mumbai - Thane,Cancelled
107539,2026-03-07,C4683,Chembur Spice House,North Indian,892,30,5.0,Credit Card,Mumbai - Bandra,Delivered
107540,2025-12-19,C5318,Andheri Kitchen,Desserts,972,31,4.7,Debit Card,Mumbai - Colaba,Cancelled
107541,2025-06-09,C2580,Borivali Bistro,Healthy Food,710,76,3.9,Cash,Mumbai - Thane,Delivered
107542,2026-05-11,C4289,Powai Plates,Chinese,856,62,3.1,UPI,Mumbai - Andheri,Delivered
107543,2025-08-15,C3252,Bandra Bites,Beverages,1448,33,4.2,Debit Card,Mumbai - Vashi,Delivered
107544,2025-06-25,C7900,Mumbai Tadka,Pizza,1104,39,4.7,Wallet,Mumbai - Powai,Delayed
107545,2025-07-16,C9216,Bandra Bites,Chinese,1008,84,4.8,Cash,Mumbai - Colaba,Delivered
107546,2025-05-21,C9933,Malad Food Hub,Healthy Food,399,15,3.1,UPI,Mumbai - Thane,Delivered
107547,2026-04-21,C8100,Colaba Cafe,Desserts,1581,77,2.6,Wallet,Mumbai - Borivali,Cancelled
107548,2025-06-07,C6438,Borivali Bistro,Pizza,871,58,3.7,UPI,Mumbai - Vashi,Delivered
107549,2025-07-29,C5864,Colaba Cafe,Healthy Food,1782,82,4.8,Credit Card,Mumbai - Malad,Delivered
107550,2026-03-07,C1811,Chembur Spice House,Pizza,1686,23,4.0,Wallet,Mumbai - Colaba,Cancelled
107551,2025-02-16,C7630,Vashi Veg Corner,Burger,302,43,4.9,Cash,Mumbai - Powai,Delivered
107552,2025-06-13,C5167,Malad Food Hub,Desserts,653,42,4.4,Wallet,Mumbai - Bandra,Cancelled
107553,2026-06-23,C2167,Vashi Veg Corner,Beverages,1083,75,2.9,Debit Card,Mumbai - Vashi,Delivered
107554,2025-02-19,C6071,Andheri Kitchen,Biryani,1003,53,3.5,Cash,Mumbai - Kurla,Delayed
107555,2025-09-01,C4608,Dadar Darbar,South Indian,665,33,4.0,Wallet,Mumbai - Ghatkopar,Delivered
107556,2025-12-04,C6426,Dadar Darbar,North Indian,748,33,4.3,UPI,Mumbai - Colaba,Delayed
107557,2025-04-12,C2941,Thane Treats,Healthy Food,668,48,4.3,Debit Card,Mumbai - Ghatkopar,Delayed
107558,2025-12-17,C6817,Vashi Veg Corner,North Indian,287,77,4.4,Debit Card,Mumbai - Chembur,Delivered
107559,2025-01-17,C8163,Powai Plates,Biryani,398,71,4.8,Debit Card,Mumbai - Bandra,Delivered
107560,2025-08-20,C1763,Andheri Kitchen,Biryani,1355,53,4.7,Credit Card,Mumbai - Borivali,Cancelled
107561,2025-11-26,C4616,Kurla Kitchen,Chinese,237,45,3.7,Credit Card,Mumbai - Mulund,Delivered
107562,2025-03-14,C1891,Borivali Bistro,Beverages,1570,29,3.4,UPI,Mumbai - Ghatkopar,Cancelled
107563,2025-10-20,C6666,Dadar Darbar,South Indian,1564,39,2.9,Credit Card,Mumbai - Dadar,Cancelled
107564,2025-11-07,C7038,Kurla Kitchen,Desserts,742,73,2.7,Wallet,Mumbai - Kurla,Cancelled
107565,2025-07-09,C1452,Powai Plates,Biryani,658,62,2.8,Cash,Mumbai - Mulund,Delivered
107566,2025-07-02,C9720,Borivali Bistro,Biryani,929,65,2.7,Wallet,Mumbai - Thane,Delivered
107567,2025-07-19,C6519,Dadar Darbar,Desserts,1652,42,3.6,Wallet,Mumbai - Borivali,Delayed
107568,2025-03-18,C4743,Marine Drive Meals,North Indian,625,41,4.9,Cash,Mumbai - Ghatkopar,Delivered
107569,2025-08-15,C1041,Vashi Veg Corner,Pizza,271,61,3.1,Credit Card,Mumbai - Kurla,Delivered
107570,2025-03-28,C1438,Dadar Darbar,Pizza,1254,82,4.5,Credit Card,Mumbai - Thane,Cancelled
107571,2025-10-03,C3648,Dadar Darbar,Biryani,1161,71,2.8,Cash,Mumbai - Ghatkopar,Delivered
107572,2025-03-02,C1480,Marine Drive Meals,Burger,626,81,3.1,Debit Card,Mumbai - Malad,Delivered
107573,2026-02-10,C4907,Thane Treats,Pizza,1318,52,4.3,UPI,Mumbai - Malad,Delivered
107574,2025-12-18,C6235,Dadar Darbar,Desserts,1609,45,3.0,Cash,Mumbai - Bandra,Delivered
107575,2026-06-01,C2254,Andheri Kitchen,South Indian,1785,50,2.8,UPI,Mumbai - Kurla,Cancelled
107576,2025-10-21,C8170,Vashi Veg Corner,Burger,216,34,3.2,Cash,Mumbai - Bandra,Delivered
107577,2026-03-07,C7582,Andheri Kitchen,Beverages,1033,30,2.7,Wallet,Mumbai - Bandra,Delivered
107578,2026-04-06,C7985,Andheri Kitchen,North Indian,1185,47,5.0,Wallet,Mumbai - Colaba,Delivered
107579,2025-04-22,C3254,Mumbai Tadka,North Indian,905,15,4.3,Credit Card,Mumbai - Borivali,Delayed
107580,2026-01-30,C9715,Borivali Bistro,Healthy Food,1536,57,4.1,Debit Card,Mumbai - Vashi,Cancelled
107581,2025-11-21,C9241,Andheri Kitchen,Beverages,338,72,3.4,UPI,Mumbai - Colaba,Delivered
107582,2025-07-05,C1742,Thane Treats,North Indian,765,55,4.5,Credit Card,Mumbai - Vashi,Cancelled
107583,2025-09-09,C7067,Mumbai Tadka,Biryani,938,21,3.1,Wallet,Mumbai - Ghatkopar,Cancelled
107584,2025-04-21,C8098,Borivali Bistro,Chinese,409,59,3.4,Credit Card,Mumbai - Colaba,Delayed
107585,2026-05-15,C3683,Andheri Kitchen,North Indian,232,39,4.2,Wallet,Mumbai - Mulund,Delivered
107586,2025-06-01,C6404,Kurla Kitchen,Biryani,963,30,4.4,Debit Card,Mumbai - Mulund,Delivered
107587,2026-02-11,C4817,Marine Drive Meals,Burger,166,70,3.0,Credit Card,Mumbai - Ghatkopar,Delayed
107588,2025-08-27,C1183,Kurla Kitchen,Desserts,1763,57,4.1,Debit Card,Mumbai - Andheri,Delivered
107589,2025-03-09,C1503,Kurla Kitchen,Burger,1460,43,4.4,Debit Card,Mumbai - Thane,Cancelled
107590,2026-03-31,C3127,Malad Food Hub,Beverages,198,24,4.3,Debit Card,Mumbai - Andheri,Delivered
107591,2025-02-17,C6494,Borivali Bistro,Beverages,1354,63,4.6,Credit Card,Mumbai - Chembur,Delivered
107592,2026-02-28,C4474,Ghatkopar Grill,Pizza,271,68,3.1,UPI,Mumbai - Mulund,Cancelled
107593,2025-04-03,C3723,Colaba Cafe,Pizza,519,32,4.6,Credit Card,Mumbai - Thane,Delivered
107594,2025-09-29,C4994,Powai Plates,Desserts,287,62,5.0,Cash,Mumbai - Mulund,Cancelled
107595,2025-04-21,C3191,Chembur Spice House,Desserts,1472,17,3.5,Cash,Mumbai - Mulund,Delivered
107596,2025-03-31,C6541,Mumbai Tadka,North Indian,234,38,5.0,Credit Card,Mumbai - Chembur,Delivered
107597,2025-11-03,C5074,Chembur Spice House,Pizza,1562,64,4.1,Debit Card,Mumbai - Dadar,Delivered
107598,2026-04-03,C4487,Borivali Bistro,Healthy Food,140,34,4.8,Wallet,Mumbai - Andheri,Cancelled
107599,2026-02-16,C9294,Colaba Cafe,Desserts,345,56,4.3,UPI,Mumbai - Malad,Delivered
107600,2025-12-06,C7188,Malad Food Hub,Pizza,571,62,4.7,Debit Card,Mumbai - Borivali,Delivered
107601,2025-08-02,C4483,Colaba Cafe,North Indian,1297,27,4.1,Wallet,Mumbai - Chembur,Delivered
107602,2026-01-20,C5704,Colaba Cafe,Desserts,155,26,4.1,Debit Card,Mumbai - Kurla,Delayed
107603,2026-04-24,C4377,Colaba Cafe,Beverages,1066,80,4.1,Credit Card,Mumbai - Borivali,Cancelled
107604,2026-06-13,C3279,Dadar Darbar,Beverages,106,40,4.6,Cash,Mumbai - Kurla,Delivered
107605,2025-12-05,C6161,Powai Plates,Pizza,1344,75,3.4,Wallet,Mumbai - Chembur,Delivered
107606,2025-02-24,C7834,Dadar Darbar,Biryani,1458,35,4.1,Debit Card,Mumbai - Andheri,Cancelled
107607,2025-04-13,C6221,Vashi Veg Corner,Biryani,1476,17,3.3,Debit Card,Mumbai - Borivali,Cancelled
107608,2025-12-09,C1513,Marine Drive Meals,North Indian,1520,64,3.9,Wallet,Mumbai - Chembur,Delivered
107609,2025-01-18,C1411,Mumbai Tadka,Pizza,943,17,4.0,Cash,Mumbai - Borivali,Delivered
107610,2025-07-19,C1281,Thane Treats,North Indian,1374,69,3.5,Debit Card,Mumbai - Powai,Delivered
107611,2025-07-04,C3555,Dadar Darbar,Pizza,1018,69,4.4,Wallet,Mumbai - Bandra,Delivered
107612,2025-12-06,C8759,Chembur Spice House,Beverages,724,52,4.2,Wallet,Mumbai - Kurla,Cancelled
107613,2026-06-07,C4196,Powai Plates,Chinese,763,29,3.6,UPI,Mumbai - Vashi,Delivered
107614,2025-09-13,C5289,Ghatkopar Grill,Healthy Food,970,21,4.0,Credit Card,Mumbai - Thane,Delayed
107615,2025-11-06,C3630,Malad Food Hub,Biryani,491,65,4.7,Cash,Mumbai - Malad,Delayed
107616,2026-04-14,C6032,Colaba Cafe,Biryani,1549,39,2.5,Cash,Mumbai - Malad,Cancelled
107617,2025-06-08,C1588,Marine Drive Meals,Beverages,982,36,2.7,Credit Card,Mumbai - Mulund,Delivered
107618,2025-05-03,C7959,Kurla Kitchen,Desserts,438,49,3.0,Debit Card,Mumbai - Dadar,Delivered
107619,2026-01-22,C5980,Bandra Bites,Desserts,1073,35,4.1,Cash,Mumbai - Chembur,Delivered
107620,2025-04-12,C6260,Borivali Bistro,Biryani,1623,66,4.4,Debit Card,Mumbai - Mulund,Delivered
107621,2025-01-04,C8154,Chembur Spice House,Healthy Food,1568,27,4.8,Cash,Mumbai - Bandra,Delayed
107622,2025-11-15,C1942,Ghatkopar Grill,Pizza,1077,71,3.1,Cash,Mumbai - Thane,Delivered
107623,2025-10-14,C5300,Thane Treats,North Indian,920,62,3.9,Debit Card,Mumbai - Colaba,Delivered
107624,2026-02-22,C5684,Powai Plates,Healthy Food,381,26,4.0,Credit Card,Mumbai - Kurla,Cancelled
107625,2026-02-17,C8358,Thane Treats,South Indian,1343,72,4.3,Credit Card,Mumbai - Andheri,Delivered
107626,2026-05-13,C3393,Malad Food Hub,Pizza,114,32,4.1,UPI,Mumbai - Borivali,Cancelled
107627,2025-06-23,C6272,Borivali Bistro,Chinese,1391,19,4.6,Cash,Mumbai - Vashi,Cancelled
107628,2025-11-30,C1689,Kurla Kitchen,North Indian,230,27,2.7,UPI,Mumbai - Andheri,Delivered
107629,2025-04-02,C6247,Ghatkopar Grill,Burger,199,47,3.9,Credit Card,Mumbai - Bandra,Delivered
107630,2025-06-08,C4997,Chembur Spice House,Chinese,655,83,3.6,Credit Card,Mumbai - Andheri,Delivered
107631,2025-01-10,C4909,Thane Treats,Desserts,1325,57,3.1,Debit Card,Mumbai - Kurla,Delayed
107632,2026-04-17,C4104,Ghatkopar Grill,North Indian,842,59,3.2,Wallet,Mumbai - Ghatkopar,Cancelled
107633,2025-01-08,C6543,Thane Treats,South Indian,1255,43,4.1,Debit Card,Mumbai - Chembur,Delivered
107634,2025-02-28,C9113,Mumbai Tadka,Pizza,912,76,4.2,Cash,Mumbai - Chembur,Delivered
107635,2025-11-30,C4514,Malad Food Hub,Chinese,1101,65,3.8,Cash,Mumbai - Chembur,Delayed
107636,2026-03-06,C5107,Thane Treats,Healthy Food,1726,73,4.3,UPI,Mumbai - Vashi,Delayed
107637,2025-07-18,C6896,Dadar Darbar,Pizza,1510,17,4.8,Wallet,Mumbai - Kurla,Delivered
107638,2025-05-18,C1542,Andheri Kitchen,Beverages,242,40,2.9,Debit Card,Mumbai - Borivali,Cancelled
107639,2025-01-02,C2873,Dadar Darbar,Burger,1039,29,3.3,Cash,Mumbai - Colaba,Delayed
107640,2025-01-14,C7488,Vashi Veg Corner,Desserts,1404,23,4.8,Debit Card,Mumbai - Borivali,Delivered
107641,2025-11-13,C4842,Malad Food Hub,Biryani,286,73,2.7,Credit Card,Mumbai - Ghatkopar,Delayed
107642,2025-11-01,C7434,Thane Treats,Beverages,999,47,3.6,Credit Card,Mumbai - Vashi,Delayed
107643,2025-10-24,C8702,Dadar Darbar,Biryani,393,52,4.9,Wallet,Mumbai - Chembur,Delayed
107644,2025-12-06,C3985,Thane Treats,Desserts,1710,72,3.2,Wallet,Mumbai - Dadar,Delivered
107645,2025-09-05,C2318,Malad Food Hub,South Indian,1409,29,4.8,Cash,Mumbai - Andheri,Delivered
107646,2026-02-05,C8465,Mumbai Tadka,Healthy Food,1538,51,4.6,Cash,Mumbai - Powai,Delivered
107647,2025-08-13,C7195,Kurla Kitchen,Biryani,359,30,4.2,Wallet,Mumbai - Kurla,Delayed
107648,2025-01-12,C9541,Ghatkopar Grill,Desserts,220,83,4.0,Debit Card,Mumbai - Kurla,Cancelled
107649,2026-05-14,C4539,Kurla Kitchen,Chinese,1156,40,5.0,UPI,Mumbai - Powai,Delivered
107650,2025-09-24,C2156,Malad Food Hub,Chinese,411,71,4.3,Cash,Mumbai - Bandra,Delivered
107651,2026-06-21,C5845,Dadar Darbar,Biryani,381,31,3.8,Wallet,Mumbai - Bandra,Delivered
107652,2026-05-17,C7323,Marine Drive Meals,Chinese,858,25,3.3,Debit Card,Mumbai - Bandra,Delivered
107653,2025-07-18,C6377,Vashi Veg Corner,Desserts,466,54,4.6,Credit Card,Mumbai - Chembur,Cancelled
107654,2026-02-15,C4843,Malad Food Hub,Beverages,1340,40,3.7,Wallet,Mumbai - Thane,Delivered
107655,2025-08-15,C9650,Dadar Darbar,Healthy Food,920,45,4.1,Wallet,Mumbai - Borivali,Delivered
107656,2025-09-30,C2600,Andheri Kitchen,Burger,1737,59,3.8,Cash,Mumbai - Andheri,Delivered
107657,2026-02-21,C2883,Andheri Kitchen,Desserts,1120,68,3.3,UPI,Mumbai - Chembur,Delivered
107658,2026-04-06,C3270,Malad Food Hub,North Indian,1034,67,4.0,Wallet,Mumbai - Kurla,Delayed
107659,2026-05-08,C5044,Bandra Bites,Desserts,887,43,4.6,Credit Card,Mumbai - Kurla,Delivered
107660,2025-09-04,C2397,Dadar Darbar,Pizza,117,78,3.9,Cash,Mumbai - Malad,Delivered
107661,2026-02-06,C6326,Kurla Kitchen,Healthy Food,294,17,3.7,Credit Card,Mumbai - Andheri,Delivered
107662,2026-05-25,C3362,Bandra Bites,Beverages,217,53,3.5,Debit Card,Mumbai - Dadar,Delivered
107663,2025-05-02,C2991,Mumbai Tadka,Healthy Food,1479,26,2.9,Wallet,Mumbai - Kurla,Delayed
107664,2025-12-31,C3633,Ghatkopar Grill,Chinese,1562,60,3.5,Wallet,Mumbai - Bandra,Delivered
107665,2025-04-10,C8432,Bandra Bites,Biryani,140,42,3.8,Wallet,Mumbai - Chembur,Cancelled
107666,2025-05-18,C7620,Colaba Cafe,Burger,322,67,2.8,Credit Card,Mumbai - Colaba,Delivered
107667,2025-04-24,C4118,Powai Plates,Biryani,1465,56,3.4,Cash,Mumbai - Powai,Delivered
107668,2026-05-24,C3026,Andheri Kitchen,Healthy Food,612,77,2.9,Wallet,Mumbai - Dadar,Cancelled
107669,2025-07-21,C3201,Mumbai Tadka,South Indian,1295,52,3.8,Cash,Mumbai - Colaba,Delivered
107670,2025-07-20,C4465,Colaba Cafe,Beverages,895,68,2.8,Credit Card,Mumbai - Colaba,Delayed
107671,2025-06-18,C1230,Ghatkopar Grill,Healthy Food,648,38,3.0,UPI,Mumbai - Dadar,Delivered
107672,2026-02-06,C3688,Mumbai Tadka,South Indian,1726,66,4.7,Wallet,Mumbai - Ghatkopar,Delivered
107673,2025-12-29,C8666,Malad Food Hub,Desserts,785,73,2.7,Wallet,Mumbai - Dadar,Delayed
107674,2025-01-08,C2874,Colaba Cafe,Chinese,236,49,3.2,UPI,Mumbai - Powai,Delivered
107675,2025-07-23,C2953,Borivali Bistro,Healthy Food,1420,59,4.9,Debit Card,Mumbai - Thane,Delayed
107676,2025-06-09,C9498,Bandra Bites,Chinese,884,57,2.5,Wallet,Mumbai - Chembur,Cancelled
107677,2025-06-23,C8934,Kurla Kitchen,Burger,1639,16,4.9,Credit Card,Mumbai - Powai,Cancelled
107678,2025-05-04,C4839,Mumbai Tadka,Biryani,377,51,2.8,Debit Card,Mumbai - Dadar,Delivered
107679,2026-04-26,C1120,Dadar Darbar,North Indian,253,62,4.3,UPI,Mumbai - Powai,Delivered
107680,2025-12-03,C5716,Ghatkopar Grill,Chinese,1197,41,4.7,Debit Card,Mumbai - Powai,Cancelled
107681,2025-09-05,C1857,Andheri Kitchen,South Indian,1696,38,2.6,Wallet,Mumbai - Borivali,Delivered
107682,2026-05-25,C6760,Bandra Bites,Burger,555,48,3.1,Credit Card,Mumbai - Vashi,Delivered
107683,2026-06-22,C7671,Kurla Kitchen,South Indian,1247,51,3.6,UPI,Mumbai - Malad,Delivered
107684,2025-11-06,C1468,Andheri Kitchen,Biryani,1695,54,2.8,Credit Card,Mumbai - Borivali,Delivered
107685,2026-06-22,C4503,Borivali Bistro,Desserts,1269,50,3.2,Credit Card,Mumbai - Andheri,Delayed
107686,2025-01-08,C8237,Borivali Bistro,Desserts,516,21,3.5,UPI,Mumbai - Powai,Delivered
107687,2025-01-06,C3830,Borivali Bistro,Burger,1258,76,4.7,Debit Card,Mumbai - Vashi,Delayed
107688,2026-06-16,C5575,Borivali Bistro,Biryani,156,40,4.9,Credit Card,Mumbai - Kurla,Delivered
107689,2026-04-18,C3943,Colaba Cafe,Burger,1384,63,4.4,Debit Card,Mumbai - Vashi,Cancelled
107690,2026-01-05,C9985,Kurla Kitchen,Beverages,953,79,3.7,Wallet,Mumbai - Thane,Delivered
107691,2026-05-22,C7540,Borivali Bistro,Chinese,1658,28,3.2,Cash,Mumbai - Vashi,Delivered
107692,2025-10-03,C4147,Mumbai Tadka,Burger,1159,40,3.4,Debit Card,Mumbai - Vashi,Delivered
107693,2025-07-04,C4679,Chembur Spice House,Healthy Food,557,31,3.4,Wallet,Mumbai - Dadar,Delivered
107694,2026-03-16,C7293,Bandra Bites,Pizza,1269,49,2.6,UPI,Mumbai - Dadar,Delivered
107695,2025-12-28,C9422,Mumbai Tadka,South Indian,1412,17,4.4,UPI,Mumbai - Thane,Delayed
107696,2025-03-07,C2001,Colaba Cafe,North Indian,1042,30,5.0,Credit Card,Mumbai - Powai,Cancelled
107697,2025-06-15,C9574,Andheri Kitchen,Burger,119,24,4.6,Cash,Mumbai - Vashi,Delivered
107698,2025-08-22,C7207,Mumbai Tadka,Desserts,383,57,3.7,Cash,Mumbai - Dadar,Delivered
107699,2025-06-07,C8107,Borivali Bistro,Desserts,1467,72,4.2,Debit Card,Mumbai - Chembur,Delayed
107700,2026-05-16,C4417,Kurla Kitchen,Pizza,998,20,3.8,Debit Card,Mumbai - Thane,Delivered
107701,2025-09-13,C9259,Andheri Kitchen,South Indian,1736,40,2.6,UPI,Mumbai - Bandra,Delayed
107702,2026-01-20,C3267,Malad Food Hub,North Indian,1167,26,3.3,Debit Card,Mumbai - Thane,Delivered
107703,2025-03-06,C2214,Vashi Veg Corner,Biryani,918,15,4.6,Cash,Mumbai - Ghatkopar,Delivered
107704,2025-09-26,C2823,Kurla Kitchen,Biryani,1626,45,4.1,Credit Card,Mumbai - Vashi,Delayed
107705,2026-05-06,C8194,Chembur Spice House,North Indian,1232,53,3.5,Cash,Mumbai - Dadar,Delivered
107706,2026-05-07,C1517,Chembur Spice House,Beverages,1420,53,3.5,Wallet,Mumbai - Borivali,Cancelled
107707,2025-05-03,C6980,Powai Plates,Desserts,783,74,2.8,Wallet,Mumbai - Borivali,Delivered
107708,2025-02-13,C7749,Mumbai Tadka,Desserts,213,85,3.3,Credit Card,Mumbai - Bandra,Delivered
107709,2025-05-22,C2643,Malad Food Hub,Chinese,1048,81,4.1,Cash,Mumbai - Borivali,Delivered
107710,2026-04-24,C6438,Marine Drive Meals,North Indian,671,31,2.9,Cash,Mumbai - Chembur,Delayed
107711,2025-08-22,C9506,Andheri Kitchen,Burger,1634,72,4.8,Wallet,Mumbai - Vashi,Delivered
107712,2025-10-09,C3098,Kurla Kitchen,Healthy Food,1375,63,3.0,UPI,Mumbai - Chembur,Delivered
107713,2025-10-06,C9938,Marine Drive Meals,Desserts,980,41,4.7,Wallet,Mumbai - Vashi,Delivered
107714,2026-06-22,C3200,Thane Treats,Beverages,447,65,4.8,Cash,Mumbai - Borivali,Delivered
107715,2025-12-09,C3399,Ghatkopar Grill,Healthy Food,118,66,2.6,Cash,Mumbai - Ghatkopar,Delivered
107716,2025-04-19,C3576,Dadar Darbar,Pizza,1052,81,4.3,Cash,Mumbai - Kurla,Delayed
107717,2026-05-07,C5805,Andheri Kitchen,Healthy Food,1588,79,4.4,UPI,Mumbai - Malad,Delivered
107718,2025-03-28,C4294,Kurla Kitchen,North Indian,1064,73,4.1,Cash,Mumbai - Mulund,Delayed
107719,2026-01-01,C1313,Vashi Veg Corner,Beverages,1399,26,3.7,Cash,Mumbai - Chembur,Delayed
107720,2026-05-26,C6799,Andheri Kitchen,Beverages,946,60,3.9,UPI,Mumbai - Chembur,Delayed
107721,2025-12-30,C2525,Mumbai Tadka,Pizza,741,32,4.4,Cash,Mumbai - Colaba,Delivered
107722,2025-09-06,C4764,Bandra Bites,South Indian,1185,45,3.0,Debit Card,Mumbai - Malad,Cancelled
107723,2025-04-23,C6461,Chembur Spice House,Chinese,807,43,4.1,Debit Card,Mumbai - Colaba,Delivered
107724,2025-07-30,C3683,Bandra Bites,Chinese,100,60,3.8,Cash,Mumbai - Vashi,Delivered
107725,2025-11-05,C6965,Borivali Bistro,Healthy Food,1366,84,3.5,Cash,Mumbai - Ghatkopar,Cancelled
107726,2025-06-16,C3097,Mumbai Tadka,Beverages,1661,48,4.2,Cash,Mumbai - Ghatkopar,Delayed
107727,2025-08-11,C2025,Andheri Kitchen,North Indian,501,40,2.9,Cash,Mumbai - Chembur,Delayed
107728,2026-01-03,C1126,Chembur Spice House,Chinese,562,41,3.4,Debit Card,Mumbai - Chembur,Delivered
107729,2026-05-04,C7007,Mumbai Tadka,Pizza,568,53,2.9,Debit Card,Mumbai - Dadar,Cancelled
107730,2026-01-23,C1744,Kurla Kitchen,Beverages,436,77,3.1,UPI,Mumbai - Borivali,Delivered
107731,2025-04-06,C2382,Kurla Kitchen,Pizza,1350,36,4.0,Debit Card,Mumbai - Mulund,Delivered
107732,2025-01-10,C2395,Dadar Darbar,Healthy Food,1146,36,3.0,Wallet,Mumbai - Dadar,Delivered
107733,2025-09-28,C4336,Dadar Darbar,Biryani,229,58,4.9,Credit Card,Mumbai - Andheri,Cancelled
107734,2026-05-10,C3120,Marine Drive Meals,South Indian,639,49,5.0,Debit Card,Mumbai - Mulund,Delivered
107735,2025-01-05,C2028,Chembur Spice House,Biryani,1007,26,4.2,Debit Card,Mumbai - Thane,Delivered
107736,2025-01-15,C5670,Ghatkopar Grill,South Indian,1615,41,4.4,Cash,Mumbai - Ghatkopar,Delivered
107737,2025-12-12,C2074,Dadar Darbar,Burger,290,74,3.7,Cash,Mumbai - Colaba,Delivered
107738,2025-09-22,C7046,Andheri Kitchen,Pizza,859,66,4.9,UPI,Mumbai - Borivali,Delivered
107739,2026-01-10,C7054,Colaba Cafe,Chinese,502,18,2.7,Credit Card,Mumbai - Mulund,Delivered
107740,2026-04-06,C4134,Marine Drive Meals,Beverages,1583,15,3.1,UPI,Mumbai - Kurla,Delayed
107741,2025-03-03,C4187,Bandra Bites,Desserts,214,55,3.2,Credit Card,Mumbai - Andheri,Cancelled
107742,2025-07-05,C5949,Kurla Kitchen,Pizza,1124,57,3.2,UPI,Mumbai - Dadar,Delivered
107743,2026-04-13,C1196,Ghatkopar Grill,Desserts,107,29,4.7,Credit Card,Mumbai - Powai,Cancelled
107744,2025-05-04,C2788,Vashi Veg Corner,Burger,884,31,4.3,Wallet,Mumbai - Thane,Cancelled
107745,2025-04-01,C7926,Vashi Veg Corner,Chinese,182,48,4.4,Cash,Mumbai - Kurla,Cancelled
107746,2025-04-30,C4956,Kurla Kitchen,Pizza,1109,49,3.6,Wallet,Mumbai - Thane,Delivered
107747,2026-06-20,C1719,Dadar Darbar,South Indian,1360,31,4.0,Cash,Mumbai - Andheri,Delivered
107748,2025-07-01,C7925,Bandra Bites,North Indian,385,80,3.9,Cash,Mumbai - Kurla,Delivered
107749,2025-05-08,C8027,Andheri Kitchen,Chinese,1124,47,4.4,Credit Card,Mumbai - Thane,Delivered
107750,2025-12-14,C5968,Kurla Kitchen,Burger,1462,62,3.7,Wallet,Mumbai - Mulund,Delayed
107751,2026-03-19,C2160,Borivali Bistro,Desserts,1080,51,4.0,Debit Card,Mumbai - Bandra,Delivered
107752,2025-02-02,C3847,Malad Food Hub,Beverages,559,83,4.4,UPI,Mumbai - Dadar,Delayed
107753,2025-09-03,C9234,Ghatkopar Grill,Healthy Food,598,43,4.0,Wallet,Mumbai - Borivali,Delivered
107754,2025-01-19,C6592,Dadar Darbar,Biryani,1427,78,4.0,Credit Card,Mumbai - Thane,Delivered
107755,2025-12-15,C8685,Vashi Veg Corner,Pizza,441,73,2.9,Cash,Mumbai - Chembur,Cancelled
107756,2025-02-26,C7943,Powai Plates,North Indian,994,52,2.6,Wallet,Mumbai - Borivali,Delivered
107757,2025-06-18,C5297,Malad Food Hub,Biryani,528,69,2.8,Wallet,Mumbai - Bandra,Delivered
107758,2026-01-11,C2177,Dadar Darbar,Burger,1121,56,3.4,UPI,Mumbai - Vashi,Cancelled
107759,2025-06-01,C5035,Malad Food Hub,Burger,1523,67,4.4,Credit Card,Mumbai - Vashi,Delayed
107760,2025-04-26,C2450,Andheri Kitchen,North Indian,176,26,4.2,Wallet,Mumbai - Andheri,Delivered
107761,2025-11-24,C3940,Thane Treats,North Indian,1112,29,2.7,Cash,Mumbai - Ghatkopar,Delivered
107762,2025-03-11,C2997,Powai Plates,Beverages,176,67,3.2,Debit Card,Mumbai - Kurla,Delivered
107763,2026-05-29,C3769,Powai Plates,North Indian,1676,72,3.7,Debit Card,Mumbai - Malad,Delivered
107764,2025-12-06,C3280,Andheri Kitchen,Desserts,854,16,4.8,Debit Card,Mumbai - Ghatkopar,Delivered
107765,2025-09-07,C3028,Bandra Bites,Beverages,390,46,3.9,Cash,Mumbai - Andheri,Delayed
107766,2026-02-06,C6555,Mumbai Tadka,Beverages,719,85,2.7,Cash,Mumbai - Thane,Cancelled
107767,2025-04-15,C5679,Dadar Darbar,Pizza,1531,50,2.9,Cash,Mumbai - Malad,Delivered
107768,2026-05-30,C7636,Chembur Spice House,Beverages,1284,73,3.0,Debit Card,Mumbai - Thane,Delivered
107769,2025-01-14,C1444,Malad Food Hub,Beverages,973,55,3.5,Credit Card,Mumbai - Malad,Delayed
107770,2026-03-25,C4370,Chembur Spice House,North Indian,748,26,3.2,Credit Card,Mumbai - Chembur,Delivered
107771,2026-06-02,C1908,Thane Treats,Burger,775,37,4.7,Cash,Mumbai - Kurla,Cancelled
107772,2025-05-11,C7734,Malad Food Hub,Pizza,148,77,3.2,Cash,Mumbai - Thane,Delivered
107773,2026-03-17,C5998,Ghatkopar Grill,Healthy Food,508,85,4.8,Cash,Mumbai - Dadar,Delivered
107774,2025-01-13,C6632,Powai Plates,Healthy Food,557,34,3.9,Wallet,Mumbai - Bandra,Delivered
107775,2026-06-21,C8869,Powai Plates,South Indian,1479,21,3.9,Debit Card,Mumbai - Borivali,Delivered
107776,2025-07-24,C1402,Mumbai Tadka,North Indian,665,73,4.7,Wallet,Mumbai - Powai,Delivered
107777,2025-09-12,C1976,Borivali Bistro,Beverages,168,73,4.7,UPI,Mumbai - Powai,Cancelled
107778,2025-04-15,C5728,Dadar Darbar,Pizza,453,30,2.7,Debit Card,Mumbai - Ghatkopar,Delivered
107779,2025-08-05,C3466,Mumbai Tadka,Chinese,1210,56,4.4,UPI,Mumbai - Chembur,Delivered
107780,2025-10-05,C5597,Andheri Kitchen,South Indian,1483,70,3.3,UPI,Mumbai - Powai,Cancelled
107781,2026-03-16,C2468,Andheri Kitchen,Healthy Food,1121,46,5.0,Wallet,Mumbai - Chembur,Delivered
107782,2025-05-21,C3927,Vashi Veg Corner,Pizza,269,20,2.9,UPI,Mumbai - Kurla,Delivered
107783,2025-05-04,C1801,Colaba Cafe,Beverages,1672,20,3.8,Wallet,Mumbai - Ghatkopar,Delayed
107784,2025-07-19,C7594,Mumbai Tadka,Biryani,1781,66,3.0,Cash,Mumbai - Kurla,Delayed
107785,2025-05-21,C9864,Andheri Kitchen,Pizza,1032,34,3.9,Wallet,Mumbai - Ghatkopar,Delivered
107786,2025-09-26,C1342,Thane Treats,Healthy Food,302,62,4.0,Credit Card,Mumbai - Ghatkopar,Cancelled
107787,2026-05-14,C3044,Dadar Darbar,Desserts,1065,76,3.2,UPI,Mumbai - Andheri,Delayed
107788,2025-03-01,C8360,Ghatkopar Grill,Healthy Food,345,83,3.1,Credit Card,Mumbai - Mulund,Cancelled
107789,2025-05-24,C5418,Borivali Bistro,Pizza,1378,24,3.5,Cash,Mumbai - Andheri,Delayed
107790,2025-03-10,C1877,Marine Drive Meals,South Indian,1159,47,2.7,Wallet,Mumbai - Dadar,Delivered
107791,2025-05-19,C2836,Thane Treats,Desserts,1500,85,2.7,Wallet,Mumbai - Chembur,Delivered
107792,2025-07-08,C9787,Borivali Bistro,South Indian,521,35,3.2,Wallet,Mumbai - Colaba,Delivered
107793,2025-04-21,C7805,Andheri Kitchen,Burger,126,47,2.7,Wallet,Mumbai - Malad,Cancelled
107794,2026-06-05,C1263,Colaba Cafe,North Indian,109,16,3.1,Cash,Mumbai - Ghatkopar,Delivered
107795,2025-10-30,C1665,Kurla Kitchen,Burger,694,17,3.1,UPI,Mumbai - Thane,Delivered
107796,2025-02-24,C6972,Malad Food Hub,Desserts,1022,28,2.8,UPI,Mumbai - Chembur,Delivered
107797,2025-05-25,C6564,Thane Treats,South Indian,679,57,2.9,Debit Card,Mumbai - Powai,Delivered
107798,2026-06-22,C6760,Borivali Bistro,Desserts,973,71,4.4,Credit Card,Mumbai - Bandra,Delivered
107799,2025-04-18,C4624,Powai Plates,North Indian,1563,62,3.7,Debit Card,Mumbai - Powai,Delivered
107800,2025-11-05,C4815,Marine Drive Meals,Biryani,1169,66,3.1,UPI,Mumbai - Kurla,Delivered
107801,2025-04-05,C3401,Mumbai Tadka,Beverages,848,52,2.9,Wallet,Mumbai - Thane,Delayed
107802,2026-06-15,C3947,Thane Treats,Burger,1598,15,4.5,Cash,Mumbai - Colaba,Delayed
107803,2026-04-26,C8902,Bandra Bites,Healthy Food,1150,84,3.6,Credit Card,Mumbai - Mulund,Delayed
107804,2026-04-23,C2298,Colaba Cafe,Desserts,497,43,4.1,UPI,Mumbai - Mulund,Delayed
107805,2025-08-19,C9129,Vashi Veg Corner,North Indian,615,62,3.1,Cash,Mumbai - Colaba,Cancelled
107806,2026-06-24,C5494,Colaba Cafe,North Indian,857,33,3.9,Cash,Mumbai - Vashi,Delayed
107807,2025-01-16,C3666,Powai Plates,Burger,334,36,2.8,Wallet,Mumbai - Dadar,Delivered
107808,2025-12-19,C1830,Andheri Kitchen,Burger,1386,26,3.3,Cash,Mumbai - Dadar,Delivered
107809,2025-04-09,C5237,Malad Food Hub,North Indian,1165,37,3.3,Wallet,Mumbai - Ghatkopar,Delivered
107810,2025-12-03,C4809,Vashi Veg Corner,Chinese,657,55,4.0,Wallet,Mumbai - Dadar,Delivered
107811,2026-05-24,C1304,Andheri Kitchen,Healthy Food,661,84,3.6,Debit Card,Mumbai - Colaba,Cancelled
107812,2025-05-05,C6777,Kurla Kitchen,Healthy Food,1714,66,4.1,Cash,Mumbai - Dadar,Delivered
107813,2025-09-24,C9843,Malad Food Hub,Biryani,1272,47,4.6,Credit Card,Mumbai - Malad,Cancelled
107814,2026-05-08,C6701,Vashi Veg Corner,South Indian,1156,45,2.7,Cash,Mumbai - Chembur,Delayed
107815,2026-03-21,C7924,Chembur Spice House,Chinese,1044,54,4.8,UPI,Mumbai - Thane,Delivered
107816,2026-01-20,C4267,Powai Plates,Biryani,1570,22,4.6,Credit Card,Mumbai - Thane,Delivered
107817,2026-05-23,C4969,Ghatkopar Grill,North Indian,784,67,2.8,Credit Card,Mumbai - Ghatkopar,Delivered
107818,2025-12-26,C7319,Vashi Veg Corner,South Indian,530,18,2.8,Wallet,Mumbai - Bandra,Delayed
107819,2025-09-10,C1853,Chembur Spice House,Beverages,154,28,3.3,Cash,Mumbai - Thane,Delivered
107820,2025-07-11,C4501,Chembur Spice House,Beverages,922,59,4.0,Cash,Mumbai - Colaba,Delayed
107821,2026-03-15,C2748,Colaba Cafe,Healthy Food,1224,26,2.9,Wallet,Mumbai - Colaba,Delivered
107822,2025-10-16,C2115,Powai Plates,North Indian,231,43,4.1,Credit Card,Mumbai - Bandra,Delivered
107823,2025-02-02,C7654,Chembur Spice House,Pizza,1692,81,4.4,UPI,Mumbai - Colaba,Delivered
107824,2025-10-06,C3744,Colaba Cafe,South Indian,848,42,2.8,Credit Card,Mumbai - Kurla,Delivered
107825,2025-01-12,C3172,Andheri Kitchen,Pizza,324,27,3.5,Cash,Mumbai - Borivali,Delayed
107826,2025-06-17,C3275,Dadar Darbar,South Indian,1760,61,3.3,Credit Card,Mumbai - Kurla,Delayed
107827,2025-01-01,C3279,Marine Drive Meals,Healthy Food,1312,15,2.9,Cash,Mumbai - Colaba,Delayed
107828,2025-09-12,C9024,Colaba Cafe,Pizza,362,17,4.5,UPI,Mumbai - Bandra,Delivered
107829,2025-11-14,C4231,Colaba Cafe,North Indian,550,46,4.8,Cash,Mumbai - Borivali,Cancelled
107830,2026-05-10,C3418,Mumbai Tadka,South Indian,475,51,3.0,Wallet,Mumbai - Borivali,Delayed
107831,2025-07-06,C3831,Marine Drive Meals,Biryani,310,59,3.7,Wallet,Mumbai - Dadar,Delayed
107832,2025-05-23,C4804,Borivali Bistro,North Indian,916,30,4.9,Credit Card,Mumbai - Bandra,Delivered
107833,2025-03-31,C8247,Colaba Cafe,Biryani,426,84,4.6,Credit Card,Mumbai - Malad,Cancelled
107834,2025-03-25,C4977,Thane Treats,Beverages,164,38,3.8,Cash,Mumbai - Ghatkopar,Cancelled
107835,2025-01-14,C3426,Chembur Spice House,Pizza,647,71,3.0,Cash,Mumbai - Ghatkopar,Delivered
107836,2026-02-25,C8704,Bandra Bites,North Indian,975,22,3.8,Wallet,Mumbai - Colaba,Delivered
107837,2025-09-21,C7663,Chembur Spice House,Chinese,824,84,2.6,Credit Card,Mumbai - Mulund,Cancelled
107838,2026-04-13,C1954,Colaba Cafe,Beverages,1371,85,4.0,Debit Card,Mumbai - Malad,Cancelled
107839,2025-12-28,C2900,Marine Drive Meals,Healthy Food,472,76,4.7,Cash,Mumbai - Borivali,Cancelled
107840,2026-02-28,C4718,Marine Drive Meals,Desserts,1470,51,5.0,Credit Card,Mumbai - Powai,Cancelled
107841,2025-04-27,C2043,Bandra Bites,Healthy Food,1192,66,3.6,Debit Card,Mumbai - Powai,Delivered
107842,2025-06-09,C4075,Dadar Darbar,North Indian,1525,84,3.2,Cash,Mumbai - Kurla,Cancelled
107843,2026-02-11,C6667,Malad Food Hub,North Indian,1306,39,3.0,Cash,Mumbai - Vashi,Delivered
107844,2025-05-20,C7449,Andheri Kitchen,North Indian,1318,33,3.0,Cash,Mumbai - Thane,Delivered
107845,2025-10-23,C7035,Borivali Bistro,Burger,365,18,4.1,Wallet,Mumbai - Chembur,Delayed
107846,2025-02-15,C6706,Powai Plates,Biryani,685,74,3.9,Credit Card,Mumbai - Colaba,Delayed
107847,2025-01-28,C5764,Mumbai Tadka,Desserts,821,42,3.3,Credit Card,Mumbai - Powai,Delivered
107848,2026-04-13,C8635,Chembur Spice House,North Indian,161,31,2.6,Cash,Mumbai - Chembur,Delivered
107849,2026-02-25,C9257,Bandra Bites,Burger,1314,80,2.6,UPI,Mumbai - Dadar,Cancelled
107850,2026-01-01,C6583,Powai Plates,North Indian,965,28,4.3,Debit Card,Mumbai - Andheri,Delivered
107851,2025-12-07,C8803,Mumbai Tadka,North Indian,326,82,3.1,Wallet,Mumbai - Ghatkopar,Delivered
107852,2025-11-02,C4377,Kurla Kitchen,South Indian,1069,33,4.3,Debit Card,Mumbai - Mulund,Cancelled
107853,2025-08-27,C7660,Marine Drive Meals,North Indian,648,41,3.4,UPI,Mumbai - Thane,Delivered
107854,2025-08-27,C3330,Ghatkopar Grill,Biryani,1393,80,3.8,Wallet,Mumbai - Andheri,Delayed
107855,2025-09-09,C5265,Malad Food Hub,Biryani,846,40,3.5,Debit Card,Mumbai - Borivali,Delivered
107856,2025-01-04,C9848,Thane Treats,South Indian,882,78,4.7,Wallet,Mumbai - Dadar,Delivered
107857,2026-05-22,C8316,Marine Drive Meals,Chinese,1162,76,3.5,Debit Card,Mumbai - Chembur,Delivered
107858,2025-05-17,C8861,Colaba Cafe,Beverages,539,33,4.5,Credit Card,Mumbai - Malad,Delayed
107859,2025-01-13,C1364,Chembur Spice House,Beverages,519,50,3.7,Debit Card,Mumbai - Vashi,Delivered
107860,2025-06-15,C4668,Chembur Spice House,Biryani,1611,36,3.3,UPI,Mumbai - Vashi,Delivered
107861,2026-04-12,C7911,Chembur Spice House,South Indian,492,65,3.6,Debit Card,Mumbai - Malad,Cancelled
107862,2026-02-24,C8652,Colaba Cafe,Healthy Food,983,43,3.1,UPI,Mumbai - Colaba,Delivered
107863,2025-02-06,C3919,Vashi Veg Corner,Healthy Food,1066,83,3.7,Credit Card,Mumbai - Powai,Delivered
107864,2026-02-04,C3288,Andheri Kitchen,Beverages,1258,60,3.4,Debit Card,Mumbai - Mulund,Delivered
107865,2025-02-08,C2553,Vashi Veg Corner,North Indian,1113,15,4.4,Wallet,Mumbai - Thane,Cancelled
107866,2025-10-31,C1351,Mumbai Tadka,Biryani,579,73,3.7,Wallet,Mumbai - Vashi,Delivered
107867,2025-12-17,C3635,Marine Drive Meals,South Indian,475,46,4.4,Wallet,Mumbai - Ghatkopar,Delivered
107868,2025-01-29,C4558,Colaba Cafe,Beverages,908,29,4.3,Wallet,Mumbai - Colaba,Delivered
107869,2025-01-20,C8657,Andheri Kitchen,Biryani,1644,34,3.7,Wallet,Mumbai - Borivali,Delivered
107870,2026-05-17,C7144,Colaba Cafe,Burger,965,73,3.6,UPI,Mumbai - Bandra,Delivered
107871,2025-04-24,C4111,Colaba Cafe,Desserts,346,84,4.1,Cash,Mumbai - Mulund,Delayed
107872,2025-09-04,C9197,Ghatkopar Grill,Pizza,162,85,2.7,Credit Card,Mumbai - Vashi,Delivered
107873,2025-03-16,C9811,Ghatkopar Grill,Biryani,970,73,3.9,UPI,Mumbai - Kurla,Delivered
107874,2026-04-13,C8098,Thane Treats,Desserts,1503,25,4.4,UPI,Mumbai - Borivali,Delivered
107875,2026-01-13,C5608,Powai Plates,Healthy Food,1167,59,3.2,UPI,Mumbai - Thane,Delivered
107876,2025-06-10,C9614,Kurla Kitchen,Desserts,1663,79,3.4,Cash,Mumbai - Powai,Cancelled
107877,2025-07-09,C5931,Vashi Veg Corner,Pizza,167,66,4.0,Cash,Mumbai - Borivali,Delivered
107878,2026-04-23,C1855,Kurla Kitchen,Biryani,754,61,4.8,Cash,Mumbai - Ghatkopar,Delivered
107879,2026-06-25,C9599,Dadar Darbar,South Indian,1387,40,2.6,Wallet,Mumbai - Ghatkopar,Delayed
107880,2025-12-31,C7608,Bandra Bites,Healthy Food,1256,31,4.7,Debit Card,Mumbai - Andheri,Delayed
107881,2026-01-04,C9006,Ghatkopar Grill,South Indian,1226,53,4.6,Cash,Mumbai - Malad,Cancelled
107882,2026-04-04,C1262,Mumbai Tadka,Beverages,1236,67,3.5,UPI,Mumbai - Kurla,Delivered
107883,2025-04-10,C3604,Bandra Bites,Pizza,1567,42,3.5,Debit Card,Mumbai - Dadar,Delivered
107884,2025-01-19,C1567,Thane Treats,Chinese,1144,54,4.0,UPI,Mumbai - Bandra,Delayed
107885,2026-06-05,C5877,Mumbai Tadka,Burger,674,16,3.1,Cash,Mumbai - Andheri,Cancelled
107886,2026-01-28,C7730,Colaba Cafe,North Indian,1254,74,3.2,Cash,Mumbai - Thane,Delivered
107887,2025-12-31,C4676,Thane Treats,Burger,1175,36,3.1,Wallet,Mumbai - Chembur,Delayed
107888,2025-06-19,C5074,Ghatkopar Grill,North Indian,209,53,2.9,Wallet,Mumbai - Vashi,Delivered
107889,2025-06-20,C4377,Kurla Kitchen,South Indian,509,36,4.9,Debit Card,Mumbai - Chembur,Cancelled
107890,2025-01-25,C9850,Chembur Spice House,South Indian,932,83,2.7,Wallet,Mumbai - Kurla,Delayed
107891,2025-07-29,C4998,Kurla Kitchen,Biryani,955,52,4.3,Debit Card,Mumbai - Andheri,Cancelled
107892,2025-02-21,C4848,Vashi Veg Corner,North Indian,251,26,3.2,Credit Card,Mumbai - Thane,Delivered
107893,2026-05-14,C4181,Ghatkopar Grill,Pizza,1176,64,3.2,Debit Card,Mumbai - Powai,Cancelled
107894,2025-10-01,C5897,Powai Plates,Biryani,1622,20,2.8,Debit Card,Mumbai - Mulund,Delayed
107895,2025-12-26,C7239,Powai Plates,South Indian,131,79,2.9,Debit Card,Mumbai - Chembur,Delivered
107896,2026-01-19,C1290,Vashi Veg Corner,North Indian,1151,23,4.7,UPI,Mumbai - Dadar,Delivered
107897,2025-06-01,C6403,Thane Treats,Desserts,471,34,3.8,Credit Card,Mumbai - Mulund,Delivered
107898,2025-06-30,C9903,Borivali Bistro,Beverages,1356,20,4.8,Credit Card,Mumbai - Malad,Cancelled
107899,2025-02-12,C5888,Malad Food Hub,Biryani,156,42,5.0,Debit Card,Mumbai - Colaba,Delivered
107900,2025-02-03,C3674,Ghatkopar Grill,Biryani,1168,49,4.6,Wallet,Mumbai - Bandra,Delivered
107901,2025-06-14,C6182,Dadar Darbar,South Indian,372,28,3.2,Credit Card,Mumbai - Mulund,Cancelled
107902,2026-02-25,C5246,Bandra Bites,North Indian,1737,52,3.0,UPI,Mumbai - Malad,Delivered
107903,2026-01-14,C4599,Marine Drive Meals,South Indian,520,39,2.9,Wallet,Mumbai - Chembur,Delivered
107904,2025-12-23,C8508,Malad Food Hub,Beverages,479,29,3.4,Wallet,Mumbai - Chembur,Delivered
107905,2026-06-07,C2977,Powai Plates,Desserts,223,71,3.3,Cash,Mumbai - Borivali,Delivered
107906,2025-07-22,C2149,Chembur Spice House,Burger,1376,45,4.7,Wallet,Mumbai - Ghatkopar,Delivered
107907,2025-02-11,C8241,Mumbai Tadka,Beverages,1797,64,4.4,Wallet,Mumbai - Ghatkopar,Delivered
107908,2025-06-26,C6772,Vashi Veg Corner,South Indian,127,77,4.7,UPI,Mumbai - Kurla,Delivered
107909,2025-03-04,C8407,Kurla Kitchen,Pizza,965,46,4.5,Wallet,Mumbai - Kurla,Delayed
107910,2025-05-23,C2707,Chembur Spice House,Burger,185,80,3.3,Credit Card,Mumbai - Kurla,Delivered
107911,2025-06-27,C2367,Kurla Kitchen,North Indian,1316,38,2.7,Debit Card,Mumbai - Ghatkopar,Delivered
107912,2025-03-15,C4553,Colaba Cafe,Healthy Food,1122,38,3.2,UPI,Mumbai - Dadar,Delivered
107913,2025-11-17,C6196,Andheri Kitchen,Chinese,109,70,3.8,Credit Card,Mumbai - Borivali,Cancelled
107914,2026-01-15,C1382,Vashi Veg Corner,North Indian,100,82,5.0,Credit Card,Mumbai - Thane,Delayed
107915,2025-12-03,C1185,Bandra Bites,Beverages,1375,15,4.7,Debit Card,Mumbai - Mulund,Delivered
107916,2025-01-18,C2294,Colaba Cafe,Desserts,1395,46,4.7,Wallet,Mumbai - Bandra,Delivered
107917,2026-02-17,C1169,Thane Treats,Pizza,1539,16,2.9,Debit Card,Mumbai - Thane,Cancelled
107918,2025-03-24,C1993,Dadar Darbar,South Indian,323,37,4.2,Cash,Mumbai - Malad,Delivered
107919,2025-08-25,C1892,Chembur Spice House,South Indian,1660,16,2.6,Debit Card,Mumbai - Dadar,Delayed
107920,2025-01-11,C3370,Bandra Bites,Biryani,1138,19,4.6,Credit Card,Mumbai - Kurla,Delivered
107921,2025-08-31,C6292,Colaba Cafe,North Indian,928,72,4.6,Debit Card,Mumbai - Kurla,Delivered
107922,2026-04-20,C8131,Kurla Kitchen,Biryani,1783,33,4.4,Cash,Mumbai - Kurla,Delivered
107923,2025-01-04,C4797,Chembur Spice House,Biryani,406,52,3.0,UPI,Mumbai - Andheri,Delivered
107924,2025-01-07,C7375,Thane Treats,North Indian,728,17,4.6,Cash,Mumbai - Ghatkopar,Delayed
107925,2026-01-22,C9735,Borivali Bistro,Desserts,300,68,2.8,Credit Card,Mumbai - Chembur,Cancelled
107926,2025-06-07,C5467,Ghatkopar Grill,Biryani,1076,53,3.4,UPI,Mumbai - Andheri,Cancelled
107927,2025-09-16,C2632,Marine Drive Meals,Pizza,995,67,4.8,Wallet,Mumbai - Thane,Delivered
107928,2025-07-03,C7927,Andheri Kitchen,Chinese,1467,79,2.6,UPI,Mumbai - Kurla,Delivered
107929,2026-02-17,C9062,Vashi Veg Corner,Biryani,108,37,3.9,Cash,Mumbai - Thane,Delivered
107930,2025-10-22,C4871,Borivali Bistro,South Indian,559,79,2.9,Cash,Mumbai - Colaba,Cancelled
107931,2025-05-13,C3951,Ghatkopar Grill,North Indian,414,53,2.6,Credit Card,Mumbai - Kurla,Delivered
107932,2025-02-15,C4422,Powai Plates,Burger,1404,65,4.9,UPI,Mumbai - Borivali,Delayed
107933,2025-05-03,C4705,Mumbai Tadka,Pizza,1202,48,4.3,Cash,Mumbai - Andheri,Cancelled
107934,2025-08-24,C3094,Thane Treats,South Indian,134,64,2.7,Wallet,Mumbai - Kurla,Delivered
107935,2025-01-08,C3655,Malad Food Hub,North Indian,1096,78,4.7,Cash,Mumbai - Kurla,Delivered
107936,2025-05-10,C8673,Dadar Darbar,Burger,747,28,4.0,Wallet,Mumbai - Borivali,Delivered
107937,2025-01-07,C6642,Malad Food Hub,Beverages,142,44,4.5,UPI,Mumbai - Powai,Delayed
107938,2025-08-30,C3391,Borivali Bistro,Pizza,224,27,2.8,UPI,Mumbai - Malad,Delivered
107939,2026-06-20,C1178,Andheri Kitchen,Healthy Food,804,18,2.8,Credit Card,Mumbai - Powai,Delivered
107940,2026-01-04,C5994,Borivali Bistro,South Indian,1440,29,3.0,UPI,Mumbai - Malad,Delivered
107941,2026-01-10,C2011,Mumbai Tadka,Chinese,1153,21,4.1,Cash,Mumbai - Ghatkopar,Delivered
107942,2025-11-28,C2540,Chembur Spice House,Burger,216,19,4.5,Debit Card,Mumbai - Powai,Delivered
107943,2025-05-13,C9337,Ghatkopar Grill,Biryani,1276,74,2.8,Credit Card,Mumbai - Ghatkopar,Delivered
107944,2025-03-21,C4611,Dadar Darbar,South Indian,794,45,3.3,Credit Card,Mumbai - Chembur,Delivered
107945,2025-07-26,C9272,Andheri Kitchen,Chinese,285,72,4.4,Cash,Mumbai - Malad,Delayed
107946,2025-06-11,C1085,Kurla Kitchen,Burger,1552,33,3.5,Wallet,Mumbai - Chembur,Delivered
107947,2026-03-14,C7002,Bandra Bites,Pizza,410,67,4.0,Credit Card,Mumbai - Borivali,Delivered
107948,2026-03-30,C3138,Marine Drive Meals,Chinese,1493,74,4.6,Cash,Mumbai - Andheri,Cancelled
107949,2025-05-21,C6863,Malad Food Hub,Burger,277,67,3.7,Wallet,Mumbai - Kurla,Delivered
107950,2025-07-22,C4246,Mumbai Tadka,Biryani,1444,26,3.5,Debit Card,Mumbai - Mulund,Delayed
107951,2025-07-15,C7329,Mumbai Tadka,South Indian,1129,28,4.2,UPI,Mumbai - Kurla,Delivered
107952,2025-11-20,C1371,Andheri Kitchen,Burger,597,73,2.7,Wallet,Mumbai - Chembur,Cancelled
107953,2025-05-14,C7244,Thane Treats,Desserts,516,59,4.2,Credit Card,Mumbai - Andheri,Cancelled
107954,2025-01-17,C4323,Bandra Bites,Burger,1610,72,4.2,Credit Card,Mumbai - Bandra,Delivered
107955,2025-02-16,C9251,Chembur Spice House,Healthy Food,1148,63,3.5,Debit Card,Mumbai - Kurla,Delivered
107956,2025-02-08,C9323,Andheri Kitchen,Healthy Food,1702,24,3.2,Wallet,Mumbai - Andheri,Cancelled
107957,2026-05-08,C9613,Borivali Bistro,North Indian,597,25,4.3,Debit Card,Mumbai - Colaba,Delivered
107958,2026-01-20,C3912,Colaba Cafe,Pizza,1662,31,2.8,Cash,Mumbai - Kurla,Delivered
107959,2026-05-12,C5495,Colaba Cafe,North Indian,1167,41,3.4,Credit Card,Mumbai - Ghatkopar,Delivered
107960,2025-09-15,C5323,Borivali Bistro,Biryani,1603,58,4.9,Credit Card,Mumbai - Mulund,Delivered
107961,2025-08-26,C5094,Borivali Bistro,Beverages,766,23,4.6,Credit Card,Mumbai - Ghatkopar,Cancelled
107962,2025-09-06,C3378,Andheri Kitchen,Burger,1686,25,4.1,Credit Card,Mumbai - Ghatkopar,Delivered
107963,2025-12-10,C8566,Vashi Veg Corner,Healthy Food,1303,70,2.9,Cash,Mumbai - Kurla,Delivered
107964,2025-01-14,C3072,Malad Food Hub,Pizza,434,20,3.6,Cash,Mumbai - Bandra,Delivered
107965,2026-06-07,C2053,Colaba Cafe,Biryani,1070,33,3.0,Debit Card,Mumbai - Powai,Cancelled
107966,2025-08-16,C1059,Powai Plates,Burger,1597,83,4.8,Credit Card,Mumbai - Mulund,Delivered
107967,2025-10-13,C8549,Dadar Darbar,Biryani,1307,37,4.6,UPI,Mumbai - Mulund,Delivered
107968,2025-07-14,C3032,Powai Plates,South Indian,1401,19,4.1,Credit Card,Mumbai - Powai,Cancelled
107969,2026-04-08,C5762,Malad Food Hub,Beverages,728,71,2.6,UPI,Mumbai - Malad,Delivered
107970,2025-01-09,C5915,Colaba Cafe,Chinese,1293,51,3.7,Wallet,Mumbai - Borivali,Cancelled
107971,2026-03-05,C2006,Malad Food Hub,Pizza,382,35,4.0,Credit Card,Mumbai - Borivali,Delivered
107972,2025-10-13,C3342,Borivali Bistro,North Indian,1070,46,4.3,Wallet,Mumbai - Borivali,Delivered
107973,2025-06-01,C9642,Powai Plates,North Indian,1216,63,3.2,Credit Card,Mumbai - Andheri,Cancelled
107974,2025-12-15,C5095,Kurla Kitchen,Desserts,1361,46,3.8,Cash,Mumbai - Ghatkopar,Delayed
107975,2026-02-19,C2832,Dadar Darbar,Pizza,1042,85,3.7,Credit Card,Mumbai - Vashi,Delivered
107976,2025-04-28,C8337,Mumbai Tadka,Chinese,1218,60,5.0,Credit Card,Mumbai - Powai,Delivered
107977,2025-04-01,C3894,Chembur Spice House,Desserts,1105,20,5.0,UPI,Mumbai - Colaba,Cancelled
107978,2025-06-10,C7135,Bandra Bites,Biryani,1514,44,3.1,UPI,Mumbai - Kurla,Cancelled
107979,2026-03-20,C8482,Thane Treats,Healthy Food,185,16,2.8,Credit Card,Mumbai - Andheri,Cancelled
107980,2025-09-19,C3866,Thane Treats,South Indian,1111,64,2.7,Credit Card,Mumbai - Andheri,Cancelled
107981,2025-07-31,C8368,Colaba Cafe,Biryani,910,68,2.9,Debit Card,Mumbai - Powai,Delivered
107982,2025-05-12,C8635,Dadar Darbar,Beverages,1647,53,4.5,Credit Card,Mumbai - Powai,Delivered
107983,2026-04-19,C4545,Marine Drive Meals,Burger,204,59,2.6,UPI,Mumbai - Andheri,Delivered
107984,2025-04-24,C6653,Marine Drive Meals,Biryani,1007,32,4.6,Wallet,Mumbai - Bandra,Cancelled
107985,2025-12-22,C6162,Chembur Spice House,South Indian,525,72,2.8,UPI,Mumbai - Borivali,Delayed
107986,2025-06-24,C6029,Bandra Bites,Chinese,343,48,3.6,UPI,Mumbai - Ghatkopar,Delayed
107987,2025-01-15,C5127,Marine Drive Meals,Healthy Food,1671,20,3.3,Wallet,Mumbai - Dadar,Delivered
107988,2025-01-09,C1637,Kurla Kitchen,South Indian,1291,71,2.5,Cash,Mumbai - Vashi,Delayed
107989,2025-10-01,C3819,Bandra Bites,Burger,927,26,3.5,Debit Card,Mumbai - Vashi,Delivered
107990,2025-03-21,C3691,Malad Food Hub,Burger,953,48,3.4,Wallet,Mumbai - Mulund,Cancelled
107991,2025-04-18,C8736,Ghatkopar Grill,South Indian,1582,78,4.3,UPI,Mumbai - Malad,Delivered
107992,2025-07-03,C4033,Marine Drive Meals,Chinese,287,76,4.6,Wallet,Mumbai - Mulund,Cancelled
107993,2026-04-13,C4712,Vashi Veg Corner,Healthy Food,266,69,2.9,Credit Card,Mumbai - Mulund,Delayed
107994,2025-10-28,C7593,Malad Food Hub,South Indian,724,51,4.9,Wallet,Mumbai - Ghatkopar,Delivered
107995,2025-01-24,C6041,Dadar Darbar,Burger,435,43,3.8,Credit Card,Mumbai - Vashi,Delivered
107996,2026-02-25,C3052,Bandra Bites,Burger,1203,26,2.7,UPI,Mumbai - Mulund,Cancelled
107997,2026-03-12,C7913,Bandra Bites,North Indian,1010,22,4.7,UPI,Mumbai - Bandra,Delivered
107998,2025-08-03,C4946,Ghatkopar Grill,North Indian,1738,74,4.0,Credit Card,Mumbai - Bandra,Delivered
107999,2026-01-08,C5720,Vashi Veg Corner,Desserts,205,61,2.8,Cash,Mumbai - Dadar,Delivered
108000,2026-01-15,C2679,Mumbai Tadka,Chinese,522,38,3.2,Wallet,Mumbai - Ghatkopar,Delivered
108001,2025-11-06,C5417,Ghatkopar Grill,Burger,111,32,2.6,Credit Card,Mumbai - Andheri,Delayed
108002,2025-07-30,C9665,Andheri Kitchen,Healthy Food,1780,80,3.6,Debit Card,Mumbai - Ghatkopar,Delivered
108003,2025-06-24,C4257,Borivali Bistro,South Indian,515,21,2.5,Wallet,Mumbai - Colaba,Delivered
108004,2026-02-08,C8892,Powai Plates,North Indian,691,81,4.6,Debit Card,Mumbai - Kurla,Delayed
108005,2025-03-16,C6169,Chembur Spice House,Beverages,1769,38,4.5,Debit Card,Mumbai - Malad,Delivered
108006,2025-12-16,C2417,Powai Plates,Healthy Food,1369,52,2.7,Credit Card,Mumbai - Malad,Delivered
108007,2025-07-14,C7257,Colaba Cafe,North Indian,1145,44,2.9,Debit Card,Mumbai - Bandra,Delayed
108008,2025-12-24,C7011,Andheri Kitchen,South Indian,1428,60,3.7,Cash,Mumbai - Chembur,Delayed
108009,2026-01-14,C5354,Kurla Kitchen,South Indian,359,68,4.1,Credit Card,Mumbai - Vashi,Cancelled
108010,2025-11-03,C5190,Colaba Cafe,South Indian,611,65,4.4,UPI,Mumbai - Malad,Delivered
108011,2026-05-18,C9394,Ghatkopar Grill,Healthy Food,618,81,4.2,Wallet,Mumbai - Andheri,Delayed
108012,2025-09-07,C3651,Andheri Kitchen,Pizza,940,83,4.7,UPI,Mumbai - Malad,Delivered
108013,2025-07-14,C7352,Borivali Bistro,Beverages,1474,28,2.7,Credit Card,Mumbai - Dadar,Delivered
108014,2025-04-26,C4420,Dadar Darbar,South Indian,1524,62,3.7,Credit Card,Mumbai - Andheri,Delayed
108015,2025-11-27,C2546,Malad Food Hub,Biryani,1618,81,3.6,UPI,Mumbai - Thane,Delivered
108016,2026-06-01,C9197,Bandra Bites,South Indian,484,28,3.2,Credit Card,Mumbai - Powai,Delivered
108017,2026-02-15,C5774,Vashi Veg Corner,North Indian,1615,57,3.5,Cash,Mumbai - Malad,Delayed
108018,2025-05-13,C1302,Chembur Spice House,Burger,1411,70,4.7,Wallet,Mumbai - Bandra,Delivered
108019,2025-02-02,C2660,Mumbai Tadka,South Indian,1159,16,3.5,Debit Card,Mumbai - Dadar,Delivered
108020,2025-06-08,C3877,Mumbai Tadka,Biryani,864,34,4.1,Wallet,Mumbai - Mulund,Delivered
108021,2026-01-11,C4117,Thane Treats,Chinese,1525,31,3.7,Wallet,Mumbai - Mulund,Delivered
108022,2025-11-30,C9659,Thane Treats,Chinese,1653,54,4.5,UPI,Mumbai - Dadar,Cancelled
108023,2026-01-31,C8656,Borivali Bistro,Chinese,348,39,3.4,Credit Card,Mumbai - Powai,Delivered
108024,2025-03-29,C5008,Thane Treats,North Indian,870,64,3.5,Credit Card,Mumbai - Bandra,Cancelled
108025,2025-12-31,C1149,Mumbai Tadka,Chinese,1635,64,4.8,Wallet,Mumbai - Malad,Delivered
108026,2025-09-21,C7869,Colaba Cafe,South Indian,669,29,4.9,Cash,Mumbai - Malad,Delivered
108027,2026-05-05,C5961,Andheri Kitchen,Burger,1738,42,2.5,Wallet,Mumbai - Malad,Delivered
108028,2025-02-26,C7993,Kurla Kitchen,North Indian,846,75,4.4,Cash,Mumbai - Vashi,Delayed
108029,2025-10-06,C2699,Andheri Kitchen,Chinese,463,33,4.2,Wallet,Mumbai - Vashi,Delayed
108030,2025-04-25,C6095,Andheri Kitchen,Healthy Food,473,43,3.8,Credit Card,Mumbai - Chembur,Delivered
108031,2026-02-04,C2865,Malad Food Hub,South Indian,599,77,3.0,UPI,Mumbai - Dadar,Delivered
108032,2025-02-18,C9520,Ghatkopar Grill,North Indian,508,44,3.4,Credit Card,Mumbai - Thane,Delivered
108033,2025-03-16,C1507,Mumbai Tadka,Healthy Food,1086,70,3.6,Wallet,Mumbai - Andheri,Delayed
108034,2026-04-23,C7625,Dadar Darbar,North Indian,1356,59,2.9,Cash,Mumbai - Borivali,Delivered
108035,2025-05-22,C1335,Powai Plates,Healthy Food,633,45,4.0,UPI,Mumbai - Vashi,Cancelled
108036,2026-04-20,C9578,Thane Treats,North Indian,299,16,2.8,Credit Card,Mumbai - Thane,Delivered
108037,2025-02-14,C1528,Kurla Kitchen,Healthy Food,545,33,4.9,UPI,Mumbai - Thane,Delivered
108038,2026-01-02,C7519,Powai Plates,Chinese,264,45,4.4,Credit Card,Mumbai - Malad,Delivered
108039,2025-03-13,C5071,Thane Treats,Chinese,1157,83,3.9,Credit Card,Mumbai - Bandra,Cancelled
108040,2026-06-11,C1010,Bandra Bites,Chinese,1395,60,4.0,Debit Card,Mumbai - Kurla,Cancelled
108041,2026-02-06,C4444,Thane Treats,Beverages,309,48,4.2,Cash,Mumbai - Andheri,Cancelled
108042,2025-10-07,C1787,Mumbai Tadka,Healthy Food,1739,36,3.3,UPI,Mumbai - Mulund,Delivered
108043,2025-01-12,C9669,Thane Treats,Healthy Food,701,55,3.7,Wallet,Mumbai - Colaba,Delayed
108044,2026-03-05,C9552,Ghatkopar Grill,Desserts,364,79,3.5,Wallet,Mumbai - Colaba,Cancelled
108045,2026-05-21,C1155,Andheri Kitchen,Biryani,1638,27,3.9,UPI,Mumbai - Powai,Cancelled
108046,2025-09-05,C3608,Colaba Cafe,South Indian,956,71,3.0,UPI,Mumbai - Chembur,Delivered
108047,2025-12-22,C9771,Chembur Spice House,Pizza,1399,60,3.3,Debit Card,Mumbai - Andheri,Delivered
108048,2025-05-05,C4542,Mumbai Tadka,South Indian,1581,60,3.9,Credit Card,Mumbai - Bandra,Delivered
108049,2025-01-26,C3849,Mumbai Tadka,Desserts,829,45,2.7,Wallet,Mumbai - Mulund,Delivered
108050,2025-05-23,C2256,Vashi Veg Corner,Biryani,1157,46,3.3,Debit Card,Mumbai - Kurla,Delayed
108051,2025-05-27,C8981,Bandra Bites,Burger,361,68,4.2,Credit Card,Mumbai - Andheri,Cancelled
108052,2025-08-11,C3846,Malad Food Hub,Beverages,739,85,4.0,Wallet,Mumbai - Dadar,Delivered
108053,2025-09-01,C2250,Mumbai Tadka,Pizza,1448,36,4.5,Cash,Mumbai - Colaba,Delayed
108054,2025-08-05,C5728,Powai Plates,Pizza,188,27,2.5,Wallet,Mumbai - Andheri,Delivered
108055,2025-08-29,C5555,Bandra Bites,South Indian,1307,83,4.8,Wallet,Mumbai - Powai,Cancelled
108056,2025-10-31,C3694,Mumbai Tadka,Chinese,391,60,3.4,Credit Card,Mumbai - Dadar,Delivered
108057,2025-01-05,C1292,Thane Treats,Chinese,490,38,4.0,Credit Card,Mumbai - Powai,Delivered
108058,2025-12-14,C7359,Vashi Veg Corner,Burger,458,56,2.9,Cash,Mumbai - Powai,Delivered
108059,2026-02-02,C9253,Ghatkopar Grill,Pizza,1300,69,2.8,Wallet,Mumbai - Colaba,Delayed
108060,2025-05-23,C7491,Powai Plates,Desserts,1301,79,3.2,Credit Card,Mumbai - Bandra,Cancelled
108061,2025-03-22,C5602,Thane Treats,North Indian,943,21,4.4,Credit Card,Mumbai - Powai,Delayed
108062,2026-06-03,C7186,Powai Plates,South Indian,500,19,3.8,Debit Card,Mumbai - Andheri,Delivered
108063,2025-09-09,C5780,Powai Plates,Desserts,212,74,4.1,UPI,Mumbai - Vashi,Cancelled
108064,2025-04-12,C4298,Dadar Darbar,Chinese,1022,62,3.4,UPI,Mumbai - Thane,Delayed
108065,2025-05-10,C8535,Ghatkopar Grill,Healthy Food,1364,37,3.7,Debit Card,Mumbai - Borivali,Delivered
108066,2026-04-03,C7974,Ghatkopar Grill,Healthy Food,1561,50,4.7,Wallet,Mumbai - Malad,Delivered
108067,2025-01-13,C7203,Andheri Kitchen,Pizza,1420,83,4.1,Debit Card,Mumbai - Ghatkopar,Delivered
108068,2025-05-01,C9504,Powai Plates,North Indian,1148,53,4.2,Credit Card,Mumbai - Malad,Delivered
108069,2025-04-01,C2541,Borivali Bistro,Desserts,298,60,4.8,Credit Card,Mumbai - Dadar,Cancelled
108070,2025-08-23,C2278,Dadar Darbar,Pizza,1025,69,4.5,UPI,Mumbai - Ghatkopar,Delayed
108071,2025-03-11,C9571,Dadar Darbar,Burger,359,42,2.6,Wallet,Mumbai - Borivali,Delivered
108072,2025-06-01,C4426,Borivali Bistro,Pizza,1131,60,4.5,Credit Card,Mumbai - Thane,Cancelled
108073,2025-10-26,C7611,Bandra Bites,Biryani,941,70,4.8,Wallet,Mumbai - Dadar,Cancelled
108074,2025-09-01,C5309,Borivali Bistro,Biryani,241,55,4.9,Cash,Mumbai - Malad,Delivered
108075,2025-09-26,C1972,Marine Drive Meals,Biryani,246,46,2.7,Cash,Mumbai - Colaba,Delivered
108076,2026-06-07,C3859,Dadar Darbar,Pizza,1497,74,4.8,Cash,Mumbai - Malad,Delayed
108077,2026-06-19,C9558,Thane Treats,Pizza,661,78,4.8,Credit Card,Mumbai - Chembur,Delivered
108078,2025-05-15,C1930,Colaba Cafe,Biryani,1167,28,2.8,Debit Card,Mumbai - Colaba,Delivered
108079,2026-03-28,C5008,Mumbai Tadka,Biryani,380,55,2.9,Cash,Mumbai - Vashi,Delivered
108080,2026-04-07,C1535,Bandra Bites,South Indian,1332,31,4.2,Cash,Mumbai - Mulund,Delivered
108081,2025-09-04,C4675,Dadar Darbar,Healthy Food,1671,43,3.1,Wallet,Mumbai - Vashi,Delivered
108082,2025-08-26,C9050,Thane Treats,Chinese,1418,24,4.0,Wallet,Mumbai - Andheri,Delivered
108083,2025-05-30,C3317,Mumbai Tadka,Biryani,674,30,4.9,Debit Card,Mumbai - Colaba,Delivered
108084,2025-06-11,C3573,Mumbai Tadka,Healthy Food,1035,75,3.9,Credit Card,Mumbai - Borivali,Cancelled
108085,2026-04-11,C5812,Mumbai Tadka,Burger,124,60,4.0,UPI,Mumbai - Colaba,Delivered
108086,2025-10-15,C8341,Bandra Bites,Beverages,1584,23,5.0,Cash,Mumbai - Mulund,Delayed
108087,2025-06-11,C7285,Mumbai Tadka,South Indian,239,48,3.6,Cash,Mumbai - Thane,Cancelled
108088,2025-12-19,C7185,Thane Treats,Desserts,1465,55,3.5,Cash,Mumbai - Dadar,Delayed
108089,2026-05-16,C2717,Powai Plates,Beverages,925,21,3.6,Wallet,Mumbai - Colaba,Cancelled
108090,2026-04-09,C7267,Marine Drive Meals,Beverages,1738,49,3.3,Cash,Mumbai - Bandra,Delayed
108091,2025-01-20,C4187,Chembur Spice House,North Indian,938,57,3.3,Debit Card,Mumbai - Thane,Delivered
108092,2025-09-21,C9807,Chembur Spice House,South Indian,1189,41,4.4,Credit Card,Mumbai - Kurla,Delivered
108093,2025-06-20,C9311,Colaba Cafe,Beverages,823,85,3.9,Credit Card,Mumbai - Dadar,Delivered
108094,2026-04-30,C5650,Vashi Veg Corner,Biryani,1461,30,3.9,Cash,Mumbai - Malad,Delivered
108095,2025-05-10,C9494,Malad Food Hub,North Indian,401,36,2.7,Credit Card,Mumbai - Powai,Delivered
108096,2025-01-19,C8856,Chembur Spice House,Burger,1526,30,3.0,Credit Card,Mumbai - Bandra,Cancelled
108097,2026-05-11,C8482,Powai Plates,Desserts,482,16,4.9,Credit Card,Mumbai - Powai,Delayed
108098,2026-02-12,C6377,Powai Plates,North Indian,690,21,4.1,Cash,Mumbai - Dadar,Delivered
108099,2025-11-29,C3250,Powai Plates,Healthy Food,832,81,2.9,Cash,Mumbai - Chembur,Delayed
108100,2026-03-18,C2896,Vashi Veg Corner,Burger,1225,21,3.8,Credit Card,Mumbai - Ghatkopar,Cancelled
108101,2025-02-03,C6158,Borivali Bistro,Pizza,696,66,4.6,Wallet,Mumbai - Mulund,Delivered
108102,2026-06-22,C1914,Andheri Kitchen,South Indian,725,69,4.4,UPI,Mumbai - Ghatkopar,Cancelled
108103,2025-08-15,C6039,Ghatkopar Grill,Pizza,828,57,4.2,Cash,Mumbai - Kurla,Delayed
108104,2025-08-08,C3239,Colaba Cafe,North Indian,1019,31,4.7,Debit Card,Mumbai - Dadar,Delivered
108105,2025-06-22,C3728,Vashi Veg Corner,North Indian,1105,59,2.7,UPI,Mumbai - Mulund,Delivered
108106,2026-06-15,C5440,Dadar Darbar,Desserts,750,17,4.9,Wallet,Mumbai - Malad,Delivered
108107,2026-05-25,C2977,Vashi Veg Corner,Desserts,1778,64,3.0,Cash,Mumbai - Kurla,Cancelled
108108,2025-04-24,C2348,Andheri Kitchen,Pizza,1690,40,3.1,Debit Card,Mumbai - Bandra,Delivered
108109,2025-12-21,C2242,Vashi Veg Corner,North Indian,1705,67,3.3,Credit Card,Mumbai - Malad,Delayed
108110,2025-02-03,C4894,Bandra Bites,South Indian,1796,56,3.7,Debit Card,Mumbai - Mulund,Delivered
108111,2026-03-21,C7869,Dadar Darbar,Desserts,329,76,4.6,Credit Card,Mumbai - Andheri,Cancelled
108112,2025-09-16,C1532,Thane Treats,Pizza,1113,49,3.1,Credit Card,Mumbai - Kurla,Delivered
108113,2026-04-03,C9826,Powai Plates,Desserts,724,33,3.6,UPI,Mumbai - Chembur,Cancelled
108114,2025-05-10,C3723,Malad Food Hub,Biryani,979,80,4.8,Cash,Mumbai - Andheri,Cancelled
108115,2026-02-06,C5640,Dadar Darbar,Burger,1463,72,4.9,Debit Card,Mumbai - Chembur,Delayed
108116,2025-06-16,C9107,Colaba Cafe,Chinese,156,56,3.9,Credit Card,Mumbai - Dadar,Delivered
108117,2026-03-07,C8385,Powai Plates,Desserts,1515,71,3.1,Cash,Mumbai - Vashi,Delivered
108118,2025-01-13,C1814,Thane Treats,Pizza,149,17,3.3,Credit Card,Mumbai - Kurla,Delayed
108119,2025-07-15,C7930,Ghatkopar Grill,Burger,1009,27,3.4,UPI,Mumbai - Kurla,Delayed
108120,2025-07-09,C3062,Marine Drive Meals,Healthy Food,1125,71,2.8,Cash,Mumbai - Vashi,Delivered
108121,2025-12-28,C5876,Borivali Bistro,North Indian,1112,57,4.6,Wallet,Mumbai - Andheri,Delivered
108122,2025-05-01,C9534,Bandra Bites,North Indian,269,16,4.4,Credit Card,Mumbai - Bandra,Delivered
108123,2026-06-18,C5515,Thane Treats,South Indian,1018,70,4.5,Wallet,Mumbai - Malad,Delivered
108124,2025-11-25,C8947,Powai Plates,Beverages,353,24,3.1,Wallet,Mumbai - Kurla,Delivered
108125,2026-05-11,C4880,Colaba Cafe,Biryani,905,63,3.7,Debit Card,Mumbai - Thane,Delivered
108126,2026-02-25,C2039,Mumbai Tadka,Chinese,165,45,2.6,Debit Card,Mumbai - Vashi,Cancelled
108127,2025-07-02,C6880,Dadar Darbar,Biryani,506,21,2.6,UPI,Mumbai - Dadar,Delivered
108128,2025-08-05,C2608,Borivali Bistro,Burger,872,18,2.7,Wallet,Mumbai - Kurla,Delivered
108129,2025-06-17,C9280,Marine Drive Meals,Beverages,1334,68,2.8,Debit Card,Mumbai - Andheri,Delivered
108130,2025-12-14,C9199,Vashi Veg Corner,South Indian,1544,20,4.8,Credit Card,Mumbai - Borivali,Delayed
108131,2026-06-14,C8441,Vashi Veg Corner,Beverages,159,80,3.4,UPI,Mumbai - Ghatkopar,Delayed
108132,2025-10-24,C7409,Ghatkopar Grill,Pizza,1719,61,3.1,Debit Card,Mumbai - Borivali,Delivered
108133,2025-04-28,C1116,Malad Food Hub,Chinese,1434,78,3.3,Credit Card,Mumbai - Borivali,Cancelled
108134,2026-01-22,C1194,Vashi Veg Corner,Pizza,1055,56,3.4,Debit Card,Mumbai - Malad,Delivered
108135,2025-09-04,C8168,Dadar Darbar,Chinese,1507,21,3.3,Cash,Mumbai - Vashi,Cancelled
108136,2025-12-08,C6846,Malad Food Hub,Burger,201,84,3.9,Cash,Mumbai - Malad,Delivered
108137,2026-03-27,C1805,Chembur Spice House,Chinese,1348,21,3.6,Debit Card,Mumbai - Thane,Cancelled
108138,2026-04-16,C5601,Thane Treats,Biryani,117,76,2.5,Wallet,Mumbai - Thane,Delivered
108139,2026-04-28,C3077,Dadar Darbar,North Indian,924,58,3.8,Debit Card,Mumbai - Colaba,Cancelled
108140,2025-05-15,C4874,Marine Drive Meals,Biryani,370,46,3.6,Credit Card,Mumbai - Kurla,Delivered
108141,2026-03-08,C3888,Vashi Veg Corner,Chinese,966,21,3.5,UPI,Mumbai - Chembur,Delivered
108142,2026-05-16,C9038,Powai Plates,Burger,1031,55,3.9,Wallet,Mumbai - Bandra,Delivered
108143,2025-02-23,C1609,Colaba Cafe,Healthy Food,1765,68,4.4,UPI,Mumbai - Ghatkopar,Cancelled
108144,2026-04-07,C7173,Colaba Cafe,Desserts,978,44,3.2,UPI,Mumbai - Vashi,Cancelled
108145,2025-12-11,C7914,Chembur Spice House,Pizza,465,82,3.7,Wallet,Mumbai - Thane,Delayed
108146,2025-10-21,C6937,Kurla Kitchen,Healthy Food,1341,60,2.5,UPI,Mumbai - Borivali,Delivered
108147,2025-06-21,C2927,Andheri Kitchen,Burger,458,72,2.8,Debit Card,Mumbai - Mulund,Delivered
108148,2026-02-19,C7532,Thane Treats,Healthy Food,1553,57,3.0,Credit Card,Mumbai - Kurla,Delivered
108149,2026-06-05,C6382,Mumbai Tadka,Desserts,1130,73,4.1,UPI,Mumbai - Dadar,Delivered
108150,2025-01-10,C1978,Andheri Kitchen,Beverages,1178,37,3.3,Cash,Mumbai - Bandra,Cancelled
108151,2026-02-18,C5999,Vashi Veg Corner,Pizza,1131,69,4.9,Credit Card,Mumbai - Malad,Delayed
108152,2025-03-20,C1444,Dadar Darbar,South Indian,670,79,3.9,Credit Card,Mumbai - Mulund,Delivered
108153,2025-10-21,C9160,Ghatkopar Grill,Healthy Food,1581,58,2.8,Wallet,Mumbai - Andheri,Delayed
108154,2025-07-14,C8523,Bandra Bites,Chinese,1505,67,4.3,UPI,Mumbai - Colaba,Delayed
108155,2026-05-04,C8152,Powai Plates,Desserts,876,70,3.2,Credit Card,Mumbai - Kurla,Delivered
108156,2025-06-07,C8664,Marine Drive Meals,Desserts,427,79,2.8,Cash,Mumbai - Kurla,Cancelled
108157,2025-11-07,C3531,Powai Plates,Healthy Food,1297,85,3.4,Debit Card,Mumbai - Mulund,Delayed
108158,2025-11-17,C8868,Marine Drive Meals,Beverages,317,38,2.7,Debit Card,Mumbai - Borivali,Delivered
108159,2026-04-13,C5858,Chembur Spice House,Beverages,1324,77,3.9,Credit Card,Mumbai - Borivali,Delivered
108160,2026-03-05,C2920,Thane Treats,Desserts,656,54,4.8,Debit Card,Mumbai - Borivali,Cancelled
108161,2025-01-24,C5325,Ghatkopar Grill,North Indian,769,60,4.4,Debit Card,Mumbai - Dadar,Delivered
108162,2025-05-27,C5492,Bandra Bites,Desserts,1382,38,3.2,Wallet,Mumbai - Mulund,Cancelled
108163,2026-02-20,C3799,Powai Plates,Desserts,1546,77,4.2,Debit Card,Mumbai - Powai,Delayed
108164,2025-06-24,C6546,Chembur Spice House,North Indian,1045,68,4.1,Debit Card,Mumbai - Kurla,Cancelled
108165,2025-02-05,C2403,Kurla Kitchen,Healthy Food,521,28,2.7,Credit Card,Mumbai - Powai,Cancelled
108166,2026-02-25,C5837,Colaba Cafe,Burger,1550,84,3.3,Credit Card,Mumbai - Vashi,Delivered
108167,2025-10-21,C3551,Thane Treats,Healthy Food,1487,41,3.3,Wallet,Mumbai - Vashi,Delayed
108168,2025-01-13,C1850,Dadar Darbar,South Indian,1767,35,4.7,Credit Card,Mumbai - Mulund,Cancelled
108169,2026-02-12,C4687,Colaba Cafe,North Indian,221,22,2.6,UPI,Mumbai - Colaba,Cancelled
108170,2025-04-11,C5942,Malad Food Hub,Beverages,1040,82,3.6,UPI,Mumbai - Vashi,Delayed
108171,2025-07-30,C2979,Bandra Bites,Biryani,1141,77,2.9,UPI,Mumbai - Chembur,Delivered
108172,2025-02-04,C6299,Chembur Spice House,Burger,239,73,2.7,Debit Card,Mumbai - Powai,Delivered
108173,2025-03-26,C1962,Marine Drive Meals,Desserts,1307,51,3.7,UPI,Mumbai - Malad,Cancelled
108174,2026-05-15,C6391,Borivali Bistro,Burger,940,25,3.2,UPI,Mumbai - Andheri,Delivered
108175,2026-01-10,C9192,Mumbai Tadka,North Indian,1329,38,3.8,Cash,Mumbai - Mulund,Delivered
108176,2025-07-09,C5687,Bandra Bites,Pizza,1563,38,3.9,UPI,Mumbai - Andheri,Delivered
108177,2025-09-06,C6063,Mumbai Tadka,Burger,1118,17,3.5,Wallet,Mumbai - Andheri,Cancelled
108178,2025-10-04,C6179,Malad Food Hub,Desserts,514,43,3.7,Wallet,Mumbai - Thane,Delivered
108179,2025-12-23,C7208,Colaba Cafe,South Indian,357,56,3.9,Credit Card,Mumbai - Kurla,Cancelled
108180,2026-03-15,C1232,Malad Food Hub,Desserts,114,62,2.9,Cash,Mumbai - Kurla,Cancelled
108181,2026-04-24,C1310,Kurla Kitchen,Burger,238,82,4.0,Cash,Mumbai - Powai,Delivered
108182,2025-01-09,C2620,Colaba Cafe,South Indian,114,73,4.8,Cash,Mumbai - Bandra,Cancelled
108183,2025-03-19,C2558,Vashi Veg Corner,Healthy Food,1070,55,3.4,Cash,Mumbai - Kurla,Delivered
108184,2025-08-20,C7989,Dadar Darbar,Chinese,483,26,4.1,UPI,Mumbai - Borivali,Delivered
108185,2025-04-13,C3760,Bandra Bites,South Indian,755,55,2.6,UPI,Mumbai - Powai,Delayed
108186,2025-10-09,C7176,Thane Treats,Beverages,826,71,3.9,Cash,Mumbai - Chembur,Delivered
108187,2025-08-02,C9366,Ghatkopar Grill,North Indian,546,40,4.9,Credit Card,Mumbai - Bandra,Delivered
108188,2025-12-25,C4439,Malad Food Hub,South Indian,1472,40,4.4,Credit Card,Mumbai - Malad,Delayed
108189,2025-12-16,C2640,Dadar Darbar,Pizza,816,15,4.1,Debit Card,Mumbai - Malad,Delivered
108190,2025-08-07,C9664,Thane Treats,Burger,1785,33,4.4,UPI,Mumbai - Bandra,Delivered
108191,2025-09-30,C2326,Borivali Bistro,Desserts,1606,17,3.9,UPI,Mumbai - Borivali,Delivered
108192,2026-04-28,C6373,Thane Treats,Burger,796,73,3.4,Debit Card,Mumbai - Ghatkopar,Cancelled
108193,2025-01-01,C5016,Powai Plates,Beverages,396,21,2.8,Wallet,Mumbai - Malad,Delivered
108194,2025-02-04,C7097,Thane Treats,Biryani,239,24,4.8,Credit Card,Mumbai - Chembur,Cancelled
108195,2026-05-06,C4759,Powai Plates,South Indian,440,85,3.4,Cash,Mumbai - Thane,Delivered
108196,2026-04-05,C8344,Kurla Kitchen,South Indian,127,57,2.8,Cash,Mumbai - Dadar,Delivered
108197,2025-09-26,C3547,Mumbai Tadka,Burger,1391,27,4.3,Credit Card,Mumbai - Chembur,Delivered
108198,2025-09-25,C2161,Chembur Spice House,Beverages,1386,85,2.7,Cash,Mumbai - Bandra,Cancelled
108199,2025-03-22,C5486,Powai Plates,Chinese,789,43,3.6,Wallet,Mumbai - Malad,Delayed
108200,2025-12-01,C1128,Andheri Kitchen,Beverages,1663,78,4.4,Wallet,Mumbai - Colaba,Cancelled
108201,2025-08-08,C6034,Ghatkopar Grill,South Indian,499,49,3.7,Debit Card,Mumbai - Ghatkopar,Delivered
108202,2025-12-24,C7210,Andheri Kitchen,Beverages,583,37,3.4,Cash,Mumbai - Ghatkopar,Delivered
108203,2026-02-04,C9421,Chembur Spice House,Burger,804,50,3.4,UPI,Mumbai - Powai,Delivered
108204,2026-05-03,C4557,Borivali Bistro,Biryani,1762,58,2.7,UPI,Mumbai - Thane,Delivered
108205,2025-07-20,C6836,Bandra Bites,Desserts,1520,26,4.8,Wallet,Mumbai - Dadar,Cancelled
108206,2026-01-18,C8406,Marine Drive Meals,South Indian,531,77,4.1,Cash,Mumbai - Chembur,Delivered
108207,2025-10-16,C2139,Andheri Kitchen,Pizza,642,74,3.0,UPI,Mumbai - Chembur,Delivered
108208,2025-11-29,C4614,Chembur Spice House,Biryani,1522,83,4.5,Wallet,Mumbai - Dadar,Delivered
108209,2026-01-21,C7549,Powai Plates,North Indian,951,17,4.9,Wallet,Mumbai - Ghatkopar,Delivered
108210,2026-03-02,C2030,Powai Plates,Beverages,1128,23,3.6,Credit Card,Mumbai - Colaba,Delayed
108211,2025-04-06,C6760,Dadar Darbar,Beverages,319,29,4.6,Credit Card,Mumbai - Mulund,Delivered
108212,2026-02-18,C1814,Colaba Cafe,Burger,382,47,4.8,Cash,Mumbai - Mulund,Delayed
108213,2026-02-05,C3403,Dadar Darbar,Desserts,1758,53,2.6,UPI,Mumbai - Dadar,Delayed
108214,2025-03-13,C3289,Malad Food Hub,Beverages,1426,29,2.7,Cash,Mumbai - Malad,Cancelled
108215,2025-07-06,C6287,Bandra Bites,Healthy Food,250,57,2.7,Wallet,Mumbai - Borivali,Delivered
108216,2026-01-27,C1181,Colaba Cafe,Biryani,500,24,2.8,Credit Card,Mumbai - Mulund,Delivered
108217,2026-01-10,C9436,Andheri Kitchen,Pizza,1441,53,3.2,Credit Card,Mumbai - Chembur,Delivered
108218,2025-12-27,C4281,Bandra Bites,South Indian,956,81,4.4,Credit Card,Mumbai - Powai,Cancelled
108219,2025-06-09,C4988,Mumbai Tadka,North Indian,215,72,3.6,UPI,Mumbai - Andheri,Delayed
108220,2025-09-04,C7414,Kurla Kitchen,Burger,505,50,4.6,Wallet,Mumbai - Mulund,Delivered
108221,2026-05-25,C1575,Marine Drive Meals,North Indian,547,40,2.7,Credit Card,Mumbai - Powai,Cancelled
108222,2026-04-25,C2721,Chembur Spice House,Burger,1581,51,3.0,Debit Card,Mumbai - Ghatkopar,Delivered
108223,2025-03-30,C9985,Andheri Kitchen,Beverages,112,61,4.6,Wallet,Mumbai - Borivali,Delayed
108224,2025-05-25,C4634,Chembur Spice House,North Indian,594,16,2.9,Credit Card,Mumbai - Malad,Delayed
108225,2026-05-27,C1242,Ghatkopar Grill,Chinese,1328,55,3.5,UPI,Mumbai - Mulund,Delayed
108226,2025-06-17,C2326,Kurla Kitchen,South Indian,876,31,3.0,Cash,Mumbai - Bandra,Delivered
108227,2025-05-30,C2102,Kurla Kitchen,Biryani,498,33,3.4,Credit Card,Mumbai - Dadar,Delivered
108228,2025-12-17,C4735,Andheri Kitchen,North Indian,300,54,4.7,Credit Card,Mumbai - Bandra,Cancelled
108229,2025-08-16,C9134,Mumbai Tadka,South Indian,867,18,4.0,Wallet,Mumbai - Ghatkopar,Delivered
108230,2025-12-17,C6152,Bandra Bites,Beverages,576,64,3.9,Wallet,Mumbai - Vashi,Delivered
108231,2026-02-14,C2411,Powai Plates,Desserts,612,72,3.1,Debit Card,Mumbai - Kurla,Delayed
108232,2026-03-04,C4853,Ghatkopar Grill,Biryani,1004,65,4.6,Credit Card,Mumbai - Borivali,Delayed
108233,2025-01-16,C4274,Marine Drive Meals,Beverages,954,41,4.7,Cash,Mumbai - Mulund,Delivered
108234,2025-07-26,C8058,Marine Drive Meals,South Indian,1612,44,3.2,Cash,Mumbai - Chembur,Delayed
108235,2026-03-04,C8157,Mumbai Tadka,Biryani,550,61,4.2,UPI,Mumbai - Chembur,Cancelled
108236,2026-06-17,C7269,Thane Treats,Desserts,451,40,3.9,Cash,Mumbai - Andheri,Delivered
108237,2026-05-26,C2003,Vashi Veg Corner,Beverages,320,79,2.6,Wallet,Mumbai - Bandra,Cancelled
108238,2025-08-08,C8366,Kurla Kitchen,Healthy Food,637,35,4.4,Credit Card,Mumbai - Borivali,Delivered
108239,2025-03-15,C7317,Dadar Darbar,Beverages,344,55,2.8,UPI,Mumbai - Dadar,Delivered
108240,2026-05-11,C1619,Dadar Darbar,North Indian,1790,15,3.6,Cash,Mumbai - Ghatkopar,Cancelled
108241,2026-03-31,C7239,Malad Food Hub,Pizza,1776,46,3.5,UPI,Mumbai - Thane,Delivered
108242,2025-08-09,C1581,Vashi Veg Corner,Pizza,298,35,3.3,Wallet,Mumbai - Chembur,Delayed
108243,2026-01-18,C7042,Vashi Veg Corner,Pizza,141,64,4.0,Wallet,Mumbai - Ghatkopar,Delivered
108244,2026-03-02,C9992,Mumbai Tadka,Chinese,1585,59,5.0,Cash,Mumbai - Mulund,Delivered
108245,2025-06-22,C1907,Andheri Kitchen,North Indian,223,70,3.9,Wallet,Mumbai - Thane,Delivered
108246,2025-05-14,C6657,Powai Plates,Chinese,1319,53,4.4,Cash,Mumbai - Dadar,Delivered
108247,2025-05-19,C6511,Dadar Darbar,Healthy Food,1726,36,4.8,UPI,Mumbai - Thane,Cancelled
108248,2026-01-03,C7311,Colaba Cafe,North Indian,1032,80,4.4,Credit Card,Mumbai - Dadar,Delivered
108249,2026-05-22,C8128,Andheri Kitchen,Burger,1718,23,3.6,Debit Card,Mumbai - Dadar,Delivered
108250,2025-02-15,C5088,Malad Food Hub,Burger,809,74,4.7,Wallet,Mumbai - Andheri,Cancelled
108251,2026-01-31,C8490,Bandra Bites,Beverages,338,76,4.2,Debit Card,Mumbai - Chembur,Delivered
108252,2025-10-24,C2270,Kurla Kitchen,Beverages,1680,18,4.6,UPI,Mumbai - Mulund,Delayed
108253,2026-02-15,C9042,Chembur Spice House,North Indian,1187,29,4.0,Wallet,Mumbai - Ghatkopar,Delivered
108254,2026-05-25,C2185,Colaba Cafe,Chinese,1530,31,2.7,Cash,Mumbai - Bandra,Delivered
108255,2025-10-28,C7594,Marine Drive Meals,Desserts,395,63,3.9,Credit Card,Mumbai - Vashi,Delivered
108256,2025-07-26,C7392,Borivali Bistro,North Indian,924,26,4.0,Debit Card,Mumbai - Thane,Delivered
108257,2025-04-01,C4473,Andheri Kitchen,South Indian,148,84,4.8,Debit Card,Mumbai - Chembur,Delivered
108258,2025-03-28,C6887,Thane Treats,Biryani,198,16,2.6,Debit Card,Mumbai - Andheri,Delivered
108259,2026-06-11,C9901,Borivali Bistro,Chinese,749,82,3.4,Credit Card,Mumbai - Borivali,Delayed
108260,2026-04-02,C9268,Marine Drive Meals,Desserts,1455,17,3.5,Cash,Mumbai - Ghatkopar,Cancelled
108261,2025-01-24,C8741,Powai Plates,South Indian,1370,70,3.3,Debit Card,Mumbai - Borivali,Delivered
108262,2025-03-30,C2307,Ghatkopar Grill,Beverages,1566,46,4.5,Wallet,Mumbai - Ghatkopar,Cancelled
108263,2026-04-11,C2422,Thane Treats,Beverages,1753,20,2.8,UPI,Mumbai - Ghatkopar,Delivered
108264,2025-10-04,C9818,Bandra Bites,South Indian,102,72,3.5,Wallet,Mumbai - Mulund,Delayed
108265,2025-01-16,C6317,Ghatkopar Grill,Chinese,849,49,2.6,Debit Card,Mumbai - Andheri,Cancelled
108266,2026-02-23,C7781,Andheri Kitchen,Desserts,754,57,3.6,Cash,Mumbai - Powai,Cancelled
108267,2026-01-26,C6958,Bandra Bites,Pizza,485,51,4.6,UPI,Mumbai - Powai,Delivered
108268,2025-03-07,C8075,Vashi Veg Corner,Beverages,1203,61,3.2,Cash,Mumbai - Borivali,Delivered
108269,2026-04-04,C2806,Kurla Kitchen,Healthy Food,441,54,4.1,Cash,Mumbai - Colaba,Cancelled
108270,2025-08-17,C8674,Thane Treats,Burger,1472,52,4.9,Wallet,Mumbai - Powai,Delivered
108271,2025-12-14,C5918,Dadar Darbar,North Indian,1533,28,4.1,UPI,Mumbai - Andheri,Delivered
108272,2026-05-10,C1543,Thane Treats,Burger,1417,81,4.3,Debit Card,Mumbai - Thane,Delivered
108273,2026-03-31,C9276,Colaba Cafe,Healthy Food,1211,51,2.6,UPI,Mumbai - Bandra,Delivered
108274,2026-01-03,C5535,Mumbai Tadka,Desserts,1491,29,3.2,Credit Card,Mumbai - Vashi,Delivered
108275,2025-08-28,C5074,Vashi Veg Corner,Biryani,1312,36,4.6,Credit Card,Mumbai - Dadar,Delivered
108276,2025-08-07,C3201,Kurla Kitchen,Desserts,1343,71,4.5,Credit Card,Mumbai - Mulund,Delivered
108277,2025-04-04,C7140,Marine Drive Meals,Pizza,259,53,3.0,Cash,Mumbai - Ghatkopar,Delivered
108278,2026-01-29,C7718,Bandra Bites,Desserts,525,65,3.5,Debit Card,Mumbai - Andheri,Delivered
108279,2025-01-01,C6189,Malad Food Hub,Healthy Food,882,53,3.0,Debit Card,Mumbai - Ghatkopar,Cancelled
108280,2025-09-05,C5463,Malad Food Hub,North Indian,1388,32,3.9,UPI,Mumbai - Bandra,Delayed
108281,2026-03-20,C2353,Powai Plates,Beverages,988,54,4.8,Debit Card,Mumbai - Andheri,Delivered
108282,2026-03-07,C5382,Borivali Bistro,Biryani,1409,76,4.6,UPI,Mumbai - Kurla,Delivered
108283,2025-03-13,C3523,Vashi Veg Corner,Healthy Food,1390,30,4.5,Debit Card,Mumbai - Malad,Delivered
108284,2026-02-06,C6553,Bandra Bites,South Indian,1041,61,4.8,Cash,Mumbai - Bandra,Delayed
108285,2025-01-04,C3752,Dadar Darbar,Desserts,942,17,3.0,Credit Card,Mumbai - Kurla,Delivered
108286,2026-02-11,C2536,Malad Food Hub,Healthy Food,126,65,3.7,UPI,Mumbai - Mulund,Delivered
108287,2025-09-28,C5423,Mumbai Tadka,North Indian,557,53,4.4,Cash,Mumbai - Andheri,Delivered
108288,2025-11-04,C2264,Powai Plates,Burger,1449,52,3.7,Debit Card,Mumbai - Kurla,Delivered
108289,2025-09-26,C2414,Thane Treats,South Indian,1602,61,4.7,Credit Card,Mumbai - Thane,Cancelled
108290,2026-04-02,C2821,Malad Food Hub,Desserts,810,70,2.7,Debit Card,Mumbai - Chembur,Delivered
108291,2025-03-07,C4588,Marine Drive Meals,Beverages,663,25,4.4,UPI,Mumbai - Mulund,Delayed
108292,2025-08-12,C1457,Vashi Veg Corner,North Indian,225,15,3.2,UPI,Mumbai - Thane,Delivered
108293,2025-05-14,C4560,Andheri Kitchen,Beverages,1028,62,4.7,Wallet,Mumbai - Ghatkopar,Delayed
108294,2025-02-21,C8001,Borivali Bistro,Beverages,812,77,4.6,UPI,Mumbai - Malad,Delivered
108295,2026-03-14,C7109,Thane Treats,Desserts,1067,22,4.7,Debit Card,Mumbai - Dadar,Delivered
108296,2025-01-01,C5651,Powai Plates,Pizza,1044,69,2.8,Debit Card,Mumbai - Thane,Delivered
108297,2026-05-29,C4398,Kurla Kitchen,Desserts,124,85,3.5,Credit Card,Mumbai - Colaba,Delayed
108298,2025-09-13,C7784,Andheri Kitchen,Chinese,1642,59,3.5,Debit Card,Mumbai - Mulund,Delivered
108299,2025-12-16,C3584,Colaba Cafe,Burger,160,72,3.1,Debit Card,Mumbai - Dadar,Delivered
108300,2025-10-28,C5491,Mumbai Tadka,Burger,1494,59,4.9,Cash,Mumbai - Thane,Delivered
108301,2025-01-09,C7768,Marine Drive Meals,Biryani,1559,24,4.5,Wallet,Mumbai - Bandra,Delivered
108302,2025-04-08,C7706,Colaba Cafe,Beverages,916,74,5.0,UPI,Mumbai - Borivali,Delivered
108303,2025-03-11,C8998,Thane Treats,Desserts,291,29,4.4,Credit Card,Mumbai - Kurla,Delayed
108304,2026-04-21,C7240,Dadar Darbar,South Indian,143,27,3.4,Wallet,Mumbai - Chembur,Delivered
108305,2026-03-13,C8085,Vashi Veg Corner,Beverages,1156,48,3.3,Wallet,Mumbai - Ghatkopar,Delivered
108306,2025-02-14,C4436,Bandra Bites,Healthy Food,1739,84,3.1,Debit Card,Mumbai - Dadar,Delivered
108307,2026-05-04,C8200,Powai Plates,Chinese,420,49,3.9,Debit Card,Mumbai - Chembur,Delivered
108308,2025-03-02,C6162,Vashi Veg Corner,North Indian,1678,62,4.4,UPI,Mumbai - Dadar,Cancelled
108309,2026-02-01,C6078,Mumbai Tadka,Pizza,1130,24,3.1,UPI,Mumbai - Colaba,Cancelled
108310,2026-01-09,C9631,Andheri Kitchen,Chinese,1622,76,3.2,UPI,Mumbai - Vashi,Delivered
108311,2026-05-14,C4049,Malad Food Hub,Healthy Food,773,59,2.5,Wallet,Mumbai - Mulund,Delivered
108312,2026-03-31,C7579,Powai Plates,South Indian,511,33,4.0,Wallet,Mumbai - Malad,Delayed
108313,2025-08-12,C2933,Chembur Spice House,Chinese,1077,79,3.2,Cash,Mumbai - Mulund,Delivered
108314,2025-05-22,C6739,Colaba Cafe,Desserts,979,47,2.9,Credit Card,Mumbai - Kurla,Delivered
108315,2025-10-08,C7815,Mumbai Tadka,Burger,1213,52,3.4,Credit Card,Mumbai - Borivali,Delayed
108316,2025-05-16,C1223,Dadar Darbar,Desserts,237,66,4.0,Credit Card,Mumbai - Thane,Delivered
108317,2025-02-22,C9621,Colaba Cafe,Biryani,1148,76,4.3,Cash,Mumbai - Andheri,Cancelled
108318,2026-02-19,C4544,Chembur Spice House,Pizza,922,85,2.5,Cash,Mumbai - Vashi,Cancelled
108319,2025-09-15,C6782,Thane Treats,South Indian,128,25,3.9,Wallet,Mumbai - Dadar,Delivered
108320,2026-01-11,C6243,Vashi Veg Corner,North Indian,1177,47,3.7,UPI,Mumbai - Bandra,Delivered
108321,2026-06-12,C6038,Powai Plates,Pizza,684,60,2.7,Wallet,Mumbai - Bandra,Delivered
108322,2025-09-08,C5326,Colaba Cafe,Healthy Food,1570,33,3.6,UPI,Mumbai - Powai,Cancelled
108323,2025-06-23,C3610,Vashi Veg Corner,North Indian,1691,81,4.3,Cash,Mumbai - Mulund,Delivered
108324,2025-04-10,C6885,Ghatkopar Grill,North Indian,1162,26,3.6,Credit Card,Mumbai - Andheri,Cancelled
108325,2026-04-28,C7466,Dadar Darbar,Desserts,1708,57,4.9,Credit Card,Mumbai - Ghatkopar,Delivered
108326,2025-03-22,C3810,Ghatkopar Grill,South Indian,1349,21,3.0,Wallet,Mumbai - Dadar,Delivered
108327,2025-09-07,C4513,Ghatkopar Grill,Healthy Food,788,42,4.3,UPI,Mumbai - Dadar,Delayed
108328,2025-05-14,C9736,Malad Food Hub,Healthy Food,1434,84,3.5,Wallet,Mumbai - Ghatkopar,Delayed
108329,2025-11-18,C3833,Vashi Veg Corner,Desserts,216,22,4.2,Wallet,Mumbai - Vashi,Delivered
108330,2025-12-06,C3856,Andheri Kitchen,Chinese,199,54,3.9,Wallet,Mumbai - Powai,Delivered
108331,2025-08-05,C4918,Kurla Kitchen,Pizza,1768,74,4.7,Debit Card,Mumbai - Malad,Cancelled
108332,2025-01-08,C2072,Powai Plates,North Indian,316,29,3.9,Cash,Mumbai - Thane,Delivered
108333,2026-06-16,C6256,Ghatkopar Grill,Biryani,714,42,3.7,Wallet,Mumbai - Kurla,Delivered
108334,2025-03-08,C2344,Vashi Veg Corner,Pizza,421,49,3.3,Cash,Mumbai - Vashi,Delivered
108335,2025-03-28,C6075,Ghatkopar Grill,Beverages,277,76,3.4,Wallet,Mumbai - Malad,Delivered
108336,2026-04-11,C8667,Dadar Darbar,Burger,1618,29,3.0,Debit Card,Mumbai - Chembur,Cancelled
108337,2025-07-31,C4823,Kurla Kitchen,Healthy Food,1043,39,4.0,UPI,Mumbai - Thane,Delivered
108338,2025-10-01,C4311,Dadar Darbar,North Indian,512,32,4.0,Debit Card,Mumbai - Chembur,Delivered
108339,2025-04-26,C2307,Thane Treats,Biryani,299,45,4.3,Credit Card,Mumbai - Vashi,Delivered
108340,2025-02-18,C5527,Chembur Spice House,Beverages,644,18,3.9,Credit Card,Mumbai - Thane,Delayed
108341,2025-09-10,C8848,Colaba Cafe,North Indian,427,27,4.2,Wallet,Mumbai - Thane,Delayed
108342,2025-07-10,C7371,Andheri Kitchen,North Indian,1241,33,3.1,Wallet,Mumbai - Ghatkopar,Delayed
108343,2026-06-17,C7228,Borivali Bistro,Chinese,247,59,4.7,Cash,Mumbai - Andheri,Delivered
108344,2026-04-17,C8660,Dadar Darbar,Burger,1315,77,4.1,Credit Card,Mumbai - Andheri,Delivered
108345,2025-04-05,C1302,Marine Drive Meals,Chinese,725,75,4.7,Debit Card,Mumbai - Ghatkopar,Cancelled
108346,2026-06-25,C4031,Bandra Bites,Pizza,185,39,2.7,Credit Card,Mumbai - Dadar,Delivered
108347,2026-01-22,C4764,Bandra Bites,Beverages,1557,20,2.9,UPI,Mumbai - Chembur,Cancelled
108348,2025-03-04,C7538,Marine Drive Meals,Burger,548,57,4.7,Wallet,Mumbai - Vashi,Delayed
108349,2026-01-03,C7523,Colaba Cafe,Biryani,1517,68,4.5,UPI,Mumbai - Mulund,Delivered
108350,2025-09-30,C9034,Mumbai Tadka,Healthy Food,974,35,2.8,Credit Card,Mumbai - Kurla,Delivered
108351,2026-03-01,C9908,Vashi Veg Corner,Chinese,1743,47,4.7,Credit Card,Mumbai - Colaba,Delivered
108352,2025-03-10,C1668,Borivali Bistro,Pizza,556,55,2.6,Debit Card,Mumbai - Borivali,Cancelled
108353,2026-06-01,C5873,Mumbai Tadka,Chinese,461,20,3.6,Cash,Mumbai - Borivali,Delivered
108354,2025-06-26,C3085,Kurla Kitchen,North Indian,1076,48,4.0,Cash,Mumbai - Andheri,Delivered
108355,2026-05-12,C1149,Bandra Bites,Chinese,107,79,4.5,Wallet,Mumbai - Bandra,Cancelled
108356,2025-07-08,C2463,Malad Food Hub,South Indian,436,39,2.5,Wallet,Mumbai - Malad,Delayed
108357,2026-03-03,C1439,Kurla Kitchen,South Indian,374,22,3.8,Cash,Mumbai - Borivali,Delivered
108358,2025-06-09,C3287,Dadar Darbar,Biryani,1082,53,4.7,UPI,Mumbai - Thane,Delivered
108359,2026-04-05,C6197,Kurla Kitchen,South Indian,1643,46,3.2,Cash,Mumbai - Kurla,Delivered
108360,2025-01-21,C2915,Thane Treats,Biryani,313,42,4.1,Wallet,Mumbai - Ghatkopar,Delivered
108361,2025-04-23,C2601,Marine Drive Meals,Chinese,1111,47,3.8,Debit Card,Mumbai - Ghatkopar,Delivered
108362,2025-11-29,C3528,Ghatkopar Grill,Desserts,868,32,4.3,Debit Card,Mumbai - Chembur,Delivered
108363,2025-12-25,C5487,Bandra Bites,Chinese,1119,34,2.5,Cash,Mumbai - Dadar,Delivered
108364,2025-02-21,C8892,Thane Treats,Desserts,433,76,4.9,Cash,Mumbai - Bandra,Delayed
108365,2025-01-21,C9754,Thane Treats,Healthy Food,1463,75,3.6,Debit Card,Mumbai - Andheri,Delayed
108366,2025-11-20,C9125,Malad Food Hub,Biryani,1593,37,4.7,UPI,Mumbai - Mulund,Cancelled
108367,2025-07-09,C8066,Kurla Kitchen,Pizza,1110,47,2.6,UPI,Mumbai - Kurla,Delivered
108368,2025-09-20,C6600,Vashi Veg Corner,Burger,248,42,2.5,UPI,Mumbai - Vashi,Delayed
108369,2026-05-20,C4009,Kurla Kitchen,South Indian,1199,17,3.9,Wallet,Mumbai - Thane,Delivered
108370,2025-01-23,C8164,Thane Treats,Chinese,1169,56,3.0,Cash,Mumbai - Dadar,Delivered
108371,2026-02-20,C5199,Vashi Veg Corner,Healthy Food,542,67,3.9,Credit Card,Mumbai - Kurla,Delivered
108372,2025-05-12,C1569,Kurla Kitchen,Desserts,1286,17,3.0,Cash,Mumbai - Mulund,Delayed
108373,2026-06-12,C4154,Malad Food Hub,Desserts,514,64,2.8,Credit Card,Mumbai - Powai,Cancelled
108374,2026-01-19,C8140,Borivali Bistro,Biryani,251,42,4.9,UPI,Mumbai - Chembur,Delivered
108375,2025-03-02,C4005,Marine Drive Meals,Beverages,1116,83,2.8,Wallet,Mumbai - Malad,Delayed
108376,2025-05-18,C2149,Vashi Veg Corner,South Indian,862,50,2.9,Debit Card,Mumbai - Bandra,Cancelled
108377,2025-04-07,C4810,Powai Plates,Desserts,1648,22,4.7,Credit Card,Mumbai - Kurla,Delivered
108378,2026-03-08,C8332,Chembur Spice House,South Indian,1259,82,3.9,Debit Card,Mumbai - Andheri,Delivered
108379,2025-12-08,C6383,Powai Plates,Burger,1213,20,2.8,Cash,Mumbai - Bandra,Delivered
108380,2026-06-05,C8058,Dadar Darbar,Pizza,681,26,4.8,Wallet,Mumbai - Kurla,Cancelled
108381,2025-11-02,C8298,Ghatkopar Grill,North Indian,625,20,3.7,Wallet,Mumbai - Kurla,Delivered
108382,2025-11-19,C6284,Andheri Kitchen,North Indian,474,24,3.1,Credit Card,Mumbai - Kurla,Delivered
108383,2026-06-04,C5895,Ghatkopar Grill,Healthy Food,673,81,4.8,Wallet,Mumbai - Malad,Delivered
108384,2026-01-27,C2123,Marine Drive Meals,Healthy Food,1280,24,4.7,Cash,Mumbai - Mulund,Cancelled
108385,2025-04-11,C9688,Marine Drive Meals,Desserts,240,64,3.9,Credit Card,Mumbai - Kurla,Delivered
108386,2025-01-08,C9410,Borivali Bistro,Beverages,515,72,3.7,Credit Card,Mumbai - Borivali,Cancelled
108387,2026-02-20,C7048,Vashi Veg Corner,Biryani,1125,21,2.7,Debit Card,Mumbai - Bandra,Cancelled
108388,2026-02-22,C2199,Mumbai Tadka,North Indian,1530,53,3.0,Credit Card,Mumbai - Chembur,Delivered
108389,2025-12-06,C1471,Marine Drive Meals,Biryani,572,55,4.8,Wallet,Mumbai - Dadar,Delivered
108390,2025-08-23,C9921,Powai Plates,North Indian,282,30,3.5,Credit Card,Mumbai - Dadar,Cancelled
108391,2026-05-29,C1661,Kurla Kitchen,Burger,1717,20,4.8,Credit Card,Mumbai - Powai,Delivered
108392,2025-12-15,C6299,Thane Treats,Chinese,1431,40,3.7,Credit Card,Mumbai - Bandra,Delayed
108393,2026-04-23,C7289,Chembur Spice House,Pizza,1394,61,4.8,Credit Card,Mumbai - Kurla,Delayed
108394,2026-03-13,C6337,Borivali Bistro,Chinese,156,84,3.2,Wallet,Mumbai - Dadar,Cancelled
108395,2025-12-27,C4585,Malad Food Hub,Beverages,445,61,3.0,Cash,Mumbai - Vashi,Delayed
108396,2025-04-03,C7717,Dadar Darbar,Healthy Food,1016,28,4.3,Wallet,Mumbai - Andheri,Delivered
108397,2025-07-27,C7831,Borivali Bistro,South Indian,652,64,2.8,UPI,Mumbai - Colaba,Delivered
108398,2025-05-04,C9916,Powai Plates,Desserts,814,61,2.6,Cash,Mumbai - Thane,Delivered
108399,2025-09-22,C3894,Colaba Cafe,Desserts,1607,61,4.5,Credit Card,Mumbai - Andheri,Delivered
108400,2026-05-30,C4460,Borivali Bistro,Biryani,949,17,3.4,Credit Card,Mumbai - Andheri,Delayed
108401,2025-01-29,C1836,Thane Treats,Desserts,554,72,4.0,Wallet,Mumbai - Andheri,Delayed
108402,2025-02-10,C6271,Marine Drive Meals,Desserts,1070,60,4.3,Credit Card,Mumbai - Dadar,Delivered
108403,2026-05-10,C3235,Dadar Darbar,Healthy Food,1659,85,3.8,Cash,Mumbai - Bandra,Delivered
108404,2026-02-21,C6413,Andheri Kitchen,South Indian,1454,67,3.7,Debit Card,Mumbai - Mulund,Delivered
108405,2025-06-26,C2719,Bandra Bites,South Indian,1686,74,3.4,Credit Card,Mumbai - Borivali,Cancelled
108406,2025-06-11,C9303,Powai Plates,Healthy Food,1689,70,2.7,Cash,Mumbai - Mulund,Delivered
108407,2026-02-21,C8396,Chembur Spice House,Chinese,1415,39,4.0,Cash,Mumbai - Bandra,Delayed
108408,2026-04-30,C5575,Bandra Bites,Healthy Food,863,68,4.5,Wallet,Mumbai - Colaba,Delivered
108409,2025-05-20,C2728,Powai Plates,North Indian,1625,37,3.3,Debit Card,Mumbai - Vashi,Delivered
108410,2026-04-21,C4970,Thane Treats,South Indian,809,64,2.6,Wallet,Mumbai - Borivali,Delivered
108411,2025-09-19,C1798,Ghatkopar Grill,Chinese,577,22,3.5,Credit Card,Mumbai - Bandra,Delayed
108412,2026-04-28,C1927,Bandra Bites,Biryani,450,18,3.3,UPI,Mumbai - Mulund,Delivered
108413,2025-05-28,C6873,Malad Food Hub,Biryani,264,79,4.3,Cash,Mumbai - Borivali,Delivered
108414,2026-06-20,C2428,Borivali Bistro,Pizza,1738,80,3.6,Wallet,Mumbai - Kurla,Delivered
108415,2026-05-24,C7534,Andheri Kitchen,Chinese,1227,34,4.2,Cash,Mumbai - Bandra,Delayed
108416,2025-06-27,C7670,Mumbai Tadka,Burger,450,47,2.8,UPI,Mumbai - Mulund,Delayed
108417,2025-06-01,C7391,Chembur Spice House,Beverages,1744,75,3.5,UPI,Mumbai - Chembur,Delivered
108418,2025-04-06,C9860,Vashi Veg Corner,Biryani,596,28,3.3,Wallet,Mumbai - Malad,Delivered
108419,2025-09-04,C6417,Borivali Bistro,North Indian,1726,67,4.0,Debit Card,Mumbai - Dadar,Delayed
108420,2025-12-01,C8022,Andheri Kitchen,Pizza,908,54,4.8,Debit Card,Mumbai - Chembur,Delivered
108421,2025-02-06,C9168,Vashi Veg Corner,Pizza,1677,46,4.2,Debit Card,Mumbai - Kurla,Cancelled
108422,2025-05-06,C3487,Marine Drive Meals,Burger,247,34,3.7,Debit Card,Mumbai - Ghatkopar,Delivered
108423,2025-08-27,C8051,Borivali Bistro,Biryani,1722,44,2.7,Cash,Mumbai - Kurla,Delivered
108424,2025-06-22,C4624,Ghatkopar Grill,South Indian,625,26,3.7,Credit Card,Mumbai - Malad,Cancelled
108425,2025-08-15,C4292,Malad Food Hub,Burger,312,62,2.6,Cash,Mumbai - Dadar,Delivered
108426,2025-10-21,C3021,Chembur Spice House,Burger,266,48,4.8,Debit Card,Mumbai - Colaba,Delivered
108427,2025-06-24,C1627,Chembur Spice House,Burger,907,50,4.8,UPI,Mumbai - Chembur,Delivered
108428,2025-02-04,C3098,Thane Treats,Healthy Food,1196,65,4.9,Cash,Mumbai - Dadar,Delayed
108429,2025-02-04,C4352,Vashi Veg Corner,Chinese,947,51,4.3,UPI,Mumbai - Kurla,Delivered
108430,2026-05-08,C1771,Dadar Darbar,Pizza,1693,37,4.2,Debit Card,Mumbai - Vashi,Delivered
108431,2025-06-14,C6148,Andheri Kitchen,South Indian,647,18,4.0,Cash,Mumbai - Kurla,Delayed
108432,2025-06-30,C4315,Chembur Spice House,Desserts,1005,34,3.7,Cash,Mumbai - Malad,Delivered
108433,2025-03-04,C7915,Mumbai Tadka,South Indian,815,29,2.9,Debit Card,Mumbai - Dadar,Delayed
108434,2025-01-29,C6511,Dadar Darbar,Beverages,288,64,3.2,Debit Card,Mumbai - Thane,Delayed
108435,2025-07-10,C6075,Mumbai Tadka,Biryani,265,45,4.4,Cash,Mumbai - Colaba,Cancelled
108436,2026-06-23,C5895,Chembur Spice House,Biryani,1144,23,4.3,Cash,Mumbai - Colaba,Cancelled
108437,2026-01-14,C3823,Marine Drive Meals,Biryani,326,37,2.7,Cash,Mumbai - Vashi,Delivered
108438,2026-03-07,C9233,Vashi Veg Corner,Desserts,1691,80,4.6,Cash,Mumbai - Kurla,Delivered
108439,2025-10-30,C3630,Mumbai Tadka,North Indian,1502,82,4.4,Debit Card,Mumbai - Andheri,Delayed
108440,2025-01-24,C8561,Mumbai Tadka,Pizza,1389,19,4.6,UPI,Mumbai - Chembur,Cancelled
108441,2025-10-25,C3978,Andheri Kitchen,Biryani,546,82,2.7,Debit Card,Mumbai - Chembur,Delayed
108442,2026-06-25,C8819,Vashi Veg Corner,South Indian,1753,51,2.9,Credit Card,Mumbai - Ghatkopar,Cancelled
108443,2026-01-17,C4575,Chembur Spice House,North Indian,1541,79,3.6,Debit Card,Mumbai - Kurla,Delivered
108444,2026-01-07,C8134,Chembur Spice House,South Indian,491,46,3.5,Wallet,Mumbai - Colaba,Delivered
108445,2025-03-23,C2091,Andheri Kitchen,Burger,1448,23,3.2,UPI,Mumbai - Malad,Delayed
108446,2025-07-09,C8046,Marine Drive Meals,South Indian,1528,31,3.2,Cash,Mumbai - Kurla,Delayed
108447,2025-05-17,C2811,Dadar Darbar,Beverages,1519,78,3.2,UPI,Mumbai - Dadar,Delivered
108448,2025-12-04,C2715,Andheri Kitchen,Beverages,245,26,3.4,Wallet,Mumbai - Vashi,Delivered
108449,2026-01-08,C8169,Colaba Cafe,Biryani,1725,35,3.8,Wallet,Mumbai - Powai,Delivered
108450,2025-11-12,C3996,Andheri Kitchen,Chinese,1520,47,3.3,Wallet,Mumbai - Chembur,Delivered
108451,2026-04-23,C8453,Andheri Kitchen,North Indian,1476,75,3.2,UPI,Mumbai - Colaba,Delayed
108452,2026-01-05,C9795,Chembur Spice House,Desserts,288,24,2.7,Debit Card,Mumbai - Borivali,Delivered
108453,2025-04-17,C8737,Bandra Bites,South Indian,1795,64,2.9,Debit Card,Mumbai - Colaba,Delayed
108454,2026-04-01,C2515,Marine Drive Meals,Burger,721,66,3.0,Credit Card,Mumbai - Andheri,Delivered
108455,2025-12-27,C7052,Borivali Bistro,Biryani,1314,32,3.2,Cash,Mumbai - Mulund,Delayed
108456,2025-04-18,C3292,Mumbai Tadka,South Indian,1362,20,4.7,UPI,Mumbai - Thane,Delivered
108457,2025-09-18,C2431,Andheri Kitchen,Burger,1350,60,3.7,UPI,Mumbai - Mulund,Cancelled
108458,2025-02-13,C4927,Dadar Darbar,South Indian,1226,47,4.5,Wallet,Mumbai - Thane,Cancelled
108459,2025-11-28,C1928,Colaba Cafe,Desserts,1131,47,4.7,UPI,Mumbai - Powai,Delayed
108460,2025-01-23,C4609,Colaba Cafe,Pizza,428,69,4.0,Credit Card,Mumbai - Ghatkopar,Delivered
108461,2025-10-13,C8565,Kurla Kitchen,Desserts,608,42,4.9,Credit Card,Mumbai - Powai,Delayed
108462,2025-06-21,C5980,Thane Treats,Chinese,1367,59,4.3,Cash,Mumbai - Ghatkopar,Delivered
108463,2025-05-05,C6549,Dadar Darbar,Healthy Food,919,83,4.1,Cash,Mumbai - Vashi,Cancelled
108464,2025-12-05,C7469,Ghatkopar Grill,Desserts,1431,34,3.1,Wallet,Mumbai - Mulund,Delivered
108465,2025-04-15,C2003,Kurla Kitchen,Healthy Food,963,72,3.9,Wallet,Mumbai - Dadar,Cancelled
108466,2025-06-18,C3281,Kurla Kitchen,Biryani,1667,74,4.1,Debit Card,Mumbai - Powai,Cancelled
108467,2026-02-22,C2299,Andheri Kitchen,Beverages,1002,44,2.6,Wallet,Mumbai - Kurla,Delivered
108468,2025-04-01,C3671,Marine Drive Meals,Beverages,282,17,3.3,Cash,Mumbai - Mulund,Cancelled
108469,2025-07-16,C3690,Mumbai Tadka,Pizza,1460,21,3.3,Wallet,Mumbai - Mulund,Delayed
108470,2025-04-26,C4161,Chembur Spice House,Desserts,1170,78,4.1,Credit Card,Mumbai - Chembur,Cancelled
108471,2025-09-24,C8992,Chembur Spice House,South Indian,1317,79,2.8,UPI,Mumbai - Ghatkopar,Delayed
108472,2026-04-06,C4611,Malad Food Hub,Chinese,304,16,4.2,Credit Card,Mumbai - Colaba,Delivered
108473,2026-03-21,C5029,Thane Treats,Desserts,220,19,3.8,Debit Card,Mumbai - Chembur,Delivered
108474,2025-02-25,C6507,Marine Drive Meals,Desserts,944,83,3.3,Credit Card,Mumbai - Mulund,Cancelled
108475,2025-04-11,C8338,Andheri Kitchen,Healthy Food,317,31,3.6,Wallet,Mumbai - Andheri,Delayed
108476,2026-04-17,C1834,Mumbai Tadka,Pizza,1040,85,4.2,Cash,Mumbai - Dadar,Delivered
108477,2025-03-07,C6860,Marine Drive Meals,Pizza,1145,54,3.6,Debit Card,Mumbai - Bandra,Delivered
108478,2025-10-10,C3121,Thane Treats,North Indian,382,35,2.8,Debit Card,Mumbai - Borivali,Delivered
108479,2025-07-14,C8990,Chembur Spice House,South Indian,1497,84,4.1,Credit Card,Mumbai - Malad,Delivered
108480,2025-03-09,C2931,Mumbai Tadka,Pizza,551,84,4.3,Wallet,Mumbai - Bandra,Delivered
108481,2026-04-02,C7273,Colaba Cafe,Desserts,1596,41,3.0,UPI,Mumbai - Powai,Delivered
108482,2025-07-20,C8234,Borivali Bistro,Chinese,1583,33,4.8,Debit Card,Mumbai - Borivali,Cancelled
108483,2025-04-07,C9540,Mumbai Tadka,Healthy Food,1712,63,2.6,UPI,Mumbai - Mulund,Cancelled
108484,2026-01-04,C1725,Ghatkopar Grill,Burger,623,51,4.7,UPI,Mumbai - Malad,Delivered
108485,2025-07-29,C1607,Mumbai Tadka,Burger,1663,59,5.0,Wallet,Mumbai - Mulund,Cancelled
108486,2026-04-07,C6208,Colaba Cafe,South Indian,833,61,4.8,UPI,Mumbai - Bandra,Delivered
108487,2026-02-04,C2324,Andheri Kitchen,Beverages,914,76,2.6,Wallet,Mumbai - Thane,Delivered
108488,2025-03-06,C7169,Mumbai Tadka,Beverages,590,41,4.0,Credit Card,Mumbai - Bandra,Cancelled
108489,2026-04-20,C6450,Mumbai Tadka,Chinese,506,18,3.6,UPI,Mumbai - Dadar,Delivered
108490,2025-09-02,C6247,Borivali Bistro,Beverages,860,19,4.5,Wallet,Mumbai - Vashi,Delayed
108491,2025-03-12,C5171,Borivali Bistro,Healthy Food,1579,75,3.8,Wallet,Mumbai - Kurla,Cancelled
108492,2025-11-05,C3408,Dadar Darbar,Burger,954,70,2.9,UPI,Mumbai - Mulund,Delivered
108493,2025-09-11,C7779,Kurla Kitchen,North Indian,1255,31,4.3,Wallet,Mumbai - Borivali,Delivered
108494,2025-10-31,C6179,Bandra Bites,Chinese,251,73,2.5,Debit Card,Mumbai - Malad,Cancelled
108495,2026-06-17,C5865,Malad Food Hub,Healthy Food,728,60,3.1,Cash,Mumbai - Thane,Delivered
108496,2025-02-26,C3838,Vashi Veg Corner,North Indian,538,24,2.6,Cash,Mumbai - Bandra,Delayed
108497,2025-06-12,C7260,Andheri Kitchen,South Indian,906,20,3.8,Debit Card,Mumbai - Dadar,Cancelled
108498,2025-11-29,C8574,Vashi Veg Corner,Biryani,1261,59,4.3,Debit Card,Mumbai - Kurla,Delivered
108499,2025-03-11,C2317,Ghatkopar Grill,South Indian,1035,27,3.8,Cash,Mumbai - Colaba,Cancelled
108500,2025-03-14,C3841,Dadar Darbar,Pizza,1574,61,4.6,Cash,Mumbai - Kurla,Cancelled
108501,2026-05-25,C2048,Marine Drive Meals,Biryani,1328,30,4.8,Wallet,Mumbai - Malad,Delivered
108502,2026-06-04,C9561,Ghatkopar Grill,Beverages,464,79,3.6,Debit Card,Mumbai - Colaba,Delivered
108503,2026-02-01,C1825,Malad Food Hub,Beverages,1240,85,3.3,Credit Card,Mumbai - Bandra,Delivered
108504,2025-04-17,C5025,Bandra Bites,Desserts,310,31,4.5,UPI,Mumbai - Colaba,Delayed
108505,2025-08-09,C7957,Borivali Bistro,North Indian,176,17,4.3,UPI,Mumbai - Kurla,Cancelled
108506,2025-03-06,C7815,Andheri Kitchen,Chinese,670,68,3.8,Wallet,Mumbai - Vashi,Delivered
108507,2025-05-14,C3594,Ghatkopar Grill,Biryani,1213,19,4.3,Cash,Mumbai - Vashi,Delivered
108508,2026-03-05,C4341,Ghatkopar Grill,Chinese,186,68,4.3,Debit Card,Mumbai - Andheri,Delayed
108509,2026-03-01,C3740,Colaba Cafe,Pizza,871,44,4.6,Cash,Mumbai - Bandra,Delayed
108510,2025-07-19,C9853,Ghatkopar Grill,Beverages,1155,34,4.4,UPI,Mumbai - Ghatkopar,Cancelled
108511,2025-05-02,C3463,Malad Food Hub,Pizza,1625,18,5.0,UPI,Mumbai - Powai,Delayed
108512,2025-01-27,C1873,Marine Drive Meals,Biryani,868,28,3.2,Debit Card,Mumbai - Andheri,Delayed
108513,2025-03-23,C4782,Powai Plates,South Indian,1452,29,4.2,Wallet,Mumbai - Andheri,Delivered
108514,2025-03-11,C4679,Ghatkopar Grill,South Indian,928,82,3.5,Debit Card,Mumbai - Vashi,Cancelled
108515,2025-02-10,C7346,Colaba Cafe,Chinese,990,70,3.8,UPI,Mumbai - Bandra,Delivered
108516,2025-01-21,C8812,Borivali Bistro,North Indian,1681,27,2.8,Cash,Mumbai - Dadar,Cancelled
108517,2026-02-24,C8717,Ghatkopar Grill,Biryani,1366,15,4.6,Wallet,Mumbai - Thane,Delayed
108518,2026-01-27,C5172,Marine Drive Meals,North Indian,1019,23,4.6,Cash,Mumbai - Chembur,Cancelled
108519,2025-04-04,C7312,Mumbai Tadka,Burger,1076,23,3.5,Debit Card,Mumbai - Kurla,Delayed
108520,2026-05-18,C1113,Dadar Darbar,Pizza,823,80,4.9,Debit Card,Mumbai - Chembur,Cancelled
108521,2026-01-29,C3269,Thane Treats,Pizza,253,74,3.0,Cash,Mumbai - Borivali,Delivered
108522,2025-06-08,C2168,Malad Food Hub,South Indian,1410,31,4.1,Wallet,Mumbai - Chembur,Delivered
108523,2026-04-17,C1194,Marine Drive Meals,North Indian,921,81,3.8,Debit Card,Mumbai - Bandra,Delayed
108524,2025-04-01,C1752,Andheri Kitchen,North Indian,302,54,3.9,Cash,Mumbai - Mulund,Delivered
108525,2025-12-10,C4301,Mumbai Tadka,Desserts,343,47,4.0,UPI,Mumbai - Kurla,Cancelled
108526,2025-05-20,C6200,Andheri Kitchen,Chinese,402,65,3.1,Debit Card,Mumbai - Ghatkopar,Delivered
108527,2025-11-15,C5024,Dadar Darbar,Pizza,1702,55,4.3,UPI,Mumbai - Borivali,Delayed
108528,2025-09-09,C1927,Colaba Cafe,Desserts,1317,45,5.0,Wallet,Mumbai - Ghatkopar,Delivered
108529,2025-03-22,C4048,Borivali Bistro,Biryani,449,71,3.6,Credit Card,Mumbai - Thane,Delivered
108530,2025-08-30,C2208,Malad Food Hub,Burger,653,40,3.0,Credit Card,Mumbai - Malad,Delivered
108531,2025-09-03,C2792,Vashi Veg Corner,Healthy Food,457,35,3.4,Cash,Mumbai - Kurla,Delivered
108532,2026-05-09,C2716,Ghatkopar Grill,Burger,1185,37,3.6,Wallet,Mumbai - Dadar,Delivered
108533,2026-03-02,C3631,Bandra Bites,Pizza,697,33,3.5,Debit Card,Mumbai - Andheri,Cancelled
108534,2026-04-08,C9325,Kurla Kitchen,North Indian,792,21,4.1,Wallet,Mumbai - Chembur,Delivered
108535,2025-02-04,C4631,Malad Food Hub,Desserts,1614,72,3.3,Debit Card,Mumbai - Thane,Cancelled
108536,2026-06-13,C4007,Bandra Bites,Healthy Food,1202,31,4.9,Debit Card,Mumbai - Mulund,Delivered
108537,2026-05-13,C6990,Colaba Cafe,Healthy Food,1400,44,3.8,Credit Card,Mumbai - Colaba,Delayed
108538,2025-12-02,C4614,Borivali Bistro,South Indian,630,69,3.0,Cash,Mumbai - Bandra,Delivered
108539,2025-12-30,C3613,Kurla Kitchen,Beverages,521,82,4.8,Wallet,Mumbai - Thane,Delivered
108540,2026-03-08,C6730,Borivali Bistro,Chinese,1016,31,3.5,Credit Card,Mumbai - Andheri,Delivered
108541,2025-04-10,C2580,Borivali Bistro,North Indian,1458,24,2.6,Credit Card,Mumbai - Ghatkopar,Delivered
108542,2025-12-22,C4427,Colaba Cafe,Burger,1306,81,3.4,Credit Card,Mumbai - Ghatkopar,Delayed
108543,2026-05-13,C8910,Colaba Cafe,South Indian,1452,75,5.0,Debit Card,Mumbai - Mulund,Delivered
108544,2025-11-24,C4880,Kurla Kitchen,Chinese,264,28,4.2,Wallet,Mumbai - Ghatkopar,Cancelled
108545,2025-12-19,C5701,Chembur Spice House,North Indian,1084,16,3.3,UPI,Mumbai - Chembur,Cancelled
108546,2026-01-18,C1341,Colaba Cafe,Burger,799,39,4.2,UPI,Mumbai - Thane,Cancelled
108547,2025-05-01,C6866,Mumbai Tadka,Biryani,915,65,3.4,UPI,Mumbai - Andheri,Delivered
108548,2026-03-26,C4836,Vashi Veg Corner,Healthy Food,1756,70,2.8,UPI,Mumbai - Malad,Delayed
108549,2025-05-23,C9147,Colaba Cafe,Desserts,1107,30,3.2,Credit Card,Mumbai - Thane,Cancelled
108550,2025-06-17,C5793,Ghatkopar Grill,Desserts,646,74,4.6,Cash,Mumbai - Dadar,Delivered
108551,2026-03-16,C3594,Malad Food Hub,Chinese,1511,48,3.3,Credit Card,Mumbai - Powai,Delivered
108552,2026-03-22,C5991,Malad Food Hub,Healthy Food,1185,37,2.7,Debit Card,Mumbai - Mulund,Delivered
108553,2026-06-19,C8585,Colaba Cafe,Burger,670,49,2.5,Credit Card,Mumbai - Powai,Delivered
108554,2025-05-21,C2583,Vashi Veg Corner,Beverages,1062,72,2.8,Debit Card,Mumbai - Powai,Cancelled
108555,2025-01-06,C5395,Colaba Cafe,Desserts,658,42,4.1,UPI,Mumbai - Dadar,Delivered
108556,2025-11-22,C4383,Andheri Kitchen,South Indian,1733,49,2.8,Credit Card,Mumbai - Dadar,Delivered
108557,2025-04-11,C2213,Malad Food Hub,North Indian,510,69,4.2,UPI,Mumbai - Malad,Delivered
108558,2025-11-18,C7944,Chembur Spice House,Healthy Food,715,16,4.0,Cash,Mumbai - Bandra,Delivered
108559,2025-01-29,C6658,Malad Food Hub,North Indian,584,21,4.6,Credit Card,Mumbai - Dadar,Delivered
108560,2026-03-22,C1269,Ghatkopar Grill,Burger,1209,25,3.3,Cash,Mumbai - Powai,Cancelled
108561,2026-06-23,C8596,Marine Drive Meals,Pizza,831,22,3.3,Wallet,Mumbai - Andheri,Cancelled
108562,2025-03-22,C1917,Ghatkopar Grill,Chinese,1376,46,4.2,Credit Card,Mumbai - Malad,Delayed
108563,2025-09-01,C7748,Mumbai Tadka,Burger,917,60,4.3,Debit Card,Mumbai - Chembur,Delivered
108564,2026-02-21,C5530,Andheri Kitchen,Pizza,1633,71,4.4,UPI,Mumbai - Ghatkopar,Cancelled
108565,2025-08-31,C5851,Malad Food Hub,Burger,1290,37,4.7,UPI,Mumbai - Chembur,Cancelled
108566,2026-01-31,C9387,Dadar Darbar,Healthy Food,1001,70,3.1,Credit Card,Mumbai - Dadar,Delayed
108567,2025-10-08,C4118,Bandra Bites,Beverages,1419,81,4.2,Wallet,Mumbai - Thane,Delivered
108568,2025-08-22,C3760,Dadar Darbar,Healthy Food,1774,47,3.7,Cash,Mumbai - Ghatkopar,Cancelled
108569,2025-01-25,C4671,Bandra Bites,Burger,899,30,4.3,Debit Card,Mumbai - Colaba,Delivered
108570,2026-04-20,C8512,Andheri Kitchen,Beverages,663,85,3.8,Cash,Mumbai - Powai,Delivered
108571,2025-01-21,C3485,Mumbai Tadka,Pizza,1081,82,3.2,UPI,Mumbai - Andheri,Delivered
108572,2026-01-07,C4873,Andheri Kitchen,Pizza,459,40,2.9,Credit Card,Mumbai - Vashi,Delivered
108573,2026-05-31,C3012,Malad Food Hub,Burger,165,69,2.6,Cash,Mumbai - Dadar,Delivered
108574,2025-12-16,C4628,Chembur Spice House,South Indian,469,56,4.7,Debit Card,Mumbai - Colaba,Delivered
108575,2025-01-13,C5409,Ghatkopar Grill,Burger,961,38,4.6,Cash,Mumbai - Bandra,Cancelled
108576,2025-05-02,C3653,Chembur Spice House,Chinese,1002,33,2.9,Wallet,Mumbai - Powai,Delayed
108577,2025-11-11,C4668,Marine Drive Meals,Pizza,884,15,2.8,Wallet,Mumbai - Bandra,Delivered
108578,2025-10-24,C8772,Bandra Bites,North Indian,195,45,3.1,Debit Card,Mumbai - Powai,Delivered
108579,2025-12-24,C6220,Borivali Bistro,Healthy Food,583,59,4.7,UPI,Mumbai - Dadar,Delivered
108580,2025-11-30,C8815,Bandra Bites,North Indian,311,61,3.8,UPI,Mumbai - Vashi,Cancelled
108581,2026-02-23,C8218,Kurla Kitchen,Chinese,563,15,5.0,Credit Card,Mumbai - Colaba,Delivered
108582,2025-01-15,C3976,Andheri Kitchen,Chinese,1752,52,3.5,Wallet,Mumbai - Malad,Cancelled
108583,2026-03-18,C9811,Ghatkopar Grill,Desserts,1731,65,4.0,UPI,Mumbai - Kurla,Delivered
108584,2025-01-16,C6462,Mumbai Tadka,Beverages,527,40,2.8,Wallet,Mumbai - Kurla,Delivered
108585,2025-11-01,C6632,Kurla Kitchen,Biryani,1750,85,3.7,Wallet,Mumbai - Kurla,Cancelled
108586,2025-09-15,C6398,Andheri Kitchen,Chinese,544,64,4.7,Cash,Mumbai - Borivali,Delayed
108587,2025-01-29,C9866,Mumbai Tadka,Biryani,1129,47,3.4,UPI,Mumbai - Thane,Delayed
108588,2025-04-29,C4835,Andheri Kitchen,North Indian,779,30,2.9,Credit Card,Mumbai - Ghatkopar,Delivered
108589,2026-04-28,C5857,Dadar Darbar,Burger,1387,80,3.1,Credit Card,Mumbai - Chembur,Delivered
108590,2026-02-18,C3575,Malad Food Hub,Chinese,1786,59,3.9,Debit Card,Mumbai - Colaba,Delivered
108591,2025-04-13,C8904,Borivali Bistro,South Indian,239,74,4.7,Credit Card,Mumbai - Ghatkopar,Delivered
108592,2025-07-01,C9823,Powai Plates,North Indian,1523,51,4.5,Cash,Mumbai - Malad,Delivered
108593,2026-05-28,C4740,Mumbai Tadka,Biryani,1491,57,4.3,Cash,Mumbai - Malad,Delivered
108594,2025-07-27,C7270,Borivali Bistro,Chinese,272,74,4.3,Cash,Mumbai - Ghatkopar,Cancelled
108595,2025-06-15,C4332,Ghatkopar Grill,South Indian,1282,16,4.3,Credit Card,Mumbai - Chembur,Cancelled
108596,2025-09-06,C3221,Colaba Cafe,Pizza,1580,59,3.1,Cash,Mumbai - Dadar,Delayed
108597,2025-08-24,C6730,Dadar Darbar,Biryani,1645,48,4.9,Cash,Mumbai - Ghatkopar,Delayed
108598,2025-10-08,C9799,Borivali Bistro,Biryani,717,60,4.5,Wallet,Mumbai - Powai,Delivered
108599,2025-02-27,C8311,Vashi Veg Corner,North Indian,470,21,3.9,Debit Card,Mumbai - Powai,Delivered
108600,2025-03-05,C4082,Bandra Bites,Biryani,858,32,4.6,Wallet,Mumbai - Dadar,Delivered
108601,2026-01-28,C7541,Chembur Spice House,Healthy Food,1086,20,4.6,Cash,Mumbai - Thane,Delivered
108602,2026-03-01,C6984,Kurla Kitchen,Biryani,831,54,4.8,Debit Card,Mumbai - Mulund,Delayed
108603,2026-05-26,C5617,Bandra Bites,Beverages,1444,67,2.8,Cash,Mumbai - Kurla,Delayed
108604,2025-07-19,C5526,Thane Treats,Healthy Food,234,34,4.4,Wallet,Mumbai - Ghatkopar,Cancelled
108605,2025-03-13,C5683,Borivali Bistro,Pizza,1003,16,3.3,UPI,Mumbai - Andheri,Delivered
108606,2025-03-07,C6663,Andheri Kitchen,Burger,1716,49,4.5,Cash,Mumbai - Bandra,Delivered
108607,2025-09-14,C7957,Mumbai Tadka,Desserts,1726,68,3.5,Wallet,Mumbai - Ghatkopar,Delivered
108608,2025-11-14,C4157,Colaba Cafe,Biryani,883,78,3.9,UPI,Mumbai - Kurla,Delivered
108609,2025-10-31,C3385,Dadar Darbar,North Indian,748,38,3.3,UPI,Mumbai - Powai,Delivered
108610,2026-03-25,C3135,Kurla Kitchen,South Indian,1428,77,3.5,Debit Card,Mumbai - Powai,Delivered
108611,2025-03-16,C9902,Malad Food Hub,Burger,1131,17,3.6,UPI,Mumbai - Mulund,Cancelled
108612,2026-02-19,C4614,Ghatkopar Grill,South Indian,1636,59,4.9,Debit Card,Mumbai - Powai,Delivered
108613,2025-11-19,C5429,Malad Food Hub,South Indian,1744,70,4.1,UPI,Mumbai - Malad,Delivered
108614,2025-01-14,C6774,Andheri Kitchen,Pizza,1634,72,3.0,Wallet,Mumbai - Thane,Delayed
108615,2025-07-29,C9783,Kurla Kitchen,Desserts,1461,36,2.6,UPI,Mumbai - Chembur,Delayed
108616,2026-05-01,C8609,Mumbai Tadka,Healthy Food,1119,51,4.3,UPI,Mumbai - Borivali,Delivered
108617,2025-10-17,C2299,Bandra Bites,South Indian,778,58,2.7,Wallet,Mumbai - Malad,Delayed
108618,2026-04-16,C2238,Kurla Kitchen,Desserts,258,59,4.6,Cash,Mumbai - Ghatkopar,Delivered
108619,2026-01-17,C6505,Ghatkopar Grill,South Indian,195,32,3.5,Debit Card,Mumbai - Ghatkopar,Delivered
108620,2026-05-20,C6511,Dadar Darbar,South Indian,368,61,3.8,Wallet,Mumbai - Ghatkopar,Cancelled
108621,2025-11-30,C8611,Thane Treats,Burger,1649,35,2.6,UPI,Mumbai - Malad,Delivered
108622,2026-06-21,C4663,Chembur Spice House,Beverages,337,56,2.6,Wallet,Mumbai - Malad,Delivered
108623,2026-03-25,C9449,Chembur Spice House,Healthy Food,957,53,3.1,Debit Card,Mumbai - Mulund,Delivered
108624,2025-06-29,C7812,Malad Food Hub,Desserts,1607,52,4.1,Wallet,Mumbai - Ghatkopar,Delivered
108625,2026-02-17,C8648,Chembur Spice House,South Indian,144,60,3.4,Wallet,Mumbai - Chembur,Delivered
108626,2026-06-15,C2045,Marine Drive Meals,Beverages,236,54,3.0,Cash,Mumbai - Colaba,Cancelled
108627,2025-02-22,C7778,Ghatkopar Grill,Chinese,1062,25,4.7,Debit Card,Mumbai - Mulund,Delayed
108628,2026-05-29,C1144,Vashi Veg Corner,Burger,348,70,3.6,UPI,Mumbai - Bandra,Delivered
108629,2025-03-28,C2594,Colaba Cafe,Burger,1393,58,4.4,Credit Card,Mumbai - Andheri,Cancelled
108630,2025-12-30,C3489,Andheri Kitchen,Beverages,954,34,2.6,Debit Card,Mumbai - Powai,Delivered
108631,2025-01-12,C1822,Borivali Bistro,Pizza,599,32,4.7,Debit Card,Mumbai - Andheri,Delivered
108632,2025-03-30,C3915,Dadar Darbar,North Indian,1629,35,2.6,Wallet,Mumbai - Mulund,Delayed
108633,2025-09-03,C2370,Mumbai Tadka,Chinese,607,32,4.3,Wallet,Mumbai - Ghatkopar,Delivered
108634,2025-09-23,C8454,Borivali Bistro,South Indian,1508,85,4.8,Credit Card,Mumbai - Borivali,Delivered
108635,2025-09-12,C9973,Colaba Cafe,Burger,1264,20,2.7,Credit Card,Mumbai - Powai,Delayed
108636,2026-03-12,C2641,Vashi Veg Corner,North Indian,1436,18,2.7,Credit Card,Mumbai - Malad,Delayed
108637,2026-02-21,C8714,Dadar Darbar,South Indian,1134,21,4.1,Credit Card,Mumbai - Bandra,Delivered
108638,2025-06-03,C3256,Mumbai Tadka,Beverages,954,31,3.5,Cash,Mumbai - Thane,Delivered
108639,2026-06-10,C9830,Colaba Cafe,North Indian,1516,47,2.9,UPI,Mumbai - Dadar,Delivered
108640,2025-09-09,C1675,Ghatkopar Grill,Burger,1707,26,3.4,Debit Card,Mumbai - Thane,Delivered
108641,2025-04-16,C5494,Marine Drive Meals,Burger,967,81,4.3,Cash,Mumbai - Thane,Delivered
108642,2026-02-25,C8190,Andheri Kitchen,Pizza,1472,63,4.0,Wallet,Mumbai - Thane,Cancelled
108643,2026-01-04,C8787,Ghatkopar Grill,Chinese,1479,30,5.0,Cash,Mumbai - Andheri,Cancelled
108644,2026-03-27,C3343,Powai Plates,Healthy Food,1061,75,4.9,Debit Card,Mumbai - Andheri,Delayed
108645,2026-05-28,C5364,Ghatkopar Grill,Pizza,1615,84,4.4,Credit Card,Mumbai - Ghatkopar,Delivered
108646,2025-04-16,C6881,Ghatkopar Grill,Pizza,472,63,3.8,Credit Card,Mumbai - Dadar,Delayed
108647,2025-12-31,C3583,Mumbai Tadka,Chinese,531,54,3.0,Cash,Mumbai - Kurla,Delivered
108648,2025-01-02,C9223,Vashi Veg Corner,Pizza,209,68,3.5,Credit Card,Mumbai - Powai,Delivered
108649,2025-05-01,C3203,Kurla Kitchen,Beverages,1267,69,3.5,Debit Card,Mumbai - Mulund,Cancelled
108650,2025-01-07,C4095,Bandra Bites,Beverages,178,67,4.8,Wallet,Mumbai - Ghatkopar,Cancelled
108651,2025-08-17,C7082,Borivali Bistro,Beverages,1562,22,3.0,Credit Card,Mumbai - Chembur,Delivered
108652,2025-11-01,C7368,Borivali Bistro,Burger,1224,26,2.7,Wallet,Mumbai - Kurla,Cancelled
108653,2026-03-26,C1607,Thane Treats,Burger,110,16,2.8,Debit Card,Mumbai - Colaba,Delayed
108654,2026-03-17,C4725,Kurla Kitchen,Healthy Food,185,19,3.5,Credit Card,Mumbai - Bandra,Cancelled
108655,2026-05-25,C7075,Andheri Kitchen,Biryani,1063,49,4.1,Credit Card,Mumbai - Chembur,Delayed
108656,2025-02-23,C1834,Andheri Kitchen,Biryani,1407,54,3.1,UPI,Mumbai - Kurla,Delivered
108657,2025-05-01,C3618,Ghatkopar Grill,North Indian,1607,47,4.7,Debit Card,Mumbai - Powai,Delayed
108658,2025-10-28,C1621,Bandra Bites,Biryani,1029,71,4.6,Wallet,Mumbai - Malad,Delayed
108659,2025-07-05,C5060,Kurla Kitchen,Pizza,478,27,3.2,Wallet,Mumbai - Andheri,Delivered
108660,2025-12-20,C8230,Vashi Veg Corner,South Indian,499,38,4.7,Wallet,Mumbai - Bandra,Delivered
108661,2025-06-10,C7964,Thane Treats,North Indian,1449,43,3.3,Wallet,Mumbai - Andheri,Delivered
108662,2025-06-07,C8345,Colaba Cafe,Beverages,999,40,3.0,UPI,Mumbai - Powai,Cancelled
108663,2025-01-14,C8179,Dadar Darbar,Burger,887,37,2.6,Credit Card,Mumbai - Chembur,Delayed
108664,2025-03-17,C7663,Malad Food Hub,Pizza,893,83,4.3,Credit Card,Mumbai - Mulund,Delivered
108665,2026-06-06,C2746,Colaba Cafe,Healthy Food,144,60,3.3,Debit Card,Mumbai - Ghatkopar,Delayed
108666,2025-02-28,C2730,Thane Treats,North Indian,1715,28,3.3,Cash,Mumbai - Thane,Cancelled
108667,2025-02-19,C4390,Ghatkopar Grill,Pizza,475,31,4.7,Cash,Mumbai - Malad,Delivered
108668,2025-10-24,C1635,Kurla Kitchen,North Indian,1220,62,4.2,Debit Card,Mumbai - Dadar,Delivered
108669,2025-09-17,C6233,Marine Drive Meals,North Indian,951,19,4.6,UPI,Mumbai - Colaba,Cancelled
108670,2025-09-19,C4360,Dadar Darbar,North Indian,527,31,3.1,Credit Card,Mumbai - Colaba,Delivered
108671,2025-02-03,C2159,Chembur Spice House,Biryani,133,48,4.6,Cash,Mumbai - Mulund,Delivered
108672,2025-04-06,C4719,Vashi Veg Corner,Burger,462,70,4.9,UPI,Mumbai - Borivali,Cancelled
108673,2025-05-14,C1558,Vashi Veg Corner,Beverages,333,72,3.9,Debit Card,Mumbai - Ghatkopar,Delivered
108674,2026-05-01,C1191,Bandra Bites,Desserts,754,20,3.6,UPI,Mumbai - Colaba,Delivered
108675,2025-10-01,C7043,Borivali Bistro,South Indian,1186,54,3.8,Debit Card,Mumbai - Colaba,Delayed
108676,2026-04-08,C1623,Thane Treats,Desserts,1476,73,4.9,Credit Card,Mumbai - Dadar,Cancelled
108677,2026-05-16,C1869,Bandra Bites,Pizza,400,49,4.9,Debit Card,Mumbai - Dadar,Delayed
108678,2025-08-27,C5265,Colaba Cafe,Beverages,1211,46,4.3,Cash,Mumbai - Colaba,Delivered
108679,2025-06-06,C9995,Marine Drive Meals,North Indian,319,59,4.1,UPI,Mumbai - Mulund,Cancelled
108680,2025-04-23,C5352,Marine Drive Meals,Biryani,1631,80,4.8,Debit Card,Mumbai - Vashi,Cancelled
108681,2025-12-09,C9273,Thane Treats,Desserts,701,81,3.7,UPI,Mumbai - Andheri,Delivered
108682,2026-02-24,C4070,Thane Treats,Pizza,698,27,4.5,Debit Card,Mumbai - Vashi,Delivered
108683,2025-07-07,C8945,Chembur Spice House,Beverages,1036,80,4.7,Credit Card,Mumbai - Andheri,Delivered
108684,2025-02-01,C9965,Colaba Cafe,North Indian,1552,71,4.0,Debit Card,Mumbai - Ghatkopar,Delivered
108685,2025-07-22,C5405,Andheri Kitchen,Biryani,808,42,4.5,Cash,Mumbai - Borivali,Delivered
108686,2025-02-19,C6027,Borivali Bistro,Biryani,334,65,3.7,Credit Card,Mumbai - Andheri,Delivered
108687,2026-03-13,C6660,Vashi Veg Corner,Biryani,128,18,3.7,Cash,Mumbai - Chembur,Cancelled
108688,2025-07-08,C7736,Powai Plates,Desserts,527,76,2.7,Credit Card,Mumbai - Dadar,Delivered
108689,2025-12-13,C2044,Mumbai Tadka,North Indian,1161,33,3.4,Debit Card,Mumbai - Dadar,Delivered
108690,2025-09-12,C7911,Bandra Bites,South Indian,1591,20,4.8,Wallet,Mumbai - Borivali,Cancelled
108691,2025-11-21,C3902,Borivali Bistro,Healthy Food,1746,48,4.4,Wallet,Mumbai - Bandra,Delivered
108692,2025-09-09,C7892,Marine Drive Meals,Burger,636,70,4.0,UPI,Mumbai - Andheri,Delivered
108693,2025-09-02,C8293,Dadar Darbar,Biryani,1048,43,4.3,Wallet,Mumbai - Chembur,Delivered
108694,2025-01-13,C8302,Mumbai Tadka,Burger,589,55,3.5,Wallet,Mumbai - Andheri,Cancelled
108695,2025-06-06,C6977,Borivali Bistro,South Indian,907,33,3.7,Debit Card,Mumbai - Kurla,Delivered
108696,2026-02-05,C3316,Dadar Darbar,South Indian,1737,43,3.5,Wallet,Mumbai - Bandra,Delayed
108697,2025-03-17,C9428,Powai Plates,Beverages,725,41,4.1,Debit Card,Mumbai - Vashi,Delayed
108698,2026-06-20,C5656,Colaba Cafe,North Indian,880,48,4.1,Wallet,Mumbai - Colaba,Delayed
108699,2026-01-13,C4772,Mumbai Tadka,South Indian,1573,61,4.5,Wallet,Mumbai - Dadar,Cancelled
108700,2026-01-03,C8420,Bandra Bites,South Indian,438,33,4.3,Debit Card,Mumbai - Malad,Delayed
108701,2026-04-11,C5437,Malad Food Hub,South Indian,790,69,2.6,Wallet,Mumbai - Chembur,Delayed
108702,2025-01-18,C2350,Ghatkopar Grill,South Indian,1108,67,3.8,UPI,Mumbai - Thane,Delivered
108703,2025-11-13,C1895,Andheri Kitchen,Beverages,181,43,3.9,Credit Card,Mumbai - Borivali,Delayed
108704,2025-03-16,C8145,Chembur Spice House,Pizza,1485,77,3.1,UPI,Mumbai - Bandra,Delivered
108705,2025-11-24,C3086,Vashi Veg Corner,Biryani,649,80,4.4,Wallet,Mumbai - Thane,Delivered
108706,2026-01-24,C8935,Malad Food Hub,Chinese,1237,32,4.1,Cash,Mumbai - Malad,Delivered
108707,2026-02-01,C5226,Bandra Bites,Pizza,648,48,4.7,Debit Card,Mumbai - Andheri,Delayed
108708,2025-12-01,C6400,Dadar Darbar,Desserts,1357,58,2.8,Cash,Mumbai - Malad,Cancelled
108709,2025-01-29,C1419,Colaba Cafe,Burger,1003,41,3.9,Debit Card,Mumbai - Mulund,Delivered
108710,2026-03-26,C1831,Andheri Kitchen,Desserts,112,68,3.6,Credit Card,Mumbai - Andheri,Cancelled
108711,2025-02-05,C7009,Mumbai Tadka,North Indian,1155,50,3.2,Cash,Mumbai - Malad,Delayed
108712,2026-03-12,C7100,Borivali Bistro,Chinese,782,61,2.5,Cash,Mumbai - Ghatkopar,Delivered
108713,2025-11-01,C2918,Borivali Bistro,North Indian,1155,18,3.3,Debit Card,Mumbai - Ghatkopar,Delivered
108714,2026-03-26,C5015,Thane Treats,Biryani,191,74,3.4,Cash,Mumbai - Malad,Delivered
108715,2025-02-27,C7615,Colaba Cafe,Biryani,1278,73,2.5,Credit Card,Mumbai - Bandra,Delivered
108716,2025-07-10,C6910,Borivali Bistro,South Indian,1767,75,3.0,Wallet,Mumbai - Andheri,Delivered
108717,2025-07-05,C5696,Thane Treats,Healthy Food,1392,78,3.4,Wallet,Mumbai - Mulund,Delivered
108718,2025-12-02,C5324,Andheri Kitchen,Healthy Food,394,37,4.0,Wallet,Mumbai - Chembur,Delivered
108719,2025-08-31,C1392,Thane Treats,Beverages,1249,16,4.9,Wallet,Mumbai - Ghatkopar,Delivered
108720,2025-03-03,C7033,Kurla Kitchen,South Indian,1597,66,3.0,Credit Card,Mumbai - Chembur,Delayed
108721,2026-06-10,C4964,Thane Treats,North Indian,475,65,4.5,Wallet,Mumbai - Colaba,Cancelled
108722,2025-04-30,C8571,Kurla Kitchen,Healthy Food,719,42,4.4,UPI,Mumbai - Powai,Cancelled
108723,2026-01-23,C4350,Marine Drive Meals,Biryani,167,27,3.9,Credit Card,Mumbai - Borivali,Delayed
108724,2026-04-25,C7909,Andheri Kitchen,Pizza,353,47,2.6,Debit Card,Mumbai - Bandra,Delivered
108725,2025-11-03,C7327,Andheri Kitchen,Chinese,1524,73,3.3,Debit Card,Mumbai - Dadar,Delayed
108726,2025-02-20,C6272,Ghatkopar Grill,Chinese,978,43,3.1,Wallet,Mumbai - Ghatkopar,Delivered
108727,2026-06-05,C1651,Thane Treats,South Indian,286,54,3.5,Debit Card,Mumbai - Vashi,Cancelled
108728,2025-08-23,C9158,Dadar Darbar,Desserts,1137,51,4.4,Wallet,Mumbai - Vashi,Delayed
108729,2025-07-20,C6207,Chembur Spice House,South Indian,1226,58,2.9,Cash,Mumbai - Chembur,Cancelled
108730,2026-05-07,C5322,Dadar Darbar,Burger,1190,34,3.6,UPI,Mumbai - Chembur,Delivered
108731,2025-09-22,C3642,Thane Treats,Biryani,1041,20,4.2,Cash,Mumbai - Chembur,Delivered
108732,2026-06-07,C3249,Chembur Spice House,Biryani,490,39,4.2,Cash,Mumbai - Colaba,Delivered
108733,2025-10-05,C8845,Bandra Bites,Chinese,360,16,3.7,Cash,Mumbai - Dadar,Delayed
108734,2025-06-11,C5389,Kurla Kitchen,Desserts,421,84,4.2,Wallet,Mumbai - Vashi,Cancelled
108735,2025-07-27,C9290,Vashi Veg Corner,Biryani,1492,44,2.8,Credit Card,Mumbai - Kurla,Delayed
108736,2025-08-01,C1657,Mumbai Tadka,Healthy Food,766,63,3.7,Cash,Mumbai - Vashi,Delivered
108737,2025-03-17,C6111,Borivali Bistro,Burger,1276,30,3.3,Credit Card,Mumbai - Powai,Delayed
108738,2025-12-30,C5520,Vashi Veg Corner,Desserts,1292,47,3.0,Wallet,Mumbai - Vashi,Delivered
108739,2025-08-04,C6100,Vashi Veg Corner,Burger,1709,61,4.1,UPI,Mumbai - Malad,Delivered
108740,2026-06-04,C1542,Vashi Veg Corner,Desserts,1440,61,3.1,Wallet,Mumbai - Malad,Cancelled
108741,2025-09-08,C3751,Dadar Darbar,Burger,312,27,3.0,UPI,Mumbai - Thane,Delivered
108742,2026-01-09,C3843,Andheri Kitchen,Biryani,192,18,5.0,Wallet,Mumbai - Kurla,Delivered
108743,2026-03-02,C9599,Mumbai Tadka,Biryani,1531,41,2.8,Cash,Mumbai - Chembur,Cancelled
108744,2025-10-19,C1427,Thane Treats,Chinese,1478,77,3.5,UPI,Mumbai - Dadar,Cancelled
108745,2026-03-02,C4502,Vashi Veg Corner,South Indian,230,78,4.5,UPI,Mumbai - Ghatkopar,Delivered
108746,2025-05-28,C9688,Mumbai Tadka,Chinese,258,66,4.2,Debit Card,Mumbai - Ghatkopar,Cancelled
108747,2026-03-31,C1678,Borivali Bistro,Biryani,1562,64,4.6,Wallet,Mumbai - Malad,Delivered
108748,2026-04-24,C4206,Andheri Kitchen,North Indian,1513,46,3.5,Cash,Mumbai - Borivali,Delivered
108749,2025-01-01,C1030,Kurla Kitchen,Desserts,1635,75,4.6,UPI,Mumbai - Powai,Delivered
108750,2025-07-10,C2835,Vashi Veg Corner,Beverages,607,55,4.9,Credit Card,Mumbai - Bandra,Delayed
108751,2025-01-10,C1705,Malad Food Hub,Biryani,188,68,2.8,Credit Card,Mumbai - Andheri,Delayed
108752,2026-01-11,C2616,Mumbai Tadka,Desserts,341,48,3.2,Cash,Mumbai - Ghatkopar,Delayed
108753,2025-06-03,C4081,Thane Treats,Beverages,789,35,4.0,UPI,Mumbai - Chembur,Delivered
108754,2026-04-03,C3434,Thane Treats,Chinese,1186,29,3.4,UPI,Mumbai - Borivali,Delivered
108755,2025-12-18,C1006,Dadar Darbar,Chinese,720,70,4.0,UPI,Mumbai - Thane,Delivered
108756,2025-03-19,C6759,Malad Food Hub,South Indian,209,27,4.3,UPI,Mumbai - Mulund,Cancelled
108757,2025-05-21,C3819,Vashi Veg Corner,Biryani,1217,63,2.8,UPI,Mumbai - Kurla,Delivered
108758,2025-03-14,C2974,Bandra Bites,Beverages,1669,30,3.2,UPI,Mumbai - Bandra,Delivered
108759,2026-06-19,C8135,Ghatkopar Grill,Desserts,290,62,2.8,Credit Card,Mumbai - Andheri,Delayed
108760,2026-06-13,C8286,Malad Food Hub,Chinese,325,22,3.8,Credit Card,Mumbai - Borivali,Delivered
108761,2026-06-24,C1051,Powai Plates,Chinese,826,53,3.0,UPI,Mumbai - Malad,Delayed
108762,2025-11-15,C4638,Ghatkopar Grill,Burger,158,35,2.7,Credit Card,Mumbai - Malad,Delivered
108763,2026-04-17,C7618,Thane Treats,South Indian,1403,55,4.3,Debit Card,Mumbai - Malad,Delivered
108764,2026-01-26,C1537,Marine Drive Meals,Pizza,1646,31,4.8,UPI,Mumbai - Chembur,Delayed
108765,2025-07-30,C7735,Marine Drive Meals,Desserts,703,69,3.6,UPI,Mumbai - Powai,Delayed
108766,2025-09-16,C5767,Thane Treats,South Indian,349,53,3.7,Debit Card,Mumbai - Bandra,Delayed
108767,2025-03-10,C9769,Thane Treats,North Indian,1567,48,3.3,Cash,Mumbai - Vashi,Delivered
108768,2025-08-28,C3823,Mumbai Tadka,Desserts,1411,23,2.8,Wallet,Mumbai - Dadar,Delivered
108769,2026-06-16,C6781,Thane Treats,Chinese,1042,16,2.8,UPI,Mumbai - Thane,Delayed
108770,2026-03-13,C1419,Andheri Kitchen,South Indian,675,34,3.6,UPI,Mumbai - Vashi,Cancelled
108771,2026-06-04,C8182,Dadar Darbar,Chinese,1448,50,3.7,Debit Card,Mumbai - Borivali,Delivered
108772,2025-07-29,C6845,Andheri Kitchen,Pizza,225,58,4.8,UPI,Mumbai - Vashi,Delivered
108773,2025-08-03,C7821,Kurla Kitchen,South Indian,1428,52,4.4,Cash,Mumbai - Thane,Delayed
108774,2026-01-15,C1850,Malad Food Hub,Burger,1632,41,2.5,UPI,Mumbai - Bandra,Delivered
108775,2025-10-12,C8791,Thane Treats,Healthy Food,318,30,2.8,Cash,Mumbai - Andheri,Delivered
108776,2025-07-07,C6183,Borivali Bistro,North Indian,820,71,4.1,Debit Card,Mumbai - Thane,Delivered
108777,2026-06-07,C3651,Chembur Spice House,Biryani,290,48,2.7,Cash,Mumbai - Andheri,Delivered
108778,2026-04-20,C4523,Ghatkopar Grill,Biryani,1173,76,3.3,Wallet,Mumbai - Bandra,Delivered
108779,2025-10-13,C4233,Vashi Veg Corner,South Indian,241,41,2.5,Debit Card,Mumbai - Borivali,Cancelled
108780,2025-02-25,C7028,Vashi Veg Corner,Healthy Food,1505,75,4.2,UPI,Mumbai - Powai,Delayed
108781,2026-03-02,C2207,Bandra Bites,Chinese,1117,66,3.7,Credit Card,Mumbai - Andheri,Cancelled
108782,2026-06-22,C4995,Vashi Veg Corner,North Indian,1042,50,2.5,Wallet,Mumbai - Malad,Delivered
108783,2025-12-31,C6507,Borivali Bistro,South Indian,576,59,3.6,UPI,Mumbai - Vashi,Delivered
108784,2025-08-11,C6960,Thane Treats,Desserts,1437,76,3.8,Wallet,Mumbai - Bandra,Cancelled
108785,2025-12-19,C5841,Bandra Bites,Pizza,376,78,4.4,Wallet,Mumbai - Chembur,Delayed
108786,2026-06-18,C7198,Bandra Bites,Beverages,677,21,4.8,Debit Card,Mumbai - Colaba,Delivered
108787,2025-12-22,C3900,Dadar Darbar,Chinese,986,35,3.1,Debit Card,Mumbai - Bandra,Delivered
108788,2025-12-10,C4392,Marine Drive Meals,South Indian,1658,54,3.0,UPI,Mumbai - Kurla,Delivered
108789,2026-06-13,C7933,Bandra Bites,Beverages,479,23,3.3,Debit Card,Mumbai - Ghatkopar,Delivered
108790,2025-09-13,C5235,Thane Treats,North Indian,1427,36,3.7,Wallet,Mumbai - Chembur,Delayed
108791,2025-12-26,C2447,Vashi Veg Corner,North Indian,1541,53,4.4,Cash,Mumbai - Vashi,Delayed
108792,2026-05-03,C2937,Ghatkopar Grill,Desserts,1382,55,4.3,Wallet,Mumbai - Colaba,Delivered
108793,2026-03-04,C8539,Ghatkopar Grill,Pizza,1682,21,3.1,Debit Card,Mumbai - Kurla,Delayed
108794,2025-12-20,C1695,Andheri Kitchen,Burger,1366,39,3.2,Debit Card,Mumbai - Malad,Delayed
108795,2025-05-17,C4048,Thane Treats,Desserts,1308,19,3.9,Credit Card,Mumbai - Powai,Delayed
108796,2026-04-23,C3889,Borivali Bistro,Healthy Food,869,75,3.6,Wallet,Mumbai - Ghatkopar,Delivered
108797,2025-12-04,C8708,Malad Food Hub,Burger,904,85,4.1,UPI,Mumbai - Thane,Delivered
108798,2025-12-20,C3525,Malad Food Hub,North Indian,1391,68,2.8,UPI,Mumbai - Mulund,Cancelled
108799,2026-06-10,C7075,Malad Food Hub,Burger,1419,50,4.5,Cash,Mumbai - Bandra,Delivered
108800,2025-09-29,C6011,Chembur Spice House,North Indian,1223,31,3.4,Debit Card,Mumbai - Thane,Delivered
108801,2026-02-20,C6263,Vashi Veg Corner,Chinese,487,24,3.6,Wallet,Mumbai - Andheri,Delivered
108802,2025-02-14,C5308,Colaba Cafe,Desserts,911,36,3.9,Cash,Mumbai - Vashi,Delivered
108803,2026-01-31,C6575,Ghatkopar Grill,Chinese,1530,79,3.2,Cash,Mumbai - Chembur,Delayed
108804,2025-04-26,C2383,Dadar Darbar,Desserts,630,44,4.7,Credit Card,Mumbai - Malad,Delivered
108805,2025-04-11,C5266,Thane Treats,Healthy Food,766,57,3.9,Debit Card,Mumbai - Bandra,Delivered
108806,2026-01-01,C7642,Colaba Cafe,Biryani,1360,81,2.5,Cash,Mumbai - Bandra,Delivered
108807,2025-11-27,C6731,Borivali Bistro,Beverages,649,49,2.9,Cash,Mumbai - Dadar,Delivered
108808,2026-03-23,C5608,Bandra Bites,Beverages,137,20,2.8,UPI,Mumbai - Malad,Delivered
108809,2025-06-12,C4957,Mumbai Tadka,Beverages,936,70,4.4,Cash,Mumbai - Bandra,Delayed
108810,2026-01-25,C4349,Chembur Spice House,North Indian,1782,61,4.1,Cash,Mumbai - Colaba,Delivered
108811,2025-08-26,C5911,Mumbai Tadka,South Indian,1150,28,4.5,UPI,Mumbai - Dadar,Delivered
108812,2025-01-12,C4940,Ghatkopar Grill,Burger,836,68,4.9,Wallet,Mumbai - Chembur,Cancelled
108813,2026-06-22,C2950,Malad Food Hub,South Indian,1269,27,2.5,Wallet,Mumbai - Mulund,Delayed
108814,2025-05-06,C1082,Powai Plates,South Indian,1175,78,4.1,Debit Card,Mumbai - Malad,Delivered
108815,2025-01-16,C9741,Andheri Kitchen,Healthy Food,925,48,2.7,Debit Card,Mumbai - Kurla,Delivered
108816,2026-03-24,C1979,Thane Treats,Burger,920,41,4.4,Wallet,Mumbai - Mulund,Delivered
108817,2025-03-16,C5860,Andheri Kitchen,Healthy Food,523,29,3.3,Debit Card,Mumbai - Powai,Delivered
108818,2025-01-11,C5087,Colaba Cafe,North Indian,524,61,4.1,Debit Card,Mumbai - Andheri,Delayed
108819,2025-04-09,C5386,Chembur Spice House,Pizza,581,40,3.6,UPI,Mumbai - Andheri,Cancelled
108820,2025-03-22,C7771,Bandra Bites,Biryani,1435,76,4.9,Debit Card,Mumbai - Thane,Delayed
108821,2025-01-08,C8896,Andheri Kitchen,Biryani,1489,41,2.6,Debit Card,Mumbai - Bandra,Delivered
108822,2025-09-30,C8369,Borivali Bistro,Beverages,937,64,3.7,UPI,Mumbai - Dadar,Delayed
108823,2026-06-21,C6062,Bandra Bites,Pizza,1210,19,4.5,Cash,Mumbai - Powai,Delayed
108824,2025-12-09,C1349,Colaba Cafe,Beverages,1126,31,3.8,Wallet,Mumbai - Dadar,Delivered
108825,2026-05-19,C4072,Marine Drive Meals,Beverages,1490,59,5.0,Cash,Mumbai - Dadar,Delivered
108826,2026-06-16,C8881,Dadar Darbar,North Indian,1655,22,4.4,Credit Card,Mumbai - Thane,Delivered
108827,2025-09-01,C5010,Powai Plates,North Indian,770,20,3.0,Credit Card,Mumbai - Ghatkopar,Cancelled
108828,2025-03-01,C1636,Colaba Cafe,Healthy Food,1695,61,3.9,Debit Card,Mumbai - Borivali,Cancelled
108829,2025-12-30,C7853,Andheri Kitchen,Healthy Food,1326,53,3.7,Debit Card,Mumbai - Borivali,Delivered
108830,2025-08-03,C9951,Borivali Bistro,Burger,1292,42,5.0,Wallet,Mumbai - Colaba,Delivered
108831,2025-01-12,C6312,Dadar Darbar,Desserts,1619,59,4.6,Wallet,Mumbai - Malad,Delivered
108832,2025-08-29,C8985,Chembur Spice House,Desserts,797,77,2.6,Cash,Mumbai - Ghatkopar,Delayed
108833,2026-02-17,C9898,Mumbai Tadka,Pizza,408,33,4.4,UPI,Mumbai - Chembur,Delayed
108834,2026-06-03,C2913,Mumbai Tadka,Beverages,939,42,3.8,Wallet,Mumbai - Ghatkopar,Delivered
108835,2025-10-23,C5071,Vashi Veg Corner,Pizza,1567,38,2.6,Wallet,Mumbai - Andheri,Delivered
108836,2025-02-25,C1256,Mumbai Tadka,Biryani,278,38,3.0,UPI,Mumbai - Bandra,Delivered
108837,2026-02-27,C2698,Kurla Kitchen,Healthy Food,128,74,3.3,Wallet,Mumbai - Colaba,Delivered
108838,2025-07-14,C5262,Colaba Cafe,Desserts,419,39,3.8,Debit Card,Mumbai - Kurla,Delivered
108839,2026-04-16,C7459,Chembur Spice House,Healthy Food,580,76,4.2,Debit Card,Mumbai - Borivali,Delivered
108840,2025-09-07,C6698,Marine Drive Meals,South Indian,143,22,3.5,Credit Card,Mumbai - Dadar,Delivered
108841,2025-12-31,C4556,Ghatkopar Grill,Beverages,291,76,4.2,Wallet,Mumbai - Mulund,Delivered
108842,2025-01-28,C6658,Bandra Bites,Burger,1473,30,4.2,Credit Card,Mumbai - Andheri,Delivered
108843,2026-02-28,C5351,Andheri Kitchen,South Indian,1231,77,3.5,Debit Card,Mumbai - Vashi,Delivered
108844,2025-03-29,C2769,Bandra Bites,Burger,1405,27,2.9,Debit Card,Mumbai - Mulund,Delivered
108845,2025-11-10,C7184,Vashi Veg Corner,Pizza,1674,22,3.0,Credit Card,Mumbai - Kurla,Delivered
108846,2026-04-30,C3096,Malad Food Hub,Chinese,340,73,4.8,Credit Card,Mumbai - Borivali,Delivered
108847,2025-09-10,C2826,Chembur Spice House,Healthy Food,1498,46,4.8,UPI,Mumbai - Powai,Delivered
108848,2026-05-28,C9981,Marine Drive Meals,Biryani,1462,66,4.3,Wallet,Mumbai - Mulund,Cancelled
108849,2025-03-24,C4067,Marine Drive Meals,North Indian,1158,85,4.9,Wallet,Mumbai - Bandra,Delivered
108850,2025-06-28,C8126,Mumbai Tadka,North Indian,1582,46,2.7,Cash,Mumbai - Borivali,Delivered
108851,2025-02-19,C8525,Kurla Kitchen,Desserts,655,69,4.5,Wallet,Mumbai - Thane,Cancelled
108852,2025-01-08,C9315,Thane Treats,Chinese,1583,83,3.4,UPI,Mumbai - Chembur,Delivered
108853,2025-01-19,C5968,Kurla Kitchen,North Indian,885,82,3.8,Wallet,Mumbai - Colaba,Delayed
108854,2026-04-27,C3687,Ghatkopar Grill,South Indian,1550,44,3.0,Wallet,Mumbai - Borivali,Delivered
108855,2025-12-30,C9270,Andheri Kitchen,South Indian,237,58,3.3,Debit Card,Mumbai - Borivali,Delivered
108856,2025-08-26,C5512,Vashi Veg Corner,South Indian,1227,48,4.7,Credit Card,Mumbai - Chembur,Delivered
108857,2025-02-22,C4331,Thane Treats,Healthy Food,970,80,2.8,Cash,Mumbai - Dadar,Cancelled
108858,2026-05-16,C1760,Colaba Cafe,Desserts,547,21,4.2,UPI,Mumbai - Vashi,Delivered
108859,2025-03-10,C3030,Kurla Kitchen,Biryani,1416,77,4.9,Credit Card,Mumbai - Thane,Delayed
108860,2025-04-28,C8354,Thane Treats,North Indian,1379,42,3.3,Cash,Mumbai - Colaba,Delivered
108861,2025-07-14,C7054,Powai Plates,Burger,1037,63,4.0,Credit Card,Mumbai - Kurla,Cancelled
108862,2026-02-10,C3158,Powai Plates,South Indian,1045,49,4.8,UPI,Mumbai - Borivali,Delayed
108863,2025-11-08,C2472,Chembur Spice House,Healthy Food,1037,41,2.9,Wallet,Mumbai - Andheri,Delivered
108864,2025-05-26,C3912,Dadar Darbar,Healthy Food,1776,51,4.7,Credit Card,Mumbai - Ghatkopar,Delivered
108865,2025-11-01,C8200,Marine Drive Meals,Beverages,337,51,3.8,Cash,Mumbai - Borivali,Cancelled
108866,2026-04-17,C4179,Thane Treats,Desserts,1166,51,4.9,Debit Card,Mumbai - Powai,Delivered
108867,2026-04-14,C8956,Vashi Veg Corner,Chinese,1194,73,3.1,UPI,Mumbai - Colaba,Delivered
108868,2025-01-27,C7772,Andheri Kitchen,Burger,1415,57,3.7,Debit Card,Mumbai - Chembur,Delivered
108869,2025-07-08,C2924,Vashi Veg Corner,Burger,1178,35,3.8,UPI,Mumbai - Kurla,Delivered
108870,2025-04-15,C6584,Ghatkopar Grill,Beverages,507,74,4.3,UPI,Mumbai - Andheri,Delayed
108871,2025-12-19,C3129,Powai Plates,Desserts,1760,67,3.8,Cash,Mumbai - Malad,Delayed
108872,2026-04-21,C3866,Kurla Kitchen,Healthy Food,887,30,3.0,UPI,Mumbai - Bandra,Delayed
108873,2025-03-13,C1923,Kurla Kitchen,Biryani,1755,74,3.4,Debit Card,Mumbai - Borivali,Delivered
108874,2026-05-26,C3306,Powai Plates,Biryani,380,59,2.8,UPI,Mumbai - Powai,Delivered
108875,2025-12-29,C8598,Borivali Bistro,Biryani,603,39,3.5,Wallet,Mumbai - Colaba,Delivered
108876,2026-05-03,C7748,Ghatkopar Grill,Biryani,678,61,4.1,Debit Card,Mumbai - Powai,Delivered
108877,2025-01-31,C4536,Kurla Kitchen,Healthy Food,365,71,4.5,Cash,Mumbai - Thane,Delivered
108878,2025-03-23,C5514,Mumbai Tadka,Healthy Food,600,24,4.1,Cash,Mumbai - Malad,Delivered
108879,2025-05-07,C2976,Powai Plates,South Indian,1113,38,4.4,Debit Card,Mumbai - Vashi,Delayed
108880,2025-07-10,C5453,Mumbai Tadka,Chinese,1655,51,4.6,Cash,Mumbai - Thane,Delivered
108881,2025-09-30,C6905,Bandra Bites,Chinese,1749,44,2.6,UPI,Mumbai - Borivali,Cancelled
108882,2025-02-16,C4962,Vashi Veg Corner,Desserts,481,62,4.4,Wallet,Mumbai - Vashi,Delivered
108883,2025-03-14,C6711,Malad Food Hub,South Indian,584,76,2.9,UPI,Mumbai - Kurla,Delivered
108884,2025-06-21,C1226,Andheri Kitchen,South Indian,465,36,4.9,Debit Card,Mumbai - Colaba,Delayed
108885,2025-10-06,C7580,Chembur Spice House,Beverages,490,23,3.1,Debit Card,Mumbai - Borivali,Delivered
108886,2026-02-18,C6300,Mumbai Tadka,Chinese,1539,60,4.9,Credit Card,Mumbai - Borivali,Delivered
108887,2025-01-11,C5855,Vashi Veg Corner,Desserts,982,48,4.7,Cash,Mumbai - Powai,Delivered
108888,2026-01-02,C7807,Colaba Cafe,Pizza,1213,84,4.0,Wallet,Mumbai - Dadar,Delivered
108889,2025-03-14,C2898,Vashi Veg Corner,Burger,1708,24,4.7,UPI,Mumbai - Ghatkopar,Delivered
108890,2025-03-20,C1100,Colaba Cafe,Healthy Food,346,30,2.7,Credit Card,Mumbai - Vashi,Delayed
108891,2026-01-11,C4674,Vashi Veg Corner,Biryani,1747,51,4.5,Debit Card,Mumbai - Malad,Delayed
108892,2025-08-11,C3919,Kurla Kitchen,Beverages,987,38,2.8,Debit Card,Mumbai - Powai,Delayed
108893,2025-06-28,C5521,Mumbai Tadka,Biryani,284,77,2.9,Credit Card,Mumbai - Colaba,Delayed
108894,2025-08-01,C8792,Kurla Kitchen,North Indian,1476,16,3.0,Debit Card,Mumbai - Powai,Delivered
108895,2026-06-08,C9457,Dadar Darbar,Healthy Food,1682,28,3.5,Cash,Mumbai - Vashi,Delivered
108896,2026-02-07,C1590,Marine Drive Meals,Healthy Food,987,77,3.3,Credit Card,Mumbai - Vashi,Cancelled
108897,2025-07-06,C4179,Malad Food Hub,Desserts,867,44,4.8,Cash,Mumbai - Kurla,Delivered
108898,2025-10-19,C3486,Malad Food Hub,Biryani,1669,68,3.6,Wallet,Mumbai - Bandra,Delivered
108899,2025-03-20,C7033,Dadar Darbar,South Indian,1527,62,3.2,Credit Card,Mumbai - Dadar,Delivered
108900,2025-07-24,C4973,Marine Drive Meals,Beverages,975,52,3.4,Debit Card,Mumbai - Andheri,Delivered
108901,2025-05-14,C7975,Malad Food Hub,North Indian,1487,65,3.2,Wallet,Mumbai - Mulund,Delivered
108902,2025-07-26,C1515,Andheri Kitchen,North Indian,872,63,3.3,UPI,Mumbai - Colaba,Cancelled
108903,2025-03-15,C3928,Mumbai Tadka,Healthy Food,1265,22,3.7,Cash,Mumbai - Kurla,Delayed
108904,2025-03-16,C8584,Vashi Veg Corner,North Indian,1063,58,4.0,Debit Card,Mumbai - Powai,Delivered
108905,2025-11-04,C2097,Borivali Bistro,Beverages,1034,48,3.5,Credit Card,Mumbai - Thane,Cancelled
108906,2026-03-15,C5326,Malad Food Hub,Biryani,1333,25,3.2,Wallet,Mumbai - Thane,Delivered
108907,2025-07-24,C2825,Ghatkopar Grill,Biryani,1490,28,4.2,Debit Card,Mumbai - Ghatkopar,Delivered
108908,2026-04-21,C7287,Ghatkopar Grill,Beverages,818,38,2.6,Credit Card,Mumbai - Bandra,Delivered
108909,2025-09-15,C1783,Kurla Kitchen,Pizza,397,75,3.4,Credit Card,Mumbai - Andheri,Delivered
108910,2025-12-31,C2987,Colaba Cafe,Burger,694,31,4.1,Wallet,Mumbai - Ghatkopar,Cancelled
108911,2025-12-03,C1907,Powai Plates,Burger,1595,74,3.2,Debit Card,Mumbai - Malad,Cancelled
108912,2025-11-25,C6403,Thane Treats,Chinese,740,64,2.6,UPI,Mumbai - Vashi,Delivered
108913,2025-05-19,C7577,Andheri Kitchen,Healthy Food,1500,41,3.2,Credit Card,Mumbai - Kurla,Delayed
108914,2025-04-24,C7020,Ghatkopar Grill,Burger,1131,30,4.5,Debit Card,Mumbai - Dadar,Delivered
108915,2026-01-22,C9625,Chembur Spice House,Beverages,515,43,4.2,Debit Card,Mumbai - Powai,Delivered
108916,2025-06-29,C5382,Borivali Bistro,South Indian,1569,55,4.3,UPI,Mumbai - Ghatkopar,Cancelled
108917,2025-08-17,C5378,Mumbai Tadka,North Indian,853,18,3.4,UPI,Mumbai - Powai,Delivered
108918,2025-04-01,C2509,Powai Plates,Desserts,888,39,3.0,Credit Card,Mumbai - Powai,Delivered
108919,2025-01-31,C4683,Malad Food Hub,Chinese,1394,72,3.6,Credit Card,Mumbai - Bandra,Cancelled
108920,2025-08-09,C7120,Vashi Veg Corner,Desserts,1519,41,5.0,Wallet,Mumbai - Chembur,Delayed
108921,2025-11-14,C2118,Borivali Bistro,Biryani,521,85,3.4,Credit Card,Mumbai - Dadar,Delivered
108922,2026-02-19,C4157,Dadar Darbar,South Indian,160,82,2.8,UPI,Mumbai - Ghatkopar,Delivered
108923,2025-07-10,C5147,Malad Food Hub,Beverages,337,81,2.6,Credit Card,Mumbai - Malad,Cancelled
108924,2025-12-26,C8472,Dadar Darbar,Biryani,655,30,4.2,Debit Card,Mumbai - Thane,Delivered
108925,2025-12-04,C1985,Marine Drive Meals,South Indian,1774,76,4.5,Credit Card,Mumbai - Colaba,Delayed
108926,2025-12-04,C7938,Thane Treats,Pizza,295,51,3.0,Wallet,Mumbai - Colaba,Delivered
108927,2025-11-04,C9070,Vashi Veg Corner,Biryani,1059,43,3.4,Credit Card,Mumbai - Ghatkopar,Delivered
108928,2025-03-26,C6458,Powai Plates,Chinese,178,83,3.8,Debit Card,Mumbai - Dadar,Delayed
108929,2026-05-27,C4855,Thane Treats,Biryani,1008,82,3.0,Wallet,Mumbai - Dadar,Delivered
108930,2025-09-12,C2205,Chembur Spice House,South Indian,1648,39,2.5,Credit Card,Mumbai - Malad,Delayed
108931,2026-01-14,C3425,Malad Food Hub,Chinese,485,55,4.9,Credit Card,Mumbai - Chembur,Delayed
108932,2026-02-08,C8140,Colaba Cafe,Beverages,1585,25,4.3,UPI,Mumbai - Chembur,Delivered
108933,2026-01-05,C6865,Bandra Bites,North Indian,823,79,3.1,Credit Card,Mumbai - Colaba,Delivered
108934,2025-03-18,C2500,Ghatkopar Grill,South Indian,1228,64,4.6,Cash,Mumbai - Bandra,Delivered
108935,2025-07-24,C4828,Borivali Bistro,Pizza,238,60,3.0,Credit Card,Mumbai - Bandra,Delivered
108936,2026-01-03,C7015,Thane Treats,Burger,585,62,4.2,Cash,Mumbai - Mulund,Cancelled
108937,2026-02-03,C7189,Andheri Kitchen,Biryani,411,58,3.5,Cash,Mumbai - Dadar,Cancelled
108938,2025-08-20,C1709,Thane Treats,Healthy Food,705,51,4.0,UPI,Mumbai - Powai,Delivered
108939,2026-05-12,C8949,Chembur Spice House,Chinese,397,33,4.9,Credit Card,Mumbai - Mulund,Delivered
108940,2025-10-01,C4493,Thane Treats,North Indian,254,17,2.7,Credit Card,Mumbai - Vashi,Delivered
108941,2025-09-30,C8305,Ghatkopar Grill,Desserts,1709,40,2.5,Debit Card,Mumbai - Vashi,Delivered
108942,2026-02-28,C9081,Dadar Darbar,South Indian,1398,50,2.6,Debit Card,Mumbai - Powai,Delivered
108943,2026-05-02,C6785,Vashi Veg Corner,Desserts,845,51,4.0,Credit Card,Mumbai - Andheri,Cancelled
108944,2025-01-11,C8768,Ghatkopar Grill,North Indian,1514,41,4.0,UPI,Mumbai - Bandra,Delivered
108945,2025-01-31,C9443,Andheri Kitchen,North Indian,1143,58,4.6,UPI,Mumbai - Kurla,Delivered
108946,2025-11-07,C9639,Borivali Bistro,Chinese,204,75,3.9,Debit Card,Mumbai - Chembur,Delivered
108947,2025-11-09,C3678,Ghatkopar Grill,Beverages,801,41,3.0,Wallet,Mumbai - Kurla,Delivered
108948,2026-06-18,C4245,Vashi Veg Corner,Pizza,833,32,3.9,Credit Card,Mumbai - Dadar,Delivered
108949,2025-06-28,C5200,Chembur Spice House,South Indian,167,37,3.2,Wallet,Mumbai - Thane,Delayed
108950,2025-07-03,C9473,Powai Plates,Burger,629,42,3.8,Wallet,Mumbai - Andheri,Delayed
108951,2026-02-20,C4706,Malad Food Hub,Desserts,252,60,3.5,UPI,Mumbai - Colaba,Delivered
108952,2025-05-24,C3176,Bandra Bites,Burger,1099,31,3.5,Cash,Mumbai - Ghatkopar,Delayed
108953,2026-03-30,C8956,Dadar Darbar,North Indian,1785,52,4.8,Debit Card,Mumbai - Ghatkopar,Delivered
108954,2026-03-30,C4230,Powai Plates,Chinese,1787,38,2.9,Credit Card,Mumbai - Chembur,Delayed
108955,2025-09-12,C4009,Marine Drive Meals,Chinese,537,25,4.5,Debit Card,Mumbai - Thane,Delivered
108956,2025-02-19,C3129,Bandra Bites,Chinese,1204,19,2.9,Cash,Mumbai - Borivali,Delivered
108957,2025-11-15,C4966,Bandra Bites,South Indian,1389,70,2.6,Cash,Mumbai - Colaba,Delivered
108958,2026-02-27,C8812,Kurla Kitchen,Desserts,154,81,2.9,Debit Card,Mumbai - Thane,Cancelled
108959,2026-03-18,C7949,Borivali Bistro,Burger,321,67,2.6,Wallet,Mumbai - Colaba,Cancelled
108960,2025-05-31,C7422,Ghatkopar Grill,Biryani,1087,25,4.3,Debit Card,Mumbai - Kurla,Delivered
108961,2025-12-31,C4725,Malad Food Hub,North Indian,735,77,4.2,Wallet,Mumbai - Andheri,Delivered
108962,2025-12-01,C1315,Dadar Darbar,Desserts,884,24,2.7,Credit Card,Mumbai - Thane,Delivered
108963,2026-03-03,C1524,Powai Plates,North Indian,1308,49,4.0,Wallet,Mumbai - Colaba,Delivered
108964,2026-03-18,C7421,Powai Plates,Beverages,333,83,3.3,Cash,Mumbai - Kurla,Delayed
108965,2025-05-25,C9561,Kurla Kitchen,Desserts,1512,57,4.8,Wallet,Mumbai - Colaba,Delivered
108966,2025-03-22,C5003,Dadar Darbar,North Indian,214,43,4.1,Debit Card,Mumbai - Malad,Delivered
108967,2025-05-18,C4204,Dadar Darbar,Chinese,1452,45,3.7,Credit Card,Mumbai - Kurla,Delayed
108968,2025-11-29,C5149,Andheri Kitchen,Biryani,259,40,2.9,Debit Card,Mumbai - Malad,Delayed
108969,2025-11-28,C8418,Mumbai Tadka,Healthy Food,1568,23,4.5,Debit Card,Mumbai - Powai,Delivered
108970,2025-10-01,C9780,Chembur Spice House,Pizza,1652,50,3.2,Debit Card,Mumbai - Ghatkopar,Cancelled
108971,2026-06-19,C9733,Marine Drive Meals,Chinese,944,75,3.5,Credit Card,Mumbai - Kurla,Delivered
108972,2026-04-29,C6961,Malad Food Hub,Pizza,643,47,3.7,Cash,Mumbai - Kurla,Delivered
108973,2026-06-15,C8088,Andheri Kitchen,South Indian,1388,60,4.6,Credit Card,Mumbai - Bandra,Cancelled
108974,2026-05-31,C2771,Colaba Cafe,Pizza,175,37,4.7,Debit Card,Mumbai - Mulund,Delivered
108975,2026-02-20,C2155,Bandra Bites,Burger,805,59,4.9,UPI,Mumbai - Powai,Cancelled
108976,2025-06-05,C5405,Malad Food Hub,North Indian,270,22,2.6,Wallet,Mumbai - Powai,Delayed
108977,2025-12-10,C7560,Borivali Bistro,North Indian,1254,18,4.5,Wallet,Mumbai - Thane,Delivered
108978,2025-03-18,C7612,Colaba Cafe,Healthy Food,1369,55,4.0,Wallet,Mumbai - Colaba,Delivered
108979,2025-06-22,C8831,Marine Drive Meals,Pizza,277,81,3.7,Wallet,Mumbai - Dadar,Delivered
108980,2026-01-01,C2603,Mumbai Tadka,Chinese,560,29,3.6,Credit Card,Mumbai - Mulund,Cancelled
108981,2025-03-23,C9174,Kurla Kitchen,Beverages,1108,44,3.8,Debit Card,Mumbai - Thane,Delivered
108982,2025-04-06,C3755,Dadar Darbar,North Indian,956,27,2.8,Wallet,Mumbai - Dadar,Delivered
108983,2025-02-09,C9571,Andheri Kitchen,Healthy Food,929,60,4.5,Cash,Mumbai - Thane,Delivered
108984,2025-08-09,C2767,Powai Plates,Pizza,1231,27,3.3,Wallet,Mumbai - Andheri,Delivered
108985,2025-05-11,C7186,Thane Treats,North Indian,950,22,4.5,UPI,Mumbai - Ghatkopar,Delivered
108986,2025-03-25,C8536,Andheri Kitchen,Pizza,706,28,3.6,Debit Card,Mumbai - Dadar,Delayed
108987,2026-05-31,C3974,Colaba Cafe,Burger,1320,43,2.6,Credit Card,Mumbai - Chembur,Delivered
108988,2025-04-03,C7888,Kurla Kitchen,North Indian,1333,63,3.5,UPI,Mumbai - Thane,Delivered
108989,2025-04-08,C6479,Borivali Bistro,North Indian,542,34,4.3,UPI,Mumbai - Andheri,Delivered
108990,2026-04-19,C5437,Borivali Bistro,North Indian,1562,25,4.0,Cash,Mumbai - Borivali,Delivered
108991,2025-10-11,C5068,Kurla Kitchen,Chinese,1515,36,4.0,Cash,Mumbai - Kurla,Delivered
108992,2025-03-24,C8423,Mumbai Tadka,South Indian,860,63,3.0,Credit Card,Mumbai - Andheri,Delivered
108993,2026-05-27,C9434,Malad Food Hub,Beverages,607,83,3.9,UPI,Mumbai - Malad,Delivered
108994,2026-04-01,C3553,Bandra Bites,Chinese,1440,17,3.1,Cash,Mumbai - Chembur,Delivered
108995,2026-06-16,C8420,Andheri Kitchen,Chinese,374,45,4.0,Cash,Mumbai - Andheri,Delivered
108996,2025-06-29,C8870,Kurla Kitchen,Chinese,902,38,3.8,Cash,Mumbai - Dadar,Cancelled
108997,2025-05-08,C7385,Vashi Veg Corner,Burger,800,45,3.2,Debit Card,Mumbai - Colaba,Delivered
108998,2025-12-13,C4710,Powai Plates,Desserts,1548,17,2.9,Credit Card,Mumbai - Bandra,Cancelled
108999,2026-01-25,C8507,Ghatkopar Grill,Biryani,160,59,3.9,Cash,Mumbai - Kurla,Cancelled
109000,2025-08-17,C3538,Bandra Bites,Burger,202,22,3.6,UPI,Mumbai - Thane,Delivered
109001,2025-02-04,C3367,Ghatkopar Grill,Chinese,292,16,4.4,UPI,Mumbai - Vashi,Cancelled
109002,2025-11-02,C5766,Ghatkopar Grill,Pizza,1521,75,3.9,Debit Card,Mumbai - Bandra,Cancelled
109003,2025-05-28,C9557,Marine Drive Meals,Desserts,1779,83,4.0,UPI,Mumbai - Powai,Delivered
109004,2025-10-22,C9300,Borivali Bistro,Beverages,182,49,3.9,UPI,Mumbai - Andheri,Delivered
109005,2025-03-28,C4924,Dadar Darbar,Burger,923,62,3.3,Cash,Mumbai - Chembur,Delivered
109006,2025-01-04,C1812,Andheri Kitchen,Desserts,292,55,4.8,UPI,Mumbai - Kurla,Delivered
109007,2025-10-30,C7584,Borivali Bistro,Burger,1644,81,3.3,Cash,Mumbai - Mulund,Delivered
109008,2025-12-21,C3796,Powai Plates,Desserts,1265,82,4.1,Credit Card,Mumbai - Vashi,Cancelled
109009,2026-04-15,C1150,Andheri Kitchen,North Indian,1544,57,3.8,Debit Card,Mumbai - Powai,Delayed
109010,2025-05-17,C7859,Powai Plates,Burger,809,23,4.9,Debit Card,Mumbai - Vashi,Delivered
109011,2025-09-14,C7023,Vashi Veg Corner,Burger,1025,37,3.7,Debit Card,Mumbai - Andheri,Delayed
109012,2025-05-01,C1777,Borivali Bistro,South Indian,440,21,2.6,Credit Card,Mumbai - Ghatkopar,Cancelled
109013,2025-01-06,C8116,Borivali Bistro,North Indian,445,59,2.9,Debit Card,Mumbai - Powai,Cancelled
109014,2025-06-09,C1757,Vashi Veg Corner,Healthy Food,821,18,3.3,Wallet,Mumbai - Kurla,Delayed
109015,2025-02-17,C1113,Vashi Veg Corner,Healthy Food,247,49,2.7,Cash,Mumbai - Powai,Cancelled
109016,2026-05-18,C5703,Borivali Bistro,North Indian,616,35,4.9,Credit Card,Mumbai - Bandra,Delivered
109017,2026-04-02,C5703,Chembur Spice House,South Indian,374,45,4.8,Wallet,Mumbai - Andheri,Delivered
109018,2026-03-21,C8786,Mumbai Tadka,Pizza,1481,52,4.0,Credit Card,Mumbai - Ghatkopar,Cancelled
109019,2025-06-26,C7623,Andheri Kitchen,North Indian,936,56,2.9,Credit Card,Mumbai - Kurla,Delayed
109020,2025-06-29,C3907,Andheri Kitchen,Desserts,815,73,3.8,Cash,Mumbai - Borivali,Delivered
109021,2025-05-02,C1164,Colaba Cafe,Burger,1204,16,4.7,Cash,Mumbai - Chembur,Delayed
109022,2025-05-28,C2199,Chembur Spice House,North Indian,291,67,2.7,Cash,Mumbai - Borivali,Delivered
109023,2025-07-05,C2718,Mumbai Tadka,Biryani,500,79,3.7,Cash,Mumbai - Chembur,Cancelled
109024,2025-11-02,C8135,Marine Drive Meals,Beverages,816,44,3.5,Wallet,Mumbai - Ghatkopar,Cancelled
109025,2025-03-01,C9036,Bandra Bites,Biryani,1043,71,4.1,UPI,Mumbai - Mulund,Delivered
109026,2025-02-01,C3061,Bandra Bites,Chinese,1247,62,4.5,UPI,Mumbai - Powai,Delivered
109027,2025-10-19,C4563,Kurla Kitchen,Healthy Food,962,62,4.4,Wallet,Mumbai - Ghatkopar,Delivered
109028,2025-01-27,C7920,Malad Food Hub,Chinese,133,42,4.7,Debit Card,Mumbai - Thane,Delayed
109029,2025-09-11,C4698,Powai Plates,Desserts,499,33,2.9,UPI,Mumbai - Kurla,Delivered
109030,2026-06-21,C6938,Andheri Kitchen,Healthy Food,308,16,3.8,UPI,Mumbai - Mulund,Delivered
109031,2025-10-06,C8312,Bandra Bites,North Indian,611,81,4.3,UPI,Mumbai - Borivali,Delivered
109032,2026-01-05,C6055,Thane Treats,Burger,230,42,3.1,Wallet,Mumbai - Borivali,Delivered
109033,2025-03-07,C2969,Kurla Kitchen,Beverages,1619,35,2.6,UPI,Mumbai - Malad,Delivered
109034,2025-07-12,C4470,Borivali Bistro,Healthy Food,626,54,4.7,Debit Card,Mumbai - Bandra,Delivered
109035,2025-06-20,C8203,Bandra Bites,North Indian,755,31,5.0,Debit Card,Mumbai - Thane,Cancelled
109036,2025-03-30,C3100,Vashi Veg Corner,Pizza,487,80,4.6,Credit Card,Mumbai - Chembur,Delivered
109037,2026-03-29,C7219,Kurla Kitchen,Desserts,1153,47,3.9,Credit Card,Mumbai - Colaba,Delayed
109038,2025-07-20,C5008,Andheri Kitchen,Burger,1544,81,3.3,UPI,Mumbai - Chembur,Delayed
109039,2025-12-02,C3838,Bandra Bites,North Indian,230,40,2.7,Cash,Mumbai - Andheri,Delayed
109040,2025-06-22,C2008,Powai Plates,Beverages,543,81,4.1,UPI,Mumbai - Chembur,Delivered
109041,2025-10-29,C7224,Powai Plates,Chinese,1322,85,4.9,Debit Card,Mumbai - Bandra,Delivered
109042,2025-04-06,C2899,Marine Drive Meals,South Indian,1143,47,2.7,UPI,Mumbai - Mulund,Delivered
109043,2025-12-16,C8556,Dadar Darbar,Desserts,355,36,4.7,Credit Card,Mumbai - Ghatkopar,Delivered
109044,2025-12-17,C5270,Malad Food Hub,South Indian,1307,80,3.9,Cash,Mumbai - Ghatkopar,Delivered
109045,2026-02-25,C2942,Powai Plates,Burger,806,55,4.9,Cash,Mumbai - Borivali,Cancelled
109046,2025-01-05,C4833,Kurla Kitchen,Burger,278,83,3.1,UPI,Mumbai - Colaba,Delivered
109047,2025-07-31,C4645,Colaba Cafe,Beverages,797,28,4.6,Debit Card,Mumbai - Ghatkopar,Delivered
109048,2025-04-07,C4925,Ghatkopar Grill,Pizza,1477,61,3.9,Credit Card,Mumbai - Vashi,Delivered
109049,2025-01-11,C3879,Marine Drive Meals,Pizza,528,75,4.8,Credit Card,Mumbai - Mulund,Delayed
109050,2025-10-10,C1182,Chembur Spice House,South Indian,645,44,4.7,Credit Card,Mumbai - Malad,Delivered
109051,2025-09-30,C4717,Borivali Bistro,Beverages,416,62,4.3,Cash,Mumbai - Dadar,Delivered
109052,2025-11-04,C5470,Vashi Veg Corner,Beverages,1621,52,3.2,UPI,Mumbai - Colaba,Delayed
109053,2025-07-30,C6776,Vashi Veg Corner,Pizza,342,72,3.9,Wallet,Mumbai - Colaba,Delivered
109054,2026-03-25,C6369,Chembur Spice House,Healthy Food,1277,50,4.0,Cash,Mumbai - Vashi,Delivered
109055,2025-03-24,C3050,Bandra Bites,Chinese,298,80,3.5,UPI,Mumbai - Powai,Delivered
109056,2025-12-18,C6940,Kurla Kitchen,Chinese,141,27,3.0,Credit Card,Mumbai - Powai,Delivered
109057,2025-05-25,C2598,Chembur Spice House,Pizza,1310,28,4.2,UPI,Mumbai - Thane,Delayed
109058,2026-06-14,C1766,Andheri Kitchen,Burger,339,29,3.1,Credit Card,Mumbai - Colaba,Delivered
109059,2026-06-12,C9057,Thane Treats,Desserts,1383,29,4.6,Debit Card,Mumbai - Dadar,Delivered
109060,2026-05-31,C9082,Kurla Kitchen,Beverages,1730,41,3.8,Credit Card,Mumbai - Andheri,Delivered
109061,2025-07-10,C7065,Mumbai Tadka,Biryani,1065,51,3.7,Cash,Mumbai - Vashi,Delayed
109062,2026-03-05,C5041,Marine Drive Meals,North Indian,413,85,2.7,Wallet,Mumbai - Vashi,Delivered
109063,2025-04-20,C7077,Powai Plates,Beverages,1060,34,2.8,UPI,Mumbai - Bandra,Cancelled
109064,2025-08-23,C5007,Vashi Veg Corner,Burger,411,35,4.2,Debit Card,Mumbai - Dadar,Delivered
109065,2026-01-22,C6194,Marine Drive Meals,Healthy Food,523,67,2.8,Cash,Mumbai - Mulund,Delayed
109066,2025-10-07,C2870,Colaba Cafe,South Indian,1499,82,5.0,Debit Card,Mumbai - Dadar,Delivered
109067,2025-12-05,C4427,Colaba Cafe,North Indian,1123,44,3.3,Wallet,Mumbai - Vashi,Delivered
109068,2026-01-15,C8640,Thane Treats,Biryani,1176,21,3.5,UPI,Mumbai - Thane,Delivered
109069,2025-04-27,C1774,Ghatkopar Grill,Beverages,270,85,2.8,UPI,Mumbai - Vashi,Delivered
109070,2026-05-28,C1764,Borivali Bistro,South Indian,754,77,4.8,Cash,Mumbai - Bandra,Cancelled
109071,2025-01-07,C4665,Chembur Spice House,Healthy Food,1540,75,4.0,Debit Card,Mumbai - Kurla,Delivered
109072,2025-01-25,C2002,Marine Drive Meals,Beverages,644,31,3.2,Wallet,Mumbai - Bandra,Delivered
109073,2025-06-13,C6511,Mumbai Tadka,Healthy Food,1797,60,2.6,Debit Card,Mumbai - Malad,Delivered
109074,2026-01-27,C6952,Chembur Spice House,Chinese,1718,31,3.2,Credit Card,Mumbai - Powai,Delivered
109075,2025-10-12,C1866,Chembur Spice House,Chinese,104,76,3.3,Wallet,Mumbai - Chembur,Delivered
109076,2026-05-11,C2877,Malad Food Hub,Desserts,1595,56,2.8,Cash,Mumbai - Vashi,Delivered
109077,2025-02-27,C9003,Bandra Bites,Burger,1497,17,3.8,Credit Card,Mumbai - Thane,Delivered
109078,2025-10-31,C2680,Dadar Darbar,Chinese,1397,58,2.7,Credit Card,Mumbai - Mulund,Delivered
109079,2025-11-13,C1811,Malad Food Hub,Burger,1446,47,4.3,Wallet,Mumbai - Thane,Delivered
109080,2025-07-24,C4854,Colaba Cafe,North Indian,1680,27,4.3,UPI,Mumbai - Mulund,Delivered
109081,2025-08-24,C2302,Malad Food Hub,Pizza,591,53,3.0,Cash,Mumbai - Bandra,Delayed
109082,2025-03-06,C6379,Dadar Darbar,South Indian,586,40,2.8,UPI,Mumbai - Borivali,Delivered
109083,2025-12-20,C2730,Ghatkopar Grill,Desserts,1086,85,3.4,Cash,Mumbai - Thane,Delivered
109084,2025-10-04,C8006,Powai Plates,North Indian,349,71,3.4,Debit Card,Mumbai - Andheri,Delivered
109085,2025-08-01,C9852,Chembur Spice House,Desserts,862,58,2.8,Cash,Mumbai - Chembur,Delivered
109086,2026-04-01,C4966,Chembur Spice House,Beverages,462,85,4.3,Cash,Mumbai - Colaba,Cancelled
109087,2025-10-12,C3924,Chembur Spice House,Healthy Food,294,26,3.7,Credit Card,Mumbai - Andheri,Cancelled
109088,2025-05-14,C2293,Colaba Cafe,North Indian,138,83,3.7,Cash,Mumbai - Thane,Delivered
109089,2025-05-03,C6655,Mumbai Tadka,Biryani,1327,72,4.1,Debit Card,Mumbai - Malad,Cancelled
109090,2026-03-12,C3091,Powai Plates,Healthy Food,837,50,3.6,Wallet,Mumbai - Malad,Cancelled
109091,2025-01-15,C7257,Thane Treats,South Indian,1472,61,4.8,Credit Card,Mumbai - Bandra,Delayed
109092,2025-09-10,C4330,Dadar Darbar,Pizza,1240,52,3.2,UPI,Mumbai - Mulund,Delayed
109093,2025-10-27,C1182,Marine Drive Meals,Pizza,341,16,4.2,Wallet,Mumbai - Powai,Delayed
109094,2025-04-13,C4302,Ghatkopar Grill,Biryani,1526,76,3.1,UPI,Mumbai - Dadar,Delayed
109095,2026-06-23,C2779,Powai Plates,Biryani,939,48,3.4,UPI,Mumbai - Andheri,Delivered
109096,2025-05-28,C4291,Chembur Spice House,Desserts,1225,17,3.7,Cash,Mumbai - Chembur,Delayed
109097,2025-08-16,C7819,Ghatkopar Grill,Desserts,1636,57,2.8,Debit Card,Mumbai - Mulund,Delivered
109098,2025-08-30,C5498,Borivali Bistro,Biryani,1436,43,3.5,Credit Card,Mumbai - Thane,Delayed
109099,2025-12-25,C4236,Colaba Cafe,Pizza,1635,85,4.3,Debit Card,Mumbai - Vashi,Delayed
109100,2026-02-12,C7304,Marine Drive Meals,Desserts,155,55,2.9,Credit Card,Mumbai - Mulund,Delivered
109101,2025-05-14,C1066,Bandra Bites,Pizza,766,67,3.6,UPI,Mumbai - Ghatkopar,Delivered
109102,2025-05-14,C4688,Malad Food Hub,South Indian,1028,59,4.1,UPI,Mumbai - Thane,Cancelled
109103,2025-08-09,C6763,Ghatkopar Grill,Chinese,261,64,3.9,Debit Card,Mumbai - Powai,Delivered
109104,2026-06-07,C7571,Malad Food Hub,South Indian,1253,17,3.7,Wallet,Mumbai - Borivali,Delivered
109105,2026-05-16,C9855,Kurla Kitchen,Healthy Food,1570,27,3.4,Debit Card,Mumbai - Vashi,Cancelled
109106,2025-07-22,C7112,Dadar Darbar,Beverages,1777,83,2.8,Debit Card,Mumbai - Bandra,Delivered
109107,2025-02-07,C7512,Powai Plates,Desserts,1494,63,3.9,UPI,Mumbai - Borivali,Delayed
109108,2026-05-31,C3379,Dadar Darbar,Chinese,1285,44,4.7,Credit Card,Mumbai - Ghatkopar,Delivered
109109,2025-03-06,C2683,Powai Plates,Chinese,974,30,4.7,Debit Card,Mumbai - Borivali,Delivered
109110,2025-07-11,C4842,Malad Food Hub,North Indian,819,73,3.0,Wallet,Mumbai - Colaba,Delivered
109111,2025-07-22,C6136,Chembur Spice House,Pizza,1600,49,4.7,Wallet,Mumbai - Kurla,Delivered
109112,2025-07-16,C8379,Bandra Bites,South Indian,1216,74,4.8,Cash,Mumbai - Kurla,Cancelled
109113,2025-05-30,C4360,Malad Food Hub,Burger,1312,77,3.8,Credit Card,Mumbai - Thane,Cancelled
109114,2025-06-27,C4383,Malad Food Hub,Desserts,1286,67,3.8,UPI,Mumbai - Vashi,Delivered
109115,2025-07-10,C4692,Powai Plates,Pizza,1354,39,4.6,Cash,Mumbai - Dadar,Cancelled
109116,2025-06-17,C9641,Vashi Veg Corner,Beverages,927,61,3.2,UPI,Mumbai - Borivali,Delivered
109117,2025-12-12,C7552,Chembur Spice House,North Indian,1691,68,2.9,Cash,Mumbai - Thane,Delivered
109118,2025-12-14,C8628,Colaba Cafe,North Indian,1538,38,2.7,Wallet,Mumbai - Chembur,Delayed
109119,2025-08-28,C5522,Thane Treats,Pizza,172,49,4.3,Cash,Mumbai - Andheri,Cancelled
109120,2025-06-10,C4283,Kurla Kitchen,North Indian,1250,60,3.8,Wallet,Mumbai - Ghatkopar,Delivered
109121,2026-03-18,C1426,Colaba Cafe,Desserts,1640,39,2.6,UPI,Mumbai - Chembur,Delayed
109122,2026-04-16,C3186,Colaba Cafe,South Indian,526,16,4.6,Cash,Mumbai - Bandra,Delivered
109123,2025-06-04,C9233,Marine Drive Meals,Pizza,331,51,4.5,Debit Card,Mumbai - Vashi,Delayed
109124,2025-05-28,C6841,Mumbai Tadka,Healthy Food,1457,30,3.6,Wallet,Mumbai - Borivali,Cancelled
109125,2025-02-14,C7112,Chembur Spice House,Biryani,298,42,3.2,UPI,Mumbai - Dadar,Delivered
109126,2026-04-14,C8609,Ghatkopar Grill,Burger,861,67,2.8,Credit Card,Mumbai - Andheri,Cancelled
109127,2025-03-03,C6520,Mumbai Tadka,Healthy Food,153,37,2.8,Debit Card,Mumbai - Andheri,Delayed
109128,2025-12-29,C7347,Marine Drive Meals,Beverages,1128,70,4.7,Credit Card,Mumbai - Thane,Delivered
109129,2026-03-12,C7076,Marine Drive Meals,Desserts,201,47,3.0,Wallet,Mumbai - Chembur,Delivered
109130,2026-01-28,C5570,Borivali Bistro,Biryani,698,27,4.3,Debit Card,Mumbai - Malad,Delivered
109131,2025-11-08,C3247,Borivali Bistro,Biryani,339,55,2.6,Wallet,Mumbai - Andheri,Delayed
109132,2025-01-07,C1441,Thane Treats,Pizza,1424,23,3.7,Credit Card,Mumbai - Vashi,Cancelled
109133,2026-05-09,C4287,Mumbai Tadka,Beverages,404,59,4.0,Credit Card,Mumbai - Vashi,Delivered
109134,2025-04-04,C5832,Bandra Bites,Chinese,1010,55,4.7,Cash,Mumbai - Powai,Delayed
109135,2025-02-01,C2566,Vashi Veg Corner,Desserts,1679,28,3.7,Debit Card,Mumbai - Ghatkopar,Delivered
109136,2025-07-26,C2258,Bandra Bites,Healthy Food,1186,69,3.7,Credit Card,Mumbai - Kurla,Delivered
109137,2025-07-27,C7926,Borivali Bistro,Biryani,819,61,4.1,UPI,Mumbai - Ghatkopar,Delayed
109138,2025-02-14,C5213,Colaba Cafe,Healthy Food,1726,28,2.6,Credit Card,Mumbai - Chembur,Delivered
109139,2025-12-26,C3334,Ghatkopar Grill,North Indian,1122,82,4.1,Debit Card,Mumbai - Dadar,Cancelled
109140,2025-11-20,C8133,Thane Treats,Beverages,544,44,2.8,Wallet,Mumbai - Bandra,Delivered
109141,2025-02-14,C5640,Powai Plates,South Indian,676,57,4.4,Credit Card,Mumbai - Malad,Delivered
109142,2025-01-26,C7147,Ghatkopar Grill,North Indian,352,29,3.2,UPI,Mumbai - Thane,Delivered
109143,2026-02-22,C3481,Bandra Bites,Burger,329,25,3.6,Debit Card,Mumbai - Borivali,Delivered
109144,2026-02-02,C1206,Chembur Spice House,South Indian,1279,74,4.1,Wallet,Mumbai - Kurla,Delivered
109145,2026-05-06,C9373,Malad Food Hub,Healthy Food,642,78,4.5,Cash,Mumbai - Dadar,Delivered
109146,2026-03-05,C2862,Colaba Cafe,Biryani,178,60,3.9,Credit Card,Mumbai - Colaba,Delivered
109147,2025-01-01,C2402,Colaba Cafe,Chinese,1763,29,4.6,Wallet,Mumbai - Powai,Delivered
109148,2025-06-24,C1989,Powai Plates,Biryani,1788,29,3.2,Cash,Mumbai - Bandra,Delivered
109149,2025-07-19,C5555,Mumbai Tadka,Chinese,1106,53,2.7,Debit Card,Mumbai - Ghatkopar,Cancelled
109150,2025-01-20,C3691,Powai Plates,Pizza,1525,25,3.9,Debit Card,Mumbai - Bandra,Delivered
109151,2025-02-27,C4178,Bandra Bites,Healthy Food,843,51,4.0,UPI,Mumbai - Powai,Delivered
109152,2025-03-24,C2876,Colaba Cafe,Chinese,1531,80,2.7,Credit Card,Mumbai - Dadar,Delivered
109153,2025-02-15,C5245,Bandra Bites,Biryani,1016,51,4.2,UPI,Mumbai - Dadar,Delayed
109154,2025-06-04,C5294,Powai Plates,Desserts,1208,34,3.8,UPI,Mumbai - Ghatkopar,Delivered
109155,2026-02-21,C8078,Malad Food Hub,Chinese,1036,26,4.0,Cash,Mumbai - Dadar,Delayed
109156,2025-01-16,C3445,Powai Plates,Chinese,1087,16,2.8,Cash,Mumbai - Chembur,Cancelled
109157,2026-02-25,C6742,Thane Treats,South Indian,516,79,4.5,Wallet,Mumbai - Vashi,Delivered
109158,2025-08-31,C9449,Powai Plates,Healthy Food,176,78,2.6,UPI,Mumbai - Borivali,Delayed
109159,2026-02-08,C3802,Dadar Darbar,North Indian,1377,45,4.0,Wallet,Mumbai - Malad,Delivered
109160,2025-06-11,C1861,Colaba Cafe,South Indian,851,84,4.5,UPI,Mumbai - Malad,Delivered
109161,2025-11-17,C6538,Colaba Cafe,Chinese,1503,45,4.1,UPI,Mumbai - Bandra,Delivered
109162,2025-08-18,C6832,Borivali Bistro,North Indian,979,44,2.5,Debit Card,Mumbai - Colaba,Delivered
109163,2025-08-06,C7908,Colaba Cafe,Burger,384,36,4.2,UPI,Mumbai - Chembur,Delivered
109164,2025-12-22,C3273,Marine Drive Meals,South Indian,1534,74,3.3,Wallet,Mumbai - Colaba,Delayed
109165,2026-04-04,C1414,Marine Drive Meals,Burger,1508,36,3.9,Wallet,Mumbai - Ghatkopar,Cancelled
109166,2025-08-25,C5947,Thane Treats,North Indian,320,32,2.9,UPI,Mumbai - Powai,Delivered
109167,2025-09-19,C2372,Bandra Bites,North Indian,1423,25,4.9,Debit Card,Mumbai - Kurla,Delayed
109168,2025-12-01,C7228,Mumbai Tadka,Beverages,257,40,3.6,Cash,Mumbai - Colaba,Delivered
109169,2025-11-07,C5240,Borivali Bistro,Biryani,1232,36,4.0,UPI,Mumbai - Dadar,Cancelled
109170,2025-12-16,C9115,Marine Drive Meals,Pizza,971,64,4.9,UPI,Mumbai - Ghatkopar,Cancelled
109171,2025-11-24,C2165,Ghatkopar Grill,South Indian,1775,71,2.9,Credit Card,Mumbai - Ghatkopar,Delivered
109172,2026-03-25,C7348,Powai Plates,Biryani,442,35,3.7,Credit Card,Mumbai - Borivali,Delivered
109173,2025-05-09,C3026,Andheri Kitchen,Desserts,1540,81,2.6,UPI,Mumbai - Ghatkopar,Delivered
109174,2025-02-05,C4591,Thane Treats,Pizza,1046,41,4.8,Wallet,Mumbai - Chembur,Delivered
109175,2025-05-16,C3045,Kurla Kitchen,South Indian,1382,85,4.0,Credit Card,Mumbai - Powai,Delivered
109176,2026-03-14,C9340,Powai Plates,Desserts,1663,76,4.2,UPI,Mumbai - Borivali,Delayed
109177,2025-10-16,C7380,Colaba Cafe,North Indian,122,38,4.4,Wallet,Mumbai - Andheri,Delivered
109178,2025-10-03,C3645,Dadar Darbar,Burger,1397,48,4.1,UPI,Mumbai - Bandra,Delivered
109179,2025-03-06,C4472,Andheri Kitchen,Beverages,1664,21,3.4,Wallet,Mumbai - Dadar,Delivered
109180,2025-09-05,C3913,Powai Plates,Desserts,956,84,3.9,Debit Card,Mumbai - Dadar,Delayed
109181,2025-02-15,C1752,Powai Plates,Healthy Food,819,61,4.5,Wallet,Mumbai - Chembur,Delivered
109182,2025-08-17,C6739,Chembur Spice House,Biryani,171,70,4.8,UPI,Mumbai - Borivali,Delivered
109183,2025-11-27,C7712,Ghatkopar Grill,Healthy Food,294,71,2.9,Credit Card,Mumbai - Thane,Delivered
109184,2025-01-28,C1647,Ghatkopar Grill,South Indian,898,40,4.2,Wallet,Mumbai - Kurla,Cancelled
109185,2026-06-02,C8935,Dadar Darbar,Desserts,663,35,3.6,Wallet,Mumbai - Ghatkopar,Delivered
109186,2026-02-07,C1910,Thane Treats,Pizza,508,31,2.7,Credit Card,Mumbai - Borivali,Delivered
109187,2025-01-15,C7277,Thane Treats,North Indian,1029,80,3.6,UPI,Mumbai - Chembur,Delayed
109188,2025-07-16,C2558,Andheri Kitchen,Healthy Food,1679,67,4.8,Wallet,Mumbai - Colaba,Delayed
109189,2025-08-31,C2696,Mumbai Tadka,Beverages,569,60,2.5,Cash,Mumbai - Malad,Delayed
109190,2025-10-05,C2915,Borivali Bistro,Pizza,916,49,4.9,UPI,Mumbai - Chembur,Delivered
109191,2025-03-06,C3081,Mumbai Tadka,Desserts,1490,53,2.6,Wallet,Mumbai - Vashi,Delivered
109192,2025-07-29,C4216,Bandra Bites,Beverages,723,43,3.0,Credit Card,Mumbai - Colaba,Delivered
109193,2025-02-12,C6282,Kurla Kitchen,Beverages,459,21,3.5,Cash,Mumbai - Powai,Delivered
109194,2026-05-29,C8997,Vashi Veg Corner,North Indian,1211,45,3.8,Debit Card,Mumbai - Kurla,Delayed
109195,2025-12-18,C9656,Dadar Darbar,Pizza,1756,35,2.7,UPI,Mumbai - Bandra,Cancelled
109196,2025-04-08,C2568,Colaba Cafe,Biryani,1262,60,4.9,Debit Card,Mumbai - Kurla,Delivered
109197,2025-02-28,C1557,Borivali Bistro,North Indian,234,32,2.5,Cash,Mumbai - Chembur,Cancelled
109198,2025-05-04,C4140,Andheri Kitchen,Beverages,896,33,4.8,Debit Card,Mumbai - Colaba,Cancelled
109199,2026-05-07,C2102,Powai Plates,South Indian,1140,58,4.3,Cash,Mumbai - Colaba,Delivered
109200,2026-05-11,C3681,Andheri Kitchen,Chinese,1728,24,4.6,UPI,Mumbai - Dadar,Cancelled
109201,2026-03-13,C3506,Borivali Bistro,Desserts,1778,24,4.4,Debit Card,Mumbai - Ghatkopar,Delivered
109202,2025-09-28,C9180,Marine Drive Meals,South Indian,337,50,2.6,UPI,Mumbai - Malad,Delayed
109203,2025-03-29,C1589,Dadar Darbar,Beverages,751,34,3.4,Wallet,Mumbai - Kurla,Delivered
109204,2026-04-11,C3870,Chembur Spice House,Desserts,793,32,3.6,Debit Card,Mumbai - Bandra,Delayed
109205,2025-07-26,C4327,Powai Plates,South Indian,462,22,3.9,Wallet,Mumbai - Ghatkopar,Delivered
109206,2025-09-04,C8337,Bandra Bites,Beverages,850,82,4.6,Debit Card,Mumbai - Colaba,Delivered
109207,2025-10-17,C9143,Kurla Kitchen,Desserts,284,69,3.6,UPI,Mumbai - Chembur,Delivered
109208,2026-04-04,C9104,Ghatkopar Grill,Burger,577,40,5.0,Debit Card,Mumbai - Borivali,Delayed
109209,2025-11-04,C6944,Chembur Spice House,Healthy Food,1144,61,3.7,Debit Card,Mumbai - Colaba,Delivered
109210,2026-06-01,C7559,Ghatkopar Grill,South Indian,1533,42,2.7,Wallet,Mumbai - Thane,Delivered
109211,2025-12-10,C2963,Bandra Bites,Pizza,1012,79,4.0,Cash,Mumbai - Powai,Delivered
109212,2025-02-27,C3158,Malad Food Hub,Pizza,1308,74,2.9,Debit Card,Mumbai - Colaba,Delayed
109213,2025-02-23,C6485,Malad Food Hub,North Indian,440,20,3.4,Debit Card,Mumbai - Bandra,Delayed
109214,2025-10-08,C6191,Colaba Cafe,Burger,206,75,4.7,Cash,Mumbai - Borivali,Delivered
109215,2025-02-17,C5224,Malad Food Hub,Chinese,336,42,4.6,Debit Card,Mumbai - Colaba,Delivered
109216,2026-03-10,C8122,Mumbai Tadka,Burger,1195,55,3.3,Debit Card,Mumbai - Dadar,Delivered
109217,2025-03-06,C6548,Dadar Darbar,South Indian,117,17,3.2,Cash,Mumbai - Malad,Delivered
109218,2025-05-21,C1832,Borivali Bistro,Biryani,918,46,4.7,Wallet,Mumbai - Chembur,Delivered
109219,2025-02-04,C1135,Chembur Spice House,South Indian,1018,28,2.9,UPI,Mumbai - Kurla,Delivered
109220,2025-02-05,C9983,Marine Drive Meals,Pizza,413,84,4.3,Credit Card,Mumbai - Andheri,Cancelled
109221,2026-06-09,C4490,Kurla Kitchen,Chinese,348,53,4.0,Wallet,Mumbai - Ghatkopar,Delivered
109222,2025-07-09,C6733,Ghatkopar Grill,Burger,1193,68,3.1,Cash,Mumbai - Borivali,Delayed
109223,2025-05-21,C3030,Ghatkopar Grill,South Indian,817,26,4.4,UPI,Mumbai - Powai,Delayed
109224,2026-01-29,C7475,Mumbai Tadka,Burger,1457,32,2.6,UPI,Mumbai - Borivali,Delivered
109225,2026-03-09,C6859,Borivali Bistro,Healthy Food,122,62,3.0,Credit Card,Mumbai - Andheri,Delivered
109226,2026-01-18,C9959,Powai Plates,Burger,1002,68,4.5,Wallet,Mumbai - Vashi,Delayed
109227,2025-09-20,C1829,Vashi Veg Corner,South Indian,378,78,4.2,Wallet,Mumbai - Bandra,Delivered
109228,2025-07-19,C8122,Powai Plates,Biryani,1151,68,3.6,Cash,Mumbai - Ghatkopar,Delivered
109229,2025-04-01,C8308,Bandra Bites,Healthy Food,1644,22,4.4,Cash,Mumbai - Thane,Delivered
109230,2026-02-22,C7953,Colaba Cafe,Burger,1222,49,3.5,UPI,Mumbai - Vashi,Delivered
109231,2026-03-06,C7610,Chembur Spice House,Biryani,200,50,3.8,Wallet,Mumbai - Kurla,Delayed
109232,2026-04-02,C7097,Kurla Kitchen,Desserts,1167,60,3.0,Wallet,Mumbai - Kurla,Delivered
109233,2026-02-07,C2315,Thane Treats,Biryani,1740,49,3.1,UPI,Mumbai - Colaba,Cancelled
109234,2026-01-12,C6549,Vashi Veg Corner,South Indian,283,38,4.1,Cash,Mumbai - Malad,Delayed
109235,2025-10-06,C4090,Thane Treats,Pizza,292,75,3.8,Debit Card,Mumbai - Powai,Delayed
109236,2025-01-16,C5578,Ghatkopar Grill,Beverages,680,35,5.0,Cash,Mumbai - Bandra,Cancelled
109237,2026-03-17,C6944,Marine Drive Meals,Pizza,499,18,2.6,Debit Card,Mumbai - Borivali,Delayed
109238,2026-02-19,C1442,Andheri Kitchen,South Indian,1397,41,3.9,Wallet,Mumbai - Dadar,Delivered
109239,2026-05-22,C7765,Thane Treats,Chinese,1099,70,3.0,UPI,Mumbai - Andheri,Cancelled
109240,2025-04-05,C9389,Kurla Kitchen,Biryani,1774,52,4.8,Cash,Mumbai - Dadar,Cancelled
109241,2025-08-16,C5949,Vashi Veg Corner,Desserts,733,67,4.7,Debit Card,Mumbai - Chembur,Delivered
109242,2026-04-01,C2263,Kurla Kitchen,Beverages,1359,44,3.3,Credit Card,Mumbai - Vashi,Delayed
109243,2026-06-25,C1210,Ghatkopar Grill,Chinese,1727,56,2.7,Credit Card,Mumbai - Malad,Cancelled
109244,2025-12-30,C5855,Andheri Kitchen,Healthy Food,1414,63,3.3,Credit Card,Mumbai - Malad,Delivered
109245,2025-07-06,C3714,Vashi Veg Corner,Chinese,1251,80,4.6,Cash,Mumbai - Kurla,Delivered
109246,2025-02-23,C8704,Kurla Kitchen,Pizza,1619,74,4.6,Wallet,Mumbai - Chembur,Delivered
109247,2025-04-26,C1026,Marine Drive Meals,Desserts,303,23,4.8,Wallet,Mumbai - Ghatkopar,Delayed
109248,2025-01-22,C9261,Borivali Bistro,South Indian,486,70,3.9,UPI,Mumbai - Kurla,Cancelled
109249,2025-03-04,C2054,Vashi Veg Corner,Biryani,636,40,3.5,Cash,Mumbai - Malad,Delivered
109250,2025-07-07,C3520,Powai Plates,Chinese,151,34,2.5,Debit Card,Mumbai - Borivali,Delivered
109251,2025-05-07,C5501,Colaba Cafe,Burger,1338,15,3.9,Debit Card,Mumbai - Powai,Delayed
109252,2026-04-13,C6951,Kurla Kitchen,Chinese,753,82,4.9,Wallet,Mumbai - Borivali,Cancelled
109253,2025-11-04,C3617,Marine Drive Meals,Burger,1455,58,3.5,Cash,Mumbai - Dadar,Delivered
109254,2025-05-30,C2399,Ghatkopar Grill,Chinese,1355,25,3.4,Credit Card,Mumbai - Andheri,Delivered
109255,2025-05-13,C9120,Thane Treats,Desserts,1397,22,3.0,Debit Card,Mumbai - Mulund,Cancelled
109256,2025-12-23,C2844,Andheri Kitchen,Beverages,1085,16,3.5,UPI,Mumbai - Kurla,Delayed
109257,2025-09-16,C4405,Chembur Spice House,South Indian,321,56,3.0,Debit Card,Mumbai - Dadar,Delivered
109258,2026-01-29,C9446,Borivali Bistro,Chinese,1041,73,4.8,Wallet,Mumbai - Colaba,Delayed
109259,2025-11-16,C9850,Vashi Veg Corner,Desserts,1027,53,2.9,UPI,Mumbai - Andheri,Cancelled
109260,2025-05-12,C3691,Chembur Spice House,South Indian,1303,80,2.7,Debit Card,Mumbai - Vashi,Delayed
109261,2026-02-25,C1616,Marine Drive Meals,Pizza,604,20,4.2,Wallet,Mumbai - Malad,Cancelled
109262,2026-02-18,C4707,Vashi Veg Corner,South Indian,989,75,4.6,Credit Card,Mumbai - Andheri,Delivered
109263,2025-12-26,C1600,Vashi Veg Corner,Burger,747,20,2.7,Wallet,Mumbai - Colaba,Delivered
109264,2025-02-24,C9357,Andheri Kitchen,Healthy Food,425,47,4.2,UPI,Mumbai - Ghatkopar,Cancelled
109265,2026-05-15,C6755,Thane Treats,Pizza,971,63,3.1,Debit Card,Mumbai - Andheri,Delivered
109266,2025-06-02,C2304,Borivali Bistro,Burger,1553,66,4.8,Wallet,Mumbai - Mulund,Delivered
109267,2025-05-06,C6480,Chembur Spice House,Healthy Food,1447,57,3.0,Credit Card,Mumbai - Bandra,Delivered
109268,2025-09-26,C1459,Andheri Kitchen,Chinese,900,33,3.9,Credit Card,Mumbai - Kurla,Delayed
109269,2025-11-03,C3735,Kurla Kitchen,North Indian,632,37,4.0,Wallet,Mumbai - Borivali,Delivered
109270,2026-04-01,C1420,Marine Drive Meals,Chinese,1024,84,3.5,UPI,Mumbai - Colaba,Delayed
109271,2025-12-04,C4083,Kurla Kitchen,Biryani,755,27,3.4,Credit Card,Mumbai - Ghatkopar,Cancelled
109272,2025-08-19,C8636,Bandra Bites,Burger,1233,58,3.4,Wallet,Mumbai - Ghatkopar,Delivered
109273,2026-01-06,C9036,Colaba Cafe,Desserts,1150,47,2.7,UPI,Mumbai - Thane,Delayed
109274,2025-10-29,C8049,Ghatkopar Grill,Healthy Food,501,83,3.7,Credit Card,Mumbai - Vashi,Delayed
109275,2025-02-17,C4509,Andheri Kitchen,Healthy Food,462,26,4.8,Debit Card,Mumbai - Mulund,Cancelled
109276,2025-02-07,C7240,Kurla Kitchen,Biryani,837,25,3.5,Wallet,Mumbai - Andheri,Cancelled
109277,2025-12-05,C4712,Chembur Spice House,Pizza,1111,17,4.5,UPI,Mumbai - Thane,Cancelled
109278,2026-04-05,C2602,Vashi Veg Corner,South Indian,330,29,4.3,UPI,Mumbai - Thane,Delivered
109279,2026-02-15,C1977,Ghatkopar Grill,Burger,493,52,3.3,Cash,Mumbai - Malad,Delivered
109280,2026-01-10,C2473,Bandra Bites,Biryani,171,17,2.9,Credit Card,Mumbai - Malad,Delivered
109281,2025-01-01,C9579,Marine Drive Meals,Chinese,833,60,3.7,Debit Card,Mumbai - Borivali,Cancelled
109282,2025-04-14,C7775,Bandra Bites,Burger,1277,42,4.7,Wallet,Mumbai - Malad,Delivered
109283,2025-02-06,C9039,Chembur Spice House,Beverages,881,34,4.7,Wallet,Mumbai - Andheri,Delivered
109284,2026-03-24,C8474,Marine Drive Meals,Chinese,1693,54,3.9,Credit Card,Mumbai - Colaba,Delivered
109285,2026-02-18,C7105,Thane Treats,Desserts,1682,71,2.6,Cash,Mumbai - Mulund,Delivered
109286,2026-03-07,C8099,Powai Plates,Chinese,772,85,4.5,Debit Card,Mumbai - Thane,Cancelled
109287,2025-11-22,C1798,Mumbai Tadka,Burger,672,34,2.8,Wallet,Mumbai - Andheri,Delivered
109288,2025-03-22,C3917,Powai Plates,Beverages,1594,30,4.2,Debit Card,Mumbai - Kurla,Delivered
109289,2026-01-22,C2514,Ghatkopar Grill,Burger,377,31,3.1,UPI,Mumbai - Bandra,Delivered
109290,2026-05-06,C5111,Vashi Veg Corner,Burger,727,15,2.5,Wallet,Mumbai - Ghatkopar,Cancelled
109291,2025-04-13,C9397,Kurla Kitchen,Burger,1249,80,3.0,Credit Card,Mumbai - Bandra,Delivered
109292,2025-04-04,C4001,Ghatkopar Grill,South Indian,678,67,3.5,Cash,Mumbai - Chembur,Delivered
109293,2026-03-05,C1149,Vashi Veg Corner,Beverages,1353,40,4.3,Wallet,Mumbai - Mulund,Delivered
109294,2026-02-07,C7105,Borivali Bistro,North Indian,250,83,4.1,Debit Card,Mumbai - Chembur,Delivered
109295,2025-11-04,C2731,Vashi Veg Corner,Burger,1495,79,4.4,UPI,Mumbai - Colaba,Cancelled
109296,2025-12-15,C4207,Thane Treats,Burger,1064,54,3.8,Credit Card,Mumbai - Andheri,Delivered
109297,2025-08-13,C9282,Chembur Spice House,Biryani,760,65,3.3,Debit Card,Mumbai - Borivali,Delayed
109298,2026-02-26,C2519,Mumbai Tadka,North Indian,1655,47,4.5,UPI,Mumbai - Chembur,Delivered
109299,2025-10-27,C4919,Vashi Veg Corner,Pizza,699,27,4.2,Credit Card,Mumbai - Colaba,Delayed
109300,2025-02-20,C2803,Kurla Kitchen,Healthy Food,655,83,4.0,Wallet,Mumbai - Colaba,Delivered
109301,2025-10-25,C7382,Marine Drive Meals,North Indian,908,82,3.7,Cash,Mumbai - Ghatkopar,Cancelled
109302,2025-04-12,C1771,Powai Plates,South Indian,905,37,4.1,Cash,Mumbai - Powai,Delivered
109303,2025-02-02,C8063,Bandra Bites,Chinese,1537,73,2.6,Debit Card,Mumbai - Mulund,Cancelled
109304,2026-04-10,C9015,Vashi Veg Corner,Pizza,1686,70,2.8,Wallet,Mumbai - Thane,Cancelled
109305,2025-04-21,C8849,Malad Food Hub,Biryani,228,44,2.6,Cash,Mumbai - Vashi,Delivered
109306,2025-10-17,C2219,Chembur Spice House,Beverages,1479,46,3.3,Credit Card,Mumbai - Bandra,Delivered
109307,2025-01-11,C9370,Vashi Veg Corner,Biryani,505,85,4.8,Credit Card,Mumbai - Colaba,Delayed
109308,2026-02-10,C8498,Vashi Veg Corner,Desserts,1606,66,2.5,UPI,Mumbai - Dadar,Delivered
109309,2025-11-27,C5811,Colaba Cafe,Chinese,1281,33,4.0,Cash,Mumbai - Kurla,Delayed
109310,2025-04-20,C6172,Thane Treats,Biryani,1723,75,3.2,Credit Card,Mumbai - Chembur,Delayed
109311,2026-05-05,C2300,Andheri Kitchen,Healthy Food,1376,46,3.9,UPI,Mumbai - Vashi,Delivered
109312,2026-06-11,C1734,Thane Treats,Biryani,1694,74,3.8,UPI,Mumbai - Kurla,Delayed
109313,2025-01-01,C2275,Colaba Cafe,Pizza,786,19,3.0,Wallet,Mumbai - Vashi,Delivered
109314,2025-02-28,C2118,Dadar Darbar,Chinese,1196,59,3.8,Cash,Mumbai - Malad,Delivered
109315,2025-03-25,C7843,Dadar Darbar,Biryani,1191,62,3.6,Wallet,Mumbai - Bandra,Delivered
109316,2025-05-21,C1212,Thane Treats,North Indian,276,69,4.2,UPI,Mumbai - Thane,Delivered
109317,2026-06-17,C5346,Andheri Kitchen,Pizza,1072,22,3.5,Wallet,Mumbai - Malad,Delivered
109318,2025-10-16,C7827,Marine Drive Meals,Burger,1205,43,4.0,UPI,Mumbai - Powai,Delivered
109319,2025-10-21,C8211,Andheri Kitchen,North Indian,1171,49,3.4,Wallet,Mumbai - Colaba,Delivered
109320,2025-06-14,C6232,Andheri Kitchen,Desserts,1322,44,2.8,Debit Card,Mumbai - Andheri,Delayed
109321,2025-03-15,C2999,Borivali Bistro,North Indian,1161,49,3.0,UPI,Mumbai - Ghatkopar,Delayed
109322,2025-12-23,C9663,Thane Treats,Healthy Food,906,21,3.6,Debit Card,Mumbai - Kurla,Delivered
109323,2026-02-05,C6186,Powai Plates,Healthy Food,536,73,3.2,UPI,Mumbai - Malad,Delayed
109324,2025-02-17,C1289,Thane Treats,Beverages,1731,66,2.9,UPI,Mumbai - Ghatkopar,Delivered
109325,2025-11-27,C5150,Dadar Darbar,Desserts,1413,81,2.9,Wallet,Mumbai - Thane,Cancelled
109326,2025-08-20,C9326,Mumbai Tadka,Chinese,339,84,4.0,Wallet,Mumbai - Borivali,Delivered
109327,2025-05-05,C2095,Dadar Darbar,South Indian,1428,73,3.2,Credit Card,Mumbai - Dadar,Cancelled
109328,2025-11-18,C3051,Bandra Bites,Chinese,299,27,4.0,Credit Card,Mumbai - Bandra,Delivered
109329,2026-06-06,C5768,Chembur Spice House,Burger,764,28,3.5,Wallet,Mumbai - Colaba,Cancelled
109330,2025-12-11,C2584,Vashi Veg Corner,North Indian,1337,37,4.2,Credit Card,Mumbai - Colaba,Cancelled
109331,2026-05-10,C9321,Kurla Kitchen,Healthy Food,1713,76,4.1,UPI,Mumbai - Colaba,Cancelled
109332,2026-04-22,C4082,Thane Treats,Chinese,373,45,3.5,Debit Card,Mumbai - Malad,Delivered
109333,2025-10-06,C3264,Malad Food Hub,South Indian,1058,73,3.7,Cash,Mumbai - Vashi,Delivered
109334,2026-05-24,C6609,Bandra Bites,Chinese,332,33,2.8,Wallet,Mumbai - Mulund,Delivered
109335,2026-01-19,C5698,Ghatkopar Grill,North Indian,579,30,4.4,Cash,Mumbai - Mulund,Delivered
109336,2026-01-13,C6418,Colaba Cafe,North Indian,589,55,3.3,Debit Card,Mumbai - Powai,Delayed
109337,2025-11-22,C3775,Bandra Bites,Chinese,1392,64,4.1,Debit Card,Mumbai - Chembur,Delivered
109338,2026-05-09,C7820,Kurla Kitchen,Burger,1427,78,3.2,UPI,Mumbai - Vashi,Delayed
109339,2026-03-03,C9551,Vashi Veg Corner,Burger,994,85,3.1,UPI,Mumbai - Malad,Delayed
109340,2025-03-08,C2546,Vashi Veg Corner,South Indian,478,27,3.4,Wallet,Mumbai - Kurla,Cancelled
109341,2025-06-24,C3800,Dadar Darbar,Pizza,1168,27,3.1,Wallet,Mumbai - Powai,Delivered
109342,2025-02-23,C3680,Thane Treats,Burger,1672,62,3.9,Debit Card,Mumbai - Powai,Delivered
109343,2025-01-02,C8804,Marine Drive Meals,Desserts,1786,27,3.8,UPI,Mumbai - Andheri,Cancelled
109344,2025-10-20,C8944,Colaba Cafe,Pizza,1210,17,4.3,Cash,Mumbai - Vashi,Delivered
109345,2026-01-23,C6392,Mumbai Tadka,Biryani,462,44,4.0,Wallet,Mumbai - Kurla,Delivered
109346,2026-05-29,C6456,Kurla Kitchen,Beverages,1748,17,2.6,Cash,Mumbai - Borivali,Delivered
109347,2025-12-19,C7149,Marine Drive Meals,Healthy Food,1761,65,4.2,UPI,Mumbai - Kurla,Cancelled
109348,2026-01-18,C1219,Malad Food Hub,North Indian,687,43,2.9,Credit Card,Mumbai - Andheri,Delivered
109349,2026-04-14,C9774,Bandra Bites,Biryani,169,24,2.7,UPI,Mumbai - Chembur,Delayed
109350,2026-03-10,C2098,Malad Food Hub,Beverages,1193,27,4.4,Cash,Mumbai - Bandra,Delivered
109351,2025-05-22,C7251,Ghatkopar Grill,Burger,674,28,3.2,Debit Card,Mumbai - Borivali,Delivered
109352,2025-06-12,C3018,Malad Food Hub,South Indian,642,75,4.3,UPI,Mumbai - Malad,Delivered
109353,2025-11-10,C1511,Colaba Cafe,South Indian,809,48,4.7,Debit Card,Mumbai - Colaba,Delayed
109354,2026-04-25,C5547,Ghatkopar Grill,North Indian,1529,29,3.7,Wallet,Mumbai - Ghatkopar,Delivered
109355,2025-06-27,C7813,Mumbai Tadka,North Indian,270,40,4.7,UPI,Mumbai - Bandra,Delivered
109356,2025-04-26,C7221,Marine Drive Meals,South Indian,765,33,4.3,Wallet,Mumbai - Colaba,Delivered
109357,2026-06-11,C4061,Marine Drive Meals,Beverages,1486,57,4.7,Debit Card,Mumbai - Thane,Delivered
109358,2025-09-02,C5178,Dadar Darbar,Burger,1714,64,4.7,Wallet,Mumbai - Colaba,Delivered
109359,2025-12-21,C5052,Powai Plates,Beverages,177,32,4.2,Credit Card,Mumbai - Borivali,Cancelled
109360,2025-09-22,C2677,Kurla Kitchen,Healthy Food,827,31,3.4,Credit Card,Mumbai - Borivali,Cancelled
109361,2025-06-11,C1832,Kurla Kitchen,Pizza,174,16,2.7,UPI,Mumbai - Mulund,Delivered
109362,2026-03-21,C1784,Ghatkopar Grill,North Indian,1431,40,3.7,Wallet,Mumbai - Chembur,Delivered
109363,2025-01-08,C9717,Powai Plates,South Indian,186,37,4.7,Wallet,Mumbai - Malad,Delayed
109364,2025-02-02,C2472,Bandra Bites,Biryani,1774,45,3.4,Debit Card,Mumbai - Mulund,Cancelled
109365,2025-07-04,C2339,Kurla Kitchen,Biryani,346,53,4.1,Debit Card,Mumbai - Vashi,Delivered
109366,2025-09-11,C5390,Chembur Spice House,Pizza,1546,46,2.9,Wallet,Mumbai - Ghatkopar,Cancelled
109367,2025-06-27,C2678,Colaba Cafe,Desserts,1325,40,3.0,Debit Card,Mumbai - Chembur,Delivered
109368,2025-10-23,C3745,Malad Food Hub,North Indian,394,26,3.5,Wallet,Mumbai - Chembur,Delayed
109369,2026-06-23,C1850,Vashi Veg Corner,South Indian,139,63,3.2,Wallet,Mumbai - Dadar,Delivered
109370,2025-03-21,C4093,Powai Plates,North Indian,1138,74,5.0,Wallet,Mumbai - Chembur,Delayed
109371,2025-02-08,C8967,Ghatkopar Grill,Desserts,824,82,2.8,Wallet,Mumbai - Chembur,Delivered
109372,2025-03-05,C1892,Ghatkopar Grill,Desserts,1405,73,3.0,Credit Card,Mumbai - Andheri,Delivered
109373,2025-04-06,C4820,Mumbai Tadka,Biryani,1298,78,4.4,Debit Card,Mumbai - Ghatkopar,Delivered
109374,2025-01-01,C4210,Bandra Bites,Burger,713,64,3.0,Credit Card,Mumbai - Andheri,Delayed
109375,2025-08-10,C1300,Malad Food Hub,Healthy Food,1264,55,2.8,Cash,Mumbai - Malad,Cancelled
109376,2025-12-28,C8558,Thane Treats,Biryani,544,29,4.5,Cash,Mumbai - Powai,Delivered
109377,2025-12-21,C6511,Andheri Kitchen,Burger,403,85,4.5,Cash,Mumbai - Vashi,Delivered
109378,2025-11-09,C3467,Powai Plates,Chinese,285,43,4.7,Debit Card,Mumbai - Powai,Cancelled
109379,2026-05-19,C9995,Marine Drive Meals,Beverages,629,33,3.9,Wallet,Mumbai - Mulund,Delivered
109380,2026-01-11,C6707,Ghatkopar Grill,South Indian,1374,80,4.9,Wallet,Mumbai - Colaba,Delayed
109381,2025-05-08,C1251,Dadar Darbar,Pizza,907,50,3.5,Debit Card,Mumbai - Colaba,Delayed
109382,2026-04-12,C5435,Andheri Kitchen,Beverages,1298,43,4.1,Wallet,Mumbai - Mulund,Delivered
109383,2026-03-03,C7476,Vashi Veg Corner,Burger,1639,70,3.2,Wallet,Mumbai - Powai,Cancelled
109384,2025-04-11,C4807,Malad Food Hub,Burger,1618,58,3.6,Debit Card,Mumbai - Bandra,Delayed
109385,2025-03-13,C7862,Chembur Spice House,South Indian,804,44,2.8,Cash,Mumbai - Andheri,Cancelled
109386,2026-05-18,C9441,Thane Treats,Beverages,1119,65,3.9,Debit Card,Mumbai - Thane,Delayed
109387,2025-09-02,C8499,Ghatkopar Grill,Burger,1309,60,3.0,Debit Card,Mumbai - Powai,Delivered
109388,2026-06-04,C1324,Ghatkopar Grill,Beverages,359,53,4.8,Cash,Mumbai - Vashi,Delivered
109389,2025-08-27,C1910,Bandra Bites,North Indian,761,58,2.9,Credit Card,Mumbai - Borivali,Delayed
109390,2025-10-28,C3323,Dadar Darbar,South Indian,1019,42,2.8,Debit Card,Mumbai - Borivali,Delivered
109391,2026-02-27,C7234,Bandra Bites,Pizza,187,24,4.2,Wallet,Mumbai - Kurla,Delivered
109392,2025-10-24,C8908,Thane Treats,Beverages,1109,51,4.8,UPI,Mumbai - Kurla,Delivered
109393,2025-08-08,C6044,Colaba Cafe,South Indian,1106,54,2.9,Credit Card,Mumbai - Dadar,Cancelled
109394,2025-09-02,C2595,Mumbai Tadka,Desserts,420,58,3.1,UPI,Mumbai - Andheri,Delayed
109395,2026-01-28,C2325,Marine Drive Meals,Healthy Food,425,23,3.5,Wallet,Mumbai - Ghatkopar,Delivered
109396,2025-10-26,C6027,Andheri Kitchen,Chinese,1618,39,3.8,Credit Card,Mumbai - Vashi,Delivered
109397,2025-06-30,C8155,Andheri Kitchen,South Indian,1669,24,4.0,Wallet,Mumbai - Chembur,Cancelled
109398,2025-10-13,C1512,Mumbai Tadka,Healthy Food,617,59,4.4,Wallet,Mumbai - Vashi,Delivered
109399,2025-06-07,C8476,Borivali Bistro,Burger,406,40,2.6,UPI,Mumbai - Chembur,Cancelled
109400,2026-05-11,C9931,Ghatkopar Grill,North Indian,464,73,4.8,Debit Card,Mumbai - Powai,Delivered
109401,2026-05-10,C5749,Vashi Veg Corner,Healthy Food,1271,68,4.6,Wallet,Mumbai - Malad,Delivered
109402,2025-03-08,C4218,Malad Food Hub,Burger,1110,48,5.0,UPI,Mumbai - Thane,Delivered
109403,2025-02-25,C2951,Thane Treats,Beverages,889,65,2.8,UPI,Mumbai - Mulund,Delivered
109404,2025-03-13,C1845,Dadar Darbar,South Indian,594,42,4.5,Wallet,Mumbai - Bandra,Cancelled
109405,2025-02-07,C9765,Borivali Bistro,Desserts,1112,19,4.3,Cash,Mumbai - Mulund,Delivered
109406,2025-03-22,C5114,Vashi Veg Corner,Healthy Food,528,60,2.6,Debit Card,Mumbai - Dadar,Delivered
109407,2026-05-10,C3589,Colaba Cafe,Burger,697,51,4.0,UPI,Mumbai - Ghatkopar,Delivered
109408,2026-02-20,C2522,Andheri Kitchen,Chinese,1281,53,4.2,Debit Card,Mumbai - Vashi,Cancelled
109409,2025-01-22,C6711,Colaba Cafe,Desserts,1283,16,3.9,Wallet,Mumbai - Malad,Delayed
109410,2025-09-09,C4204,Bandra Bites,Healthy Food,1062,48,2.5,UPI,Mumbai - Powai,Cancelled
109411,2026-06-23,C1103,Kurla Kitchen,Beverages,1566,64,3.9,Wallet,Mumbai - Chembur,Delivered
109412,2025-11-30,C7686,Andheri Kitchen,Chinese,681,40,4.0,Debit Card,Mumbai - Powai,Delayed
109413,2025-08-20,C6277,Dadar Darbar,Desserts,170,72,3.4,Debit Card,Mumbai - Vashi,Delivered
109414,2025-04-19,C8497,Dadar Darbar,Chinese,1551,79,3.3,Wallet,Mumbai - Andheri,Delivered
109415,2025-12-08,C6136,Dadar Darbar,Pizza,1549,83,3.9,Wallet,Mumbai - Malad,Delivered
109416,2025-07-20,C4656,Powai Plates,Healthy Food,1072,63,4.5,Wallet,Mumbai - Chembur,Cancelled
109417,2025-12-29,C6926,Dadar Darbar,Burger,412,32,4.8,Cash,Mumbai - Bandra,Delivered
109418,2025-05-26,C5296,Ghatkopar Grill,South Indian,161,65,4.0,Debit Card,Mumbai - Bandra,Delivered
109419,2025-06-30,C2347,Powai Plates,Pizza,1710,18,3.1,UPI,Mumbai - Mulund,Delayed
109420,2025-04-25,C7343,Powai Plates,North Indian,357,47,3.8,Cash,Mumbai - Colaba,Delivered
109421,2025-03-13,C6609,Dadar Darbar,North Indian,1112,79,3.4,Credit Card,Mumbai - Ghatkopar,Delivered
109422,2025-09-27,C5772,Vashi Veg Corner,Desserts,931,81,3.4,Credit Card,Mumbai - Dadar,Delivered
109423,2025-01-18,C3033,Marine Drive Meals,South Indian,1504,84,4.7,Cash,Mumbai - Chembur,Delivered
109424,2025-11-21,C4171,Marine Drive Meals,Pizza,876,64,4.8,Cash,Mumbai - Andheri,Delivered
109425,2025-12-24,C5896,Vashi Veg Corner,South Indian,871,20,2.7,Wallet,Mumbai - Borivali,Cancelled
109426,2026-06-06,C8041,Dadar Darbar,Healthy Food,1602,27,3.6,Wallet,Mumbai - Bandra,Delivered
109427,2025-09-08,C1057,Borivali Bistro,Pizza,1128,36,4.3,Wallet,Mumbai - Powai,Cancelled
109428,2026-05-29,C8748,Dadar Darbar,Burger,1280,66,3.4,UPI,Mumbai - Mulund,Delivered
109429,2026-04-18,C5880,Borivali Bistro,Chinese,1112,31,2.9,Wallet,Mumbai - Mulund,Delivered
109430,2026-05-10,C7706,Chembur Spice House,North Indian,904,82,4.8,UPI,Mumbai - Powai,Delayed
109431,2025-07-29,C2798,Marine Drive Meals,Beverages,456,62,4.0,UPI,Mumbai - Chembur,Delayed
109432,2026-02-14,C3187,Vashi Veg Corner,Chinese,813,63,3.5,Wallet,Mumbai - Andheri,Delayed
109433,2025-10-27,C7041,Marine Drive Meals,Beverages,867,44,3.5,Wallet,Mumbai - Andheri,Delivered
109434,2025-07-29,C2813,Marine Drive Meals,Biryani,1636,49,3.9,Debit Card,Mumbai - Bandra,Delivered
109435,2025-07-17,C5521,Powai Plates,South Indian,321,51,3.7,Cash,Mumbai - Colaba,Cancelled
109436,2025-10-28,C6756,Bandra Bites,Pizza,151,42,3.5,Cash,Mumbai - Ghatkopar,Delivered
109437,2026-04-09,C4495,Kurla Kitchen,South Indian,1152,42,4.6,Wallet,Mumbai - Thane,Delivered
109438,2025-10-10,C6734,Andheri Kitchen,Chinese,328,41,3.9,UPI,Mumbai - Chembur,Delivered
109439,2026-01-28,C1077,Chembur Spice House,Desserts,485,33,4.0,Cash,Mumbai - Borivali,Delivered
109440,2025-02-24,C6291,Andheri Kitchen,North Indian,1398,52,2.9,Credit Card,Mumbai - Powai,Delivered
109441,2025-07-08,C8494,Vashi Veg Corner,Pizza,422,53,3.7,Cash,Mumbai - Chembur,Delayed
109442,2025-11-22,C2315,Borivali Bistro,North Indian,850,18,2.7,Cash,Mumbai - Bandra,Delivered
109443,2025-08-09,C8424,Malad Food Hub,Biryani,1601,36,4.0,Cash,Mumbai - Borivali,Delivered
109444,2025-06-10,C2990,Powai Plates,North Indian,400,31,3.7,Debit Card,Mumbai - Chembur,Delivered
109445,2025-09-04,C6898,Powai Plates,Healthy Food,228,31,3.8,UPI,Mumbai - Colaba,Cancelled
109446,2026-03-05,C2485,Powai Plates,North Indian,821,15,2.9,Wallet,Mumbai - Ghatkopar,Delayed
109447,2026-06-09,C3444,Colaba Cafe,North Indian,421,62,4.6,Credit Card,Mumbai - Mulund,Cancelled
109448,2025-08-23,C6145,Andheri Kitchen,North Indian,636,73,3.6,Credit Card,Mumbai - Thane,Delayed
109449,2025-09-24,C4716,Bandra Bites,Burger,1250,39,3.8,Wallet,Mumbai - Bandra,Delivered
109450,2026-03-24,C9017,Marine Drive Meals,Pizza,1143,59,4.1,UPI,Mumbai - Bandra,Delivered
109451,2026-05-31,C4086,Chembur Spice House,North Indian,978,24,4.4,Credit Card,Mumbai - Dadar,Delivered
109452,2025-09-02,C4689,Dadar Darbar,South Indian,1681,28,3.4,Debit Card,Mumbai - Borivali,Delivered
109453,2025-10-05,C2850,Bandra Bites,South Indian,1183,64,4.9,Credit Card,Mumbai - Borivali,Delivered
109454,2025-12-05,C7613,Colaba Cafe,Pizza,122,26,2.8,Credit Card,Mumbai - Bandra,Delayed
109455,2025-09-09,C1919,Andheri Kitchen,Desserts,1080,67,4.4,Debit Card,Mumbai - Borivali,Delivered
109456,2025-10-21,C6515,Dadar Darbar,Burger,1346,80,3.3,Debit Card,Mumbai - Ghatkopar,Delivered
109457,2025-02-24,C8327,Kurla Kitchen,Chinese,1219,23,3.0,Debit Card,Mumbai - Dadar,Delivered
109458,2025-05-04,C8127,Thane Treats,Beverages,687,24,2.5,UPI,Mumbai - Bandra,Delivered
109459,2026-01-16,C8937,Andheri Kitchen,Biryani,208,37,3.0,Cash,Mumbai - Powai,Delivered
109460,2026-01-27,C6993,Colaba Cafe,Biryani,187,48,2.9,Debit Card,Mumbai - Malad,Delivered
109461,2025-11-27,C4606,Ghatkopar Grill,Beverages,1095,56,2.9,UPI,Mumbai - Colaba,Delivered
109462,2025-10-02,C4349,Colaba Cafe,South Indian,526,74,3.7,Credit Card,Mumbai - Andheri,Delivered
109463,2025-01-10,C3410,Vashi Veg Corner,Beverages,383,83,4.9,Wallet,Mumbai - Powai,Delayed
109464,2026-04-15,C4638,Bandra Bites,South Indian,1319,22,4.0,Debit Card,Mumbai - Chembur,Delayed
109465,2026-04-13,C5321,Marine Drive Meals,Biryani,878,75,4.8,Cash,Mumbai - Vashi,Delivered
109466,2025-02-08,C7312,Vashi Veg Corner,North Indian,487,35,2.9,Credit Card,Mumbai - Chembur,Delivered
109467,2026-03-02,C8984,Colaba Cafe,Healthy Food,1470,76,4.4,Cash,Mumbai - Thane,Delivered
109468,2025-02-23,C9017,Andheri Kitchen,Beverages,1604,73,4.3,Credit Card,Mumbai - Andheri,Delivered
109469,2025-02-02,C7554,Thane Treats,Burger,322,42,2.6,Credit Card,Mumbai - Chembur,Delivered
109470,2025-09-02,C8239,Bandra Bites,Burger,808,22,3.9,UPI,Mumbai - Ghatkopar,Cancelled
109471,2025-10-17,C6305,Malad Food Hub,Desserts,1392,15,3.0,Wallet,Mumbai - Malad,Delayed
109472,2025-09-22,C4039,Powai Plates,Beverages,380,60,4.1,Debit Card,Mumbai - Ghatkopar,Delivered
109473,2026-04-25,C4803,Chembur Spice House,South Indian,491,57,3.8,Wallet,Mumbai - Dadar,Delivered
109474,2025-07-01,C8567,Colaba Cafe,Desserts,1783,50,4.7,Credit Card,Mumbai - Thane,Delivered
109475,2026-04-24,C9417,Marine Drive Meals,Desserts,744,72,4.4,Debit Card,Mumbai - Mulund,Delivered
109476,2025-01-07,C8924,Vashi Veg Corner,Beverages,100,77,4.0,UPI,Mumbai - Kurla,Delayed
109477,2026-05-29,C7814,Borivali Bistro,South Indian,1797,36,2.9,Wallet,Mumbai - Bandra,Delivered
109478,2026-02-22,C9075,Thane Treats,Healthy Food,152,50,3.7,Wallet,Mumbai - Malad,Delivered
109479,2025-01-26,C2238,Powai Plates,Chinese,1263,19,3.2,Wallet,Mumbai - Bandra,Delayed
109480,2025-03-09,C8401,Malad Food Hub,Chinese,605,71,3.5,Credit Card,Mumbai - Malad,Delivered
109481,2026-01-27,C4114,Powai Plates,Biryani,1615,70,3.6,Debit Card,Mumbai - Colaba,Delivered
109482,2026-01-29,C5918,Ghatkopar Grill,North Indian,1468,30,3.0,Debit Card,Mumbai - Borivali,Cancelled
109483,2025-06-28,C6610,Colaba Cafe,Desserts,1159,71,3.2,Cash,Mumbai - Colaba,Cancelled
109484,2026-05-28,C9140,Chembur Spice House,North Indian,1196,73,4.8,Wallet,Mumbai - Powai,Cancelled
109485,2026-04-28,C2855,Chembur Spice House,Beverages,1427,18,4.8,Debit Card,Mumbai - Dadar,Delivered
109486,2026-06-24,C5740,Powai Plates,Beverages,1014,84,4.4,Cash,Mumbai - Powai,Delayed
109487,2025-11-19,C2495,Thane Treats,Desserts,644,36,3.4,Credit Card,Mumbai - Dadar,Delivered
109488,2025-07-24,C9188,Kurla Kitchen,Beverages,701,26,2.6,Debit Card,Mumbai - Bandra,Delayed
109489,2025-10-19,C2459,Kurla Kitchen,Burger,1383,85,3.4,Credit Card,Mumbai - Malad,Delayed
109490,2025-02-16,C2529,Bandra Bites,Healthy Food,620,76,4.0,Debit Card,Mumbai - Borivali,Delivered
109491,2026-03-21,C3970,Colaba Cafe,Chinese,872,24,2.6,UPI,Mumbai - Mulund,Delayed
109492,2025-05-19,C9139,Malad Food Hub,Healthy Food,460,65,3.3,Credit Card,Mumbai - Borivali,Delivered
109493,2025-06-23,C9812,Bandra Bites,South Indian,340,83,4.4,Cash,Mumbai - Thane,Delivered
109494,2025-10-08,C1239,Thane Treats,Desserts,223,73,2.7,Wallet,Mumbai - Thane,Delivered
109495,2025-12-31,C7362,Marine Drive Meals,Beverages,419,50,4.6,UPI,Mumbai - Mulund,Delivered
109496,2025-02-27,C2871,Ghatkopar Grill,Beverages,163,53,2.8,Cash,Mumbai - Colaba,Delivered
109497,2025-09-18,C3500,Dadar Darbar,Pizza,1238,49,4.2,Credit Card,Mumbai - Powai,Delivered
109498,2025-06-25,C9134,Malad Food Hub,Pizza,884,40,4.1,Debit Card,Mumbai - Ghatkopar,Delivered
109499,2025-12-24,C3090,Thane Treats,North Indian,449,67,2.9,UPI,Mumbai - Kurla,Cancelled
109500,2025-01-03,C9869,Ghatkopar Grill,South Indian,1465,59,5.0,Wallet,Mumbai - Borivali,Delivered
109501,2025-09-13,C9848,Kurla Kitchen,Beverages,1465,45,3.0,UPI,Mumbai - Kurla,Cancelled
109502,2026-05-02,C6094,Vashi Veg Corner,Chinese,1597,78,3.2,Wallet,Mumbai - Chembur,Cancelled
109503,2025-09-13,C5145,Borivali Bistro,Desserts,350,58,4.9,Debit Card,Mumbai - Colaba,Delivered
109504,2025-09-30,C2843,Dadar Darbar,South Indian,281,38,4.7,Cash,Mumbai - Kurla,Delayed
109505,2025-03-19,C9151,Kurla Kitchen,Desserts,1475,83,4.8,Debit Card,Mumbai - Mulund,Delivered
109506,2025-02-26,C3860,Dadar Darbar,Biryani,1026,31,3.3,Credit Card,Mumbai - Colaba,Delivered
109507,2026-05-07,C8385,Bandra Bites,Biryani,275,61,4.1,Debit Card,Mumbai - Chembur,Delivered
109508,2026-03-05,C8167,Thane Treats,Chinese,1749,68,4.7,Credit Card,Mumbai - Mulund,Delivered
109509,2025-08-02,C5950,Borivali Bistro,Desserts,1605,55,4.3,Credit Card,Mumbai - Chembur,Delivered
109510,2025-03-24,C6312,Marine Drive Meals,North Indian,1570,73,3.6,Credit Card,Mumbai - Mulund,Delivered
109511,2025-08-22,C4136,Dadar Darbar,Pizza,1341,60,4.8,Cash,Mumbai - Powai,Delayed
109512,2026-04-03,C4377,Kurla Kitchen,Desserts,882,32,5.0,Wallet,Mumbai - Andheri,Delivered
109513,2025-08-21,C6160,Andheri Kitchen,Pizza,425,85,4.5,Cash,Mumbai - Chembur,Cancelled
109514,2026-03-16,C9256,Dadar Darbar,Healthy Food,243,47,4.5,Credit Card,Mumbai - Colaba,Delayed
109515,2026-05-06,C3153,Kurla Kitchen,Biryani,899,80,4.5,Cash,Mumbai - Andheri,Delivered
109516,2025-05-15,C7593,Borivali Bistro,Pizza,1367,81,3.9,UPI,Mumbai - Andheri,Delayed
109517,2025-12-06,C2739,Chembur Spice House,Burger,986,62,4.5,UPI,Mumbai - Vashi,Delivered
109518,2025-09-27,C8356,Thane Treats,Beverages,841,68,2.5,Cash,Mumbai - Borivali,Delayed
109519,2026-04-30,C1042,Andheri Kitchen,Biryani,1043,74,3.2,UPI,Mumbai - Kurla,Delivered
109520,2025-11-15,C1394,Malad Food Hub,Biryani,267,39,4.0,Debit Card,Mumbai - Bandra,Delivered
109521,2026-01-29,C2871,Powai Plates,South Indian,1775,74,4.5,Credit Card,Mumbai - Andheri,Cancelled
109522,2026-01-25,C8959,Mumbai Tadka,Pizza,778,25,4.8,Debit Card,Mumbai - Colaba,Delivered
109523,2025-07-19,C6909,Dadar Darbar,Beverages,1476,20,3.7,Wallet,Mumbai - Mulund,Delayed
109524,2026-04-25,C1811,Borivali Bistro,Beverages,226,78,2.9,Credit Card,Mumbai - Malad,Delivered
109525,2026-03-15,C6811,Borivali Bistro,North Indian,905,78,4.7,Wallet,Mumbai - Andheri,Cancelled
109526,2025-08-06,C2081,Kurla Kitchen,Beverages,1726,74,3.8,Wallet,Mumbai - Borivali,Cancelled
109527,2025-03-15,C6423,Kurla Kitchen,Biryani,492,69,2.7,UPI,Mumbai - Kurla,Delivered
109528,2025-12-11,C7148,Ghatkopar Grill,Biryani,1098,41,3.7,Cash,Mumbai - Dadar,Delayed
109529,2026-01-18,C8696,Colaba Cafe,Pizza,627,56,4.2,Cash,Mumbai - Dadar,Delivered
109530,2026-06-04,C7361,Powai Plates,Desserts,1249,46,4.1,UPI,Mumbai - Borivali,Delivered
109531,2026-02-04,C3686,Bandra Bites,North Indian,1617,19,4.9,Wallet,Mumbai - Vashi,Delayed
109532,2025-01-14,C3082,Marine Drive Meals,Healthy Food,1541,42,4.8,Cash,Mumbai - Borivali,Delivered
109533,2025-12-17,C4723,Borivali Bistro,Burger,685,16,2.8,Wallet,Mumbai - Thane,Delivered
109534,2025-05-29,C6542,Mumbai Tadka,Pizza,436,79,3.6,Cash,Mumbai - Borivali,Delivered
109535,2026-06-06,C8295,Borivali Bistro,Chinese,1129,55,3.6,Credit Card,Mumbai - Kurla,Cancelled
109536,2026-03-05,C3507,Bandra Bites,South Indian,1020,38,3.9,Debit Card,Mumbai - Borivali,Cancelled
109537,2025-05-02,C8842,Kurla Kitchen,Pizza,450,47,2.9,Cash,Mumbai - Dadar,Delivered
109538,2026-03-30,C2680,Thane Treats,Desserts,686,37,4.1,Wallet,Mumbai - Vashi,Delivered
109539,2025-12-08,C3626,Bandra Bites,South Indian,368,23,4.3,Credit Card,Mumbai - Andheri,Delivered
109540,2025-06-15,C9606,Bandra Bites,South Indian,946,36,3.3,Cash,Mumbai - Ghatkopar,Delivered
109541,2025-06-06,C3460,Andheri Kitchen,Pizza,1157,55,3.6,Wallet,Mumbai - Mulund,Cancelled
109542,2026-04-20,C5106,Marine Drive Meals,Beverages,1389,39,2.6,Debit Card,Mumbai - Andheri,Delivered
109543,2026-06-19,C3874,Borivali Bistro,Beverages,490,51,3.2,Debit Card,Mumbai - Andheri,Delivered
109544,2025-01-30,C7505,Kurla Kitchen,Pizza,503,65,3.7,Wallet,Mumbai - Andheri,Delivered
109545,2025-03-30,C7725,Mumbai Tadka,Desserts,1767,69,3.2,UPI,Mumbai - Chembur,Delivered
109546,2025-11-14,C9781,Chembur Spice House,Beverages,1530,59,4.6,UPI,Mumbai - Andheri,Delivered
109547,2025-10-15,C7200,Powai Plates,Healthy Food,742,50,4.5,Cash,Mumbai - Powai,Cancelled
109548,2025-12-18,C1293,Chembur Spice House,Biryani,576,70,3.8,Cash,Mumbai - Thane,Delivered
109549,2026-01-16,C1136,Kurla Kitchen,Burger,1030,63,3.0,Cash,Mumbai - Colaba,Cancelled
109550,2025-02-12,C4356,Borivali Bistro,Desserts,1138,26,3.5,UPI,Mumbai - Dadar,Delivered
109551,2026-03-10,C7192,Powai Plates,Healthy Food,702,64,4.5,Wallet,Mumbai - Andheri,Delivered
109552,2026-02-27,C1654,Marine Drive Meals,Desserts,175,53,4.1,Wallet,Mumbai - Dadar,Cancelled
109553,2026-02-17,C5985,Andheri Kitchen,Chinese,1767,20,2.6,Wallet,Mumbai - Mulund,Delivered
109554,2025-09-14,C2683,Powai Plates,Burger,889,41,3.7,Credit Card,Mumbai - Kurla,Cancelled
109555,2025-11-14,C7229,Borivali Bistro,Burger,1437,60,4.6,Wallet,Mumbai - Chembur,Delivered
109556,2026-05-21,C3016,Kurla Kitchen,South Indian,1163,16,2.8,UPI,Mumbai - Malad,Delivered
109557,2025-09-02,C5338,Mumbai Tadka,South Indian,882,54,4.4,Credit Card,Mumbai - Vashi,Delayed
109558,2026-03-15,C4885,Bandra Bites,Chinese,377,45,4.2,Wallet,Mumbai - Borivali,Delivered
109559,2026-05-16,C4683,Vashi Veg Corner,Healthy Food,1426,54,3.0,Cash,Mumbai - Mulund,Cancelled
109560,2026-04-16,C3132,Dadar Darbar,North Indian,913,55,2.5,Cash,Mumbai - Colaba,Delivered
109561,2026-03-10,C8189,Kurla Kitchen,Burger,1019,17,4.5,Wallet,Mumbai - Powai,Cancelled
109562,2025-06-24,C5454,Marine Drive Meals,South Indian,480,67,4.2,Wallet,Mumbai - Colaba,Delivered
109563,2025-06-01,C8266,Vashi Veg Corner,South Indian,1738,40,5.0,Debit Card,Mumbai - Bandra,Delayed
109564,2025-07-05,C2410,Mumbai Tadka,Healthy Food,646,70,4.9,Cash,Mumbai - Andheri,Cancelled
109565,2026-05-09,C1007,Thane Treats,Desserts,1715,37,4.6,Debit Card,Mumbai - Mulund,Cancelled
109566,2025-02-18,C6902,Mumbai Tadka,Biryani,1609,80,2.5,Debit Card,Mumbai - Borivali,Delivered
109567,2025-10-18,C9571,Vashi Veg Corner,Biryani,760,29,4.0,Credit Card,Mumbai - Borivali,Delayed
109568,2025-07-20,C8688,Dadar Darbar,Desserts,582,46,3.9,UPI,Mumbai - Thane,Delayed
109569,2026-04-13,C8996,Dadar Darbar,Pizza,1275,25,4.9,Debit Card,Mumbai - Ghatkopar,Delivered
109570,2026-04-02,C5732,Powai Plates,Beverages,968,85,2.7,Wallet,Mumbai - Ghatkopar,Delayed
109571,2025-02-23,C8276,Chembur Spice House,South Indian,919,27,4.1,Wallet,Mumbai - Vashi,Cancelled
109572,2025-10-06,C7046,Chembur Spice House,Beverages,1457,24,4.0,Cash,Mumbai - Thane,Cancelled
109573,2026-06-12,C8929,Mumbai Tadka,Burger,390,49,4.8,Debit Card,Mumbai - Thane,Delayed
109574,2025-09-28,C8681,Powai Plates,Desserts,722,61,3.1,Wallet,Mumbai - Ghatkopar,Delivered
109575,2025-01-07,C9609,Dadar Darbar,North Indian,1796,24,3.6,Credit Card,Mumbai - Ghatkopar,Delayed
109576,2025-12-16,C6860,Marine Drive Meals,North Indian,996,63,3.3,Wallet,Mumbai - Andheri,Cancelled
109577,2025-01-08,C4695,Thane Treats,Beverages,1171,18,4.6,Wallet,Mumbai - Ghatkopar,Delayed
109578,2026-05-20,C6965,Vashi Veg Corner,Burger,1316,16,4.2,Wallet,Mumbai - Vashi,Delivered
109579,2025-12-21,C6248,Mumbai Tadka,Healthy Food,917,29,2.5,Debit Card,Mumbai - Thane,Delivered
109580,2025-02-12,C1531,Borivali Bistro,South Indian,855,57,4.0,Cash,Mumbai - Mulund,Delivered
109581,2025-03-31,C9110,Borivali Bistro,Healthy Food,1446,32,4.1,Cash,Mumbai - Vashi,Cancelled
109582,2025-11-08,C9144,Dadar Darbar,Biryani,622,49,2.9,Cash,Mumbai - Thane,Delivered
109583,2025-05-15,C9602,Marine Drive Meals,Beverages,985,28,4.1,Cash,Mumbai - Powai,Cancelled
109584,2026-06-19,C8679,Vashi Veg Corner,Desserts,1067,79,4.5,Credit Card,Mumbai - Dadar,Delivered
109585,2025-02-04,C7157,Bandra Bites,North Indian,1016,82,2.8,UPI,Mumbai - Colaba,Delivered
109586,2025-10-01,C4141,Kurla Kitchen,Beverages,1722,82,3.0,Debit Card,Mumbai - Mulund,Delayed
109587,2025-03-24,C9256,Borivali Bistro,Healthy Food,613,47,2.5,UPI,Mumbai - Andheri,Cancelled
109588,2025-11-28,C3878,Chembur Spice House,Desserts,299,43,3.0,Cash,Mumbai - Borivali,Delivered
109589,2025-03-24,C5328,Bandra Bites,Pizza,868,32,2.5,Debit Card,Mumbai - Powai,Delivered
109590,2025-01-07,C9208,Marine Drive Meals,Healthy Food,1752,45,3.4,Credit Card,Mumbai - Mulund,Cancelled
109591,2025-12-20,C4479,Andheri Kitchen,Burger,190,15,2.9,UPI,Mumbai - Ghatkopar,Delivered
109592,2026-05-17,C7563,Vashi Veg Corner,Desserts,1754,31,3.5,Wallet,Mumbai - Andheri,Delayed
109593,2026-04-10,C6608,Mumbai Tadka,South Indian,1732,35,4.7,Wallet,Mumbai - Thane,Delivered
109594,2026-03-14,C4492,Thane Treats,Chinese,714,84,2.7,UPI,Mumbai - Malad,Delivered
109595,2025-09-21,C5220,Colaba Cafe,Burger,438,28,3.2,Wallet,Mumbai - Colaba,Cancelled
109596,2026-06-07,C2173,Powai Plates,Biryani,1534,55,3.8,Wallet,Mumbai - Ghatkopar,Delivered
109597,2025-11-24,C7541,Bandra Bites,Desserts,643,19,4.7,UPI,Mumbai - Thane,Delivered
109598,2025-09-26,C7195,Kurla Kitchen,North Indian,1732,60,2.9,Credit Card,Mumbai - Kurla,Delivered
109599,2025-10-03,C3231,Ghatkopar Grill,North Indian,1416,41,3.4,Cash,Mumbai - Ghatkopar,Delayed
109600,2026-06-20,C1650,Mumbai Tadka,Pizza,1551,22,3.3,Debit Card,Mumbai - Kurla,Cancelled
109601,2025-10-10,C5652,Dadar Darbar,North Indian,276,72,3.0,Credit Card,Mumbai - Vashi,Delayed
109602,2026-05-01,C7075,Bandra Bites,Healthy Food,1048,70,3.0,UPI,Mumbai - Bandra,Delayed
109603,2025-08-21,C1412,Marine Drive Meals,Healthy Food,1291,32,3.7,Cash,Mumbai - Malad,Delivered
109604,2025-01-31,C7110,Borivali Bistro,South Indian,819,24,4.1,Credit Card,Mumbai - Thane,Delivered
109605,2025-09-20,C4128,Thane Treats,Desserts,1248,44,3.6,Wallet,Mumbai - Dadar,Cancelled
109606,2026-02-12,C4585,Chembur Spice House,Burger,1100,79,3.8,UPI,Mumbai - Andheri,Delayed
109607,2026-02-12,C7406,Malad Food Hub,Chinese,1602,72,4.6,UPI,Mumbai - Borivali,Delivered
109608,2026-02-20,C6159,Bandra Bites,North Indian,1082,43,3.5,Cash,Mumbai - Borivali,Cancelled
109609,2025-12-27,C2379,Borivali Bistro,Beverages,1230,84,3.3,Wallet,Mumbai - Chembur,Delivered
109610,2025-12-10,C4920,Powai Plates,Healthy Food,321,58,3.3,Cash,Mumbai - Vashi,Delivered
109611,2025-05-29,C3434,Bandra Bites,North Indian,1620,64,2.9,Cash,Mumbai - Borivali,Delivered
109612,2026-02-22,C1037,Mumbai Tadka,Biryani,1642,35,3.6,Credit Card,Mumbai - Bandra,Delivered
109613,2025-01-06,C5895,Marine Drive Meals,Pizza,611,54,3.7,Debit Card,Mumbai - Andheri,Delivered
109614,2025-11-11,C2001,Powai Plates,Desserts,782,35,4.0,Credit Card,Mumbai - Ghatkopar,Delivered
109615,2026-03-27,C9855,Ghatkopar Grill,Pizza,469,53,2.7,Wallet,Mumbai - Borivali,Delivered
109616,2025-02-09,C7275,Kurla Kitchen,South Indian,1603,75,4.6,Wallet,Mumbai - Ghatkopar,Delivered
109617,2025-11-02,C9039,Bandra Bites,Burger,289,67,3.8,UPI,Mumbai - Bandra,Delivered
109618,2025-11-06,C7525,Colaba Cafe,Beverages,846,85,2.7,Cash,Mumbai - Borivali,Delivered
109619,2025-02-27,C4710,Borivali Bistro,Beverages,1202,60,3.9,Debit Card,Mumbai - Ghatkopar,Delayed
109620,2025-07-16,C4246,Andheri Kitchen,South Indian,1396,27,3.9,Wallet,Mumbai - Malad,Delivered
109621,2025-11-16,C2501,Colaba Cafe,South Indian,1631,63,3.3,Wallet,Mumbai - Bandra,Cancelled
109622,2026-05-10,C4357,Powai Plates,Chinese,1403,39,2.7,Cash,Mumbai - Ghatkopar,Delayed
109623,2026-01-13,C7176,Chembur Spice House,North Indian,1077,61,4.3,Cash,Mumbai - Ghatkopar,Cancelled
109624,2026-06-12,C3788,Borivali Bistro,Desserts,313,69,4.2,Debit Card,Mumbai - Andheri,Cancelled
109625,2026-04-12,C1953,Kurla Kitchen,North Indian,809,40,4.6,Cash,Mumbai - Dadar,Delivered
109626,2025-01-02,C9620,Marine Drive Meals,Pizza,1312,48,2.7,Debit Card,Mumbai - Andheri,Delivered
109627,2025-10-05,C4007,Andheri Kitchen,Beverages,758,32,4.6,Cash,Mumbai - Ghatkopar,Delivered
109628,2025-08-07,C4481,Powai Plates,South Indian,729,82,3.7,Cash,Mumbai - Kurla,Delivered
109629,2025-03-23,C3592,Andheri Kitchen,Chinese,1785,46,4.3,Credit Card,Mumbai - Bandra,Delivered
109630,2025-11-27,C3687,Powai Plates,Chinese,400,60,3.8,UPI,Mumbai - Andheri,Delivered
109631,2026-02-15,C7808,Thane Treats,Healthy Food,1577,18,3.8,Debit Card,Mumbai - Bandra,Cancelled
109632,2025-08-12,C9142,Bandra Bites,Healthy Food,1175,25,4.9,Cash,Mumbai - Malad,Delivered
109633,2025-05-01,C5453,Vashi Veg Corner,Biryani,774,71,4.0,Wallet,Mumbai - Malad,Delayed
109634,2026-02-12,C5635,Thane Treats,North Indian,476,37,3.4,Cash,Mumbai - Malad,Delayed
109635,2026-05-31,C1121,Chembur Spice House,Pizza,1109,15,4.8,Wallet,Mumbai - Borivali,Cancelled
109636,2026-05-15,C3068,Bandra Bites,Beverages,474,80,4.0,Debit Card,Mumbai - Vashi,Cancelled
109637,2026-03-30,C6053,Andheri Kitchen,Pizza,1071,18,4.5,Debit Card,Mumbai - Ghatkopar,Delivered
109638,2026-03-05,C8090,Chembur Spice House,Biryani,1448,31,4.5,Cash,Mumbai - Dadar,Delivered
109639,2025-10-20,C1368,Andheri Kitchen,Beverages,1246,81,4.3,Cash,Mumbai - Ghatkopar,Delayed
109640,2025-12-08,C3234,Bandra Bites,Desserts,297,47,4.5,Credit Card,Mumbai - Ghatkopar,Delivered
109641,2025-10-15,C8140,Dadar Darbar,Biryani,1239,53,4.9,Wallet,Mumbai - Borivali,Cancelled
109642,2025-03-23,C6261,Bandra Bites,Biryani,1705,82,4.8,Credit Card,Mumbai - Andheri,Cancelled
109643,2025-03-01,C6699,Andheri Kitchen,North Indian,1742,16,3.4,Debit Card,Mumbai - Thane,Delivered
109644,2026-03-15,C5710,Colaba Cafe,Healthy Food,1247,81,4.2,UPI,Mumbai - Vashi,Cancelled
109645,2026-02-19,C9110,Colaba Cafe,Chinese,192,68,3.2,Debit Card,Mumbai - Borivali,Cancelled
109646,2026-05-21,C5426,Powai Plates,South Indian,611,74,4.2,Credit Card,Mumbai - Colaba,Delivered
109647,2025-11-28,C1807,Ghatkopar Grill,Desserts,473,50,2.5,Wallet,Mumbai - Andheri,Cancelled
109648,2025-03-22,C7664,Dadar Darbar,Chinese,790,53,4.9,Cash,Mumbai - Bandra,Cancelled
109649,2025-10-25,C3200,Andheri Kitchen,Biryani,1132,24,4.2,Cash,Mumbai - Andheri,Cancelled
109650,2025-05-11,C2144,Colaba Cafe,South Indian,1345,27,4.9,Credit Card,Mumbai - Borivali,Cancelled
109651,2025-03-21,C7919,Mumbai Tadka,Pizza,1259,45,4.2,UPI,Mumbai - Ghatkopar,Delivered
109652,2025-03-01,C7549,Andheri Kitchen,South Indian,1501,48,2.9,Debit Card,Mumbai - Colaba,Cancelled
109653,2026-01-06,C6868,Colaba Cafe,Desserts,641,49,2.8,Wallet,Mumbai - Bandra,Delivered
109654,2025-01-27,C8085,Colaba Cafe,Pizza,904,20,2.5,Credit Card,Mumbai - Borivali,Cancelled
109655,2025-07-17,C3397,Andheri Kitchen,South Indian,1755,77,3.1,UPI,Mumbai - Thane,Delayed
109656,2025-04-04,C7253,Colaba Cafe,South Indian,1203,64,2.7,UPI,Mumbai - Kurla,Delivered
109657,2025-06-15,C6257,Bandra Bites,Desserts,689,65,3.6,Debit Card,Mumbai - Bandra,Delayed
109658,2026-03-11,C3540,Bandra Bites,South Indian,330,43,3.4,Credit Card,Mumbai - Powai,Delayed
109659,2025-09-30,C6460,Colaba Cafe,Chinese,1013,64,2.6,Cash,Mumbai - Bandra,Delivered
109660,2025-01-06,C7814,Andheri Kitchen,South Indian,732,40,3.4,Debit Card,Mumbai - Malad,Cancelled
109661,2026-05-24,C7447,Bandra Bites,Healthy Food,1635,66,3.1,Debit Card,Mumbai - Ghatkopar,Delivered
109662,2026-06-03,C4190,Malad Food Hub,Pizza,654,26,5.0,Debit Card,Mumbai - Ghatkopar,Delivered
109663,2025-01-15,C7939,Bandra Bites,South Indian,692,40,4.0,Debit Card,Mumbai - Mulund,Delivered
109664,2026-03-27,C2449,Malad Food Hub,Pizza,1045,34,4.2,UPI,Mumbai - Borivali,Delayed
109665,2026-03-10,C6766,Andheri Kitchen,Pizza,1106,31,4.1,Debit Card,Mumbai - Mulund,Delivered
109666,2026-05-31,C9734,Thane Treats,Pizza,1269,24,3.4,Cash,Mumbai - Thane,Delivered
109667,2025-03-05,C6067,Marine Drive Meals,Burger,335,41,4.8,Cash,Mumbai - Chembur,Delivered
109668,2026-05-20,C5042,Kurla Kitchen,Beverages,394,70,4.6,Wallet,Mumbai - Chembur,Delivered
109669,2025-01-22,C2749,Andheri Kitchen,Biryani,470,35,4.3,Credit Card,Mumbai - Malad,Cancelled
109670,2025-11-05,C3601,Ghatkopar Grill,Beverages,597,34,2.6,Cash,Mumbai - Kurla,Cancelled
109671,2025-05-31,C2795,Colaba Cafe,Chinese,1039,15,3.5,UPI,Mumbai - Colaba,Delivered
109672,2025-04-17,C9467,Ghatkopar Grill,Healthy Food,1147,34,4.3,Wallet,Mumbai - Bandra,Delivered
109673,2025-03-29,C3592,Malad Food Hub,Chinese,1677,24,2.9,Credit Card,Mumbai - Thane,Cancelled
109674,2025-09-02,C5139,Ghatkopar Grill,Chinese,1351,62,5.0,UPI,Mumbai - Malad,Delivered
109675,2026-01-08,C7594,Chembur Spice House,Biryani,1589,57,4.4,UPI,Mumbai - Powai,Delivered
109676,2025-04-19,C9099,Vashi Veg Corner,Biryani,1398,26,2.6,Cash,Mumbai - Chembur,Delivered
109677,2026-06-07,C1354,Thane Treats,Biryani,846,79,3.1,Debit Card,Mumbai - Mulund,Delayed
109678,2025-04-04,C4656,Thane Treats,North Indian,1128,53,2.7,UPI,Mumbai - Malad,Delayed
109679,2026-01-30,C6069,Kurla Kitchen,Biryani,241,65,3.2,Credit Card,Mumbai - Mulund,Delayed
109680,2025-12-22,C6519,Powai Plates,South Indian,684,16,4.7,Credit Card,Mumbai - Malad,Delivered
109681,2026-06-19,C6884,Marine Drive Meals,Biryani,1152,30,4.5,Debit Card,Mumbai - Malad,Delivered
109682,2025-10-25,C1456,Malad Food Hub,Pizza,1133,18,3.0,Cash,Mumbai - Ghatkopar,Delivered
109683,2025-12-28,C2537,Powai Plates,Pizza,202,35,4.8,Cash,Mumbai - Malad,Delivered
109684,2025-07-10,C4996,Bandra Bites,Healthy Food,1092,82,3.6,UPI,Mumbai - Vashi,Cancelled
109685,2025-09-05,C4797,Kurla Kitchen,Beverages,441,37,3.4,Debit Card,Mumbai - Borivali,Delivered
109686,2025-07-23,C8908,Borivali Bistro,Healthy Food,1180,76,4.6,Debit Card,Mumbai - Vashi,Delivered
109687,2025-05-06,C1764,Kurla Kitchen,Pizza,1585,32,4.5,Wallet,Mumbai - Vashi,Delivered
109688,2026-01-08,C1336,Chembur Spice House,Chinese,1306,81,4.1,Cash,Mumbai - Chembur,Delivered
109689,2025-07-07,C8720,Dadar Darbar,Burger,1407,27,3.8,Cash,Mumbai - Mulund,Delivered
109690,2025-04-16,C7758,Powai Plates,Biryani,1512,84,4.6,Debit Card,Mumbai - Borivali,Cancelled
109691,2026-05-07,C6529,Mumbai Tadka,South Indian,1455,42,4.3,UPI,Mumbai - Chembur,Cancelled
109692,2025-01-19,C5595,Chembur Spice House,Chinese,1610,71,3.1,Cash,Mumbai - Vashi,Cancelled
109693,2025-10-16,C6831,Andheri Kitchen,North Indian,1626,17,2.6,Debit Card,Mumbai - Vashi,Cancelled
109694,2025-03-23,C9368,Colaba Cafe,North Indian,500,58,2.6,Cash,Mumbai - Bandra,Delivered
109695,2025-10-15,C8330,Kurla Kitchen,Desserts,748,17,4.5,UPI,Mumbai - Thane,Delivered
109696,2025-12-12,C7775,Thane Treats,Healthy Food,1368,34,3.8,Wallet,Mumbai - Borivali,Cancelled
109697,2025-01-10,C5330,Kurla Kitchen,Biryani,264,72,4.4,Credit Card,Mumbai - Andheri,Delivered
109698,2026-03-09,C6570,Mumbai Tadka,Biryani,902,33,3.0,UPI,Mumbai - Ghatkopar,Delivered
109699,2025-04-08,C2162,Dadar Darbar,Biryani,608,34,3.5,Cash,Mumbai - Andheri,Delayed
109700,2025-07-06,C3532,Kurla Kitchen,Pizza,1040,27,3.5,Credit Card,Mumbai - Dadar,Delivered
109701,2025-07-12,C4129,Malad Food Hub,Beverages,559,72,4.8,UPI,Mumbai - Vashi,Cancelled
109702,2025-01-21,C9108,Bandra Bites,South Indian,750,35,3.7,UPI,Mumbai - Dadar,Delivered
109703,2025-07-23,C9938,Colaba Cafe,Burger,810,59,2.8,Wallet,Mumbai - Borivali,Cancelled
109704,2025-08-27,C5181,Malad Food Hub,North Indian,641,48,4.2,Credit Card,Mumbai - Colaba,Delayed
109705,2025-04-22,C4217,Andheri Kitchen,North Indian,883,21,3.4,Cash,Mumbai - Vashi,Delivered
109706,2025-03-23,C4057,Dadar Darbar,Desserts,1177,67,4.8,Cash,Mumbai - Malad,Cancelled
109707,2026-06-09,C5492,Ghatkopar Grill,Healthy Food,1117,50,2.5,Cash,Mumbai - Borivali,Delivered
109708,2026-03-31,C8236,Andheri Kitchen,Pizza,1240,53,4.1,Wallet,Mumbai - Dadar,Delivered
109709,2025-02-06,C6301,Dadar Darbar,Chinese,598,37,3.9,Cash,Mumbai - Vashi,Cancelled
109710,2025-11-11,C1140,Andheri Kitchen,Desserts,1635,60,3.9,Wallet,Mumbai - Colaba,Delivered
109711,2025-10-07,C2679,Bandra Bites,Beverages,500,15,4.4,Debit Card,Mumbai - Ghatkopar,Cancelled
109712,2025-03-19,C8116,Mumbai Tadka,South Indian,330,68,4.8,Debit Card,Mumbai - Dadar,Delivered
109713,2026-02-02,C6307,Chembur Spice House,Chinese,1125,80,4.5,Cash,Mumbai - Thane,Delivered
109714,2025-12-21,C3332,Borivali Bistro,Healthy Food,1203,41,4.8,Cash,Mumbai - Kurla,Cancelled
109715,2026-05-03,C6703,Dadar Darbar,Beverages,513,29,4.7,Wallet,Mumbai - Colaba,Delivered
109716,2025-11-09,C6608,Colaba Cafe,Healthy Food,1189,77,3.1,Credit Card,Mumbai - Andheri,Delivered
109717,2025-08-22,C5315,Kurla Kitchen,Desserts,1489,44,3.0,Credit Card,Mumbai - Andheri,Cancelled
109718,2025-08-19,C4153,Marine Drive Meals,Beverages,376,34,3.5,Wallet,Mumbai - Thane,Cancelled
109719,2026-02-06,C5029,Kurla Kitchen,Desserts,398,24,3.1,UPI,Mumbai - Andheri,Cancelled
109720,2025-02-16,C4709,Ghatkopar Grill,North Indian,247,33,3.1,Credit Card,Mumbai - Chembur,Cancelled
109721,2026-02-18,C6962,Chembur Spice House,Burger,630,83,4.5,Credit Card,Mumbai - Kurla,Delayed
109722,2025-03-09,C2629,Vashi Veg Corner,Chinese,144,49,3.2,UPI,Mumbai - Chembur,Delivered
109723,2025-03-13,C3715,Malad Food Hub,Biryani,718,23,3.2,Wallet,Mumbai - Mulund,Cancelled
109724,2025-07-19,C5957,Malad Food Hub,Chinese,1332,46,3.7,Cash,Mumbai - Vashi,Delivered
109725,2025-08-28,C2707,Andheri Kitchen,Beverages,976,73,4.0,Credit Card,Mumbai - Chembur,Delayed
109726,2026-04-27,C9849,Vashi Veg Corner,Chinese,979,35,3.4,Debit Card,Mumbai - Vashi,Cancelled
109727,2026-01-14,C8567,Malad Food Hub,South Indian,867,61,4.2,UPI,Mumbai - Mulund,Delayed
109728,2026-06-18,C7238,Thane Treats,Beverages,1629,36,4.9,Wallet,Mumbai - Ghatkopar,Delayed
109729,2025-01-10,C2619,Kurla Kitchen,North Indian,954,32,4.3,Credit Card,Mumbai - Powai,Delivered
109730,2025-05-19,C6565,Andheri Kitchen,South Indian,812,17,4.8,UPI,Mumbai - Andheri,Delivered
109731,2026-02-12,C2377,Andheri Kitchen,Desserts,1061,58,2.6,Credit Card,Mumbai - Thane,Delayed
109732,2026-01-03,C8122,Dadar Darbar,Biryani,1516,67,4.6,UPI,Mumbai - Dadar,Delivered
109733,2025-11-28,C2161,Mumbai Tadka,Biryani,528,85,3.7,Debit Card,Mumbai - Powai,Delivered
109734,2026-03-11,C2348,Vashi Veg Corner,Pizza,129,44,3.5,Debit Card,Mumbai - Vashi,Delivered
109735,2026-03-03,C2295,Ghatkopar Grill,Burger,1106,26,3.0,Debit Card,Mumbai - Ghatkopar,Delivered
109736,2025-04-10,C4940,Colaba Cafe,Desserts,1303,76,3.4,Credit Card,Mumbai - Bandra,Delivered
109737,2026-06-16,C8750,Chembur Spice House,Desserts,777,65,4.2,Cash,Mumbai - Colaba,Delayed
109738,2025-10-28,C7549,Colaba Cafe,North Indian,1671,50,3.9,Debit Card,Mumbai - Colaba,Delivered
109739,2025-08-27,C3613,Chembur Spice House,Chinese,708,56,2.7,UPI,Mumbai - Dadar,Delivered
109740,2025-08-18,C8647,Bandra Bites,Chinese,343,79,2.7,Credit Card,Mumbai - Kurla,Delivered
109741,2025-10-11,C9528,Malad Food Hub,South Indian,663,81,3.6,UPI,Mumbai - Bandra,Delivered
109742,2025-12-26,C4644,Ghatkopar Grill,Beverages,145,69,4.1,Credit Card,Mumbai - Powai,Delivered
109743,2025-10-21,C5888,Mumbai Tadka,Chinese,1054,46,4.0,Debit Card,Mumbai - Bandra,Cancelled
109744,2026-02-07,C2301,Mumbai Tadka,Desserts,1061,27,5.0,UPI,Mumbai - Borivali,Delivered
109745,2025-03-23,C2248,Kurla Kitchen,Burger,660,19,4.5,Wallet,Mumbai - Thane,Delivered
109746,2025-01-25,C9563,Chembur Spice House,South Indian,842,26,4.0,Credit Card,Mumbai - Powai,Cancelled
109747,2026-02-05,C4972,Bandra Bites,North Indian,210,19,4.0,Wallet,Mumbai - Borivali,Delivered
109748,2026-04-08,C8163,Dadar Darbar,Beverages,625,30,4.5,Cash,Mumbai - Andheri,Delivered
109749,2026-03-15,C7891,Borivali Bistro,Biryani,721,57,3.5,Credit Card,Mumbai - Andheri,Delivered
109750,2026-01-27,C4105,Andheri Kitchen,Burger,452,34,3.2,Wallet,Mumbai - Mulund,Delivered
109751,2025-07-29,C5792,Mumbai Tadka,North Indian,974,68,3.1,Wallet,Mumbai - Bandra,Delivered
109752,2025-06-18,C5262,Kurla Kitchen,Biryani,970,22,3.4,Credit Card,Mumbai - Mulund,Delivered
109753,2025-07-16,C5633,Thane Treats,Beverages,381,42,3.0,Cash,Mumbai - Chembur,Delivered
109754,2026-04-27,C2969,Chembur Spice House,Biryani,439,58,3.0,Wallet,Mumbai - Bandra,Delivered
109755,2025-03-21,C2405,Andheri Kitchen,Healthy Food,1619,48,4.0,Wallet,Mumbai - Kurla,Delivered
109756,2026-04-04,C8601,Dadar Darbar,Biryani,682,63,4.0,Credit Card,Mumbai - Colaba,Cancelled
109757,2025-08-17,C7299,Mumbai Tadka,Chinese,399,35,4.0,Cash,Mumbai - Ghatkopar,Delayed
109758,2025-10-13,C7813,Borivali Bistro,Chinese,1373,24,4.7,Wallet,Mumbai - Powai,Delayed
109759,2025-10-08,C9905,Bandra Bites,Beverages,865,23,2.9,Debit Card,Mumbai - Bandra,Delivered
109760,2026-02-09,C4375,Kurla Kitchen,Beverages,189,68,2.7,Cash,Mumbai - Vashi,Delayed
109761,2025-05-04,C3374,Marine Drive Meals,South Indian,1750,30,3.2,Debit Card,Mumbai - Bandra,Delivered
109762,2025-02-22,C5932,Andheri Kitchen,North Indian,880,19,3.5,Credit Card,Mumbai - Colaba,Delayed
109763,2025-05-23,C3297,Kurla Kitchen,South Indian,539,68,3.2,Credit Card,Mumbai - Thane,Delivered
109764,2026-01-11,C3408,Marine Drive Meals,Burger,243,24,3.5,Wallet,Mumbai - Borivali,Delivered
109765,2025-06-12,C6127,Marine Drive Meals,Beverages,554,58,2.6,Cash,Mumbai - Dadar,Delivered
109766,2025-07-23,C7585,Colaba Cafe,Biryani,1431,65,3.1,UPI,Mumbai - Chembur,Cancelled
109767,2025-04-25,C9729,Chembur Spice House,Healthy Food,1381,79,4.2,Cash,Mumbai - Thane,Delivered
109768,2025-06-26,C6483,Chembur Spice House,Biryani,1662,77,3.8,Credit Card,Mumbai - Vashi,Delivered
109769,2025-03-01,C9261,Kurla Kitchen,North Indian,1236,37,3.6,Debit Card,Mumbai - Bandra,Delivered
109770,2025-06-23,C3164,Bandra Bites,Pizza,1295,73,4.7,UPI,Mumbai - Ghatkopar,Delivered
109771,2026-05-12,C1304,Andheri Kitchen,North Indian,1598,63,4.0,Debit Card,Mumbai - Vashi,Delayed
109772,2025-11-21,C8288,Malad Food Hub,Chinese,1554,54,4.3,Credit Card,Mumbai - Andheri,Cancelled
109773,2025-07-11,C7292,Dadar Darbar,Desserts,1004,73,4.1,UPI,Mumbai - Mulund,Cancelled
109774,2025-09-25,C3345,Thane Treats,Desserts,1697,82,3.3,Credit Card,Mumbai - Borivali,Cancelled
109775,2025-08-13,C2257,Ghatkopar Grill,North Indian,1419,40,4.3,Debit Card,Mumbai - Thane,Delivered
109776,2025-11-06,C7922,Thane Treats,South Indian,746,22,3.3,Debit Card,Mumbai - Kurla,Delivered
109777,2025-04-02,C2408,Vashi Veg Corner,Healthy Food,1171,66,4.7,Cash,Mumbai - Mulund,Delivered
109778,2025-06-01,C3664,Andheri Kitchen,Burger,1520,52,3.7,UPI,Mumbai - Kurla,Delivered
109779,2025-06-08,C5594,Powai Plates,South Indian,1001,30,2.7,Credit Card,Mumbai - Chembur,Delayed
109780,2025-10-16,C3105,Bandra Bites,South Indian,1655,81,4.8,Wallet,Mumbai - Thane,Delivered
109781,2025-07-06,C1928,Borivali Bistro,North Indian,1294,85,3.7,Cash,Mumbai - Thane,Delivered
109782,2025-12-28,C3184,Kurla Kitchen,North Indian,421,24,3.1,Credit Card,Mumbai - Mulund,Delayed
109783,2026-05-04,C3758,Ghatkopar Grill,South Indian,755,51,4.2,Cash,Mumbai - Malad,Delivered
109784,2025-06-03,C9160,Colaba Cafe,North Indian,1656,74,4.9,Wallet,Mumbai - Powai,Cancelled
109785,2025-08-26,C7800,Marine Drive Meals,Biryani,249,68,2.9,Debit Card,Mumbai - Bandra,Delayed
109786,2025-04-03,C6020,Powai Plates,South Indian,1783,23,4.3,Credit Card,Mumbai - Vashi,Cancelled
109787,2025-11-13,C6257,Andheri Kitchen,Biryani,1516,70,4.6,Debit Card,Mumbai - Powai,Delivered
109788,2025-02-14,C1238,Thane Treats,Healthy Food,1230,20,3.8,Credit Card,Mumbai - Malad,Delivered
109789,2026-04-22,C6093,Chembur Spice House,Beverages,1440,55,3.8,Cash,Mumbai - Mulund,Delivered
109790,2025-07-23,C5331,Vashi Veg Corner,North Indian,1762,73,4.2,Cash,Mumbai - Kurla,Cancelled
109791,2026-05-22,C1534,Borivali Bistro,North Indian,198,81,3.6,Cash,Mumbai - Borivali,Delivered
109792,2025-04-24,C5196,Borivali Bistro,Chinese,626,23,4.3,Credit Card,Mumbai - Thane,Delivered
109793,2025-05-03,C2102,Dadar Darbar,Desserts,1481,76,2.5,Debit Card,Mumbai - Thane,Cancelled
109794,2025-04-28,C3602,Colaba Cafe,South Indian,1024,22,4.0,Wallet,Mumbai - Borivali,Delivered
109795,2025-04-07,C4682,Kurla Kitchen,Pizza,538,56,4.1,Cash,Mumbai - Vashi,Cancelled
109796,2025-02-03,C2557,Vashi Veg Corner,Desserts,553,63,2.9,Debit Card,Mumbai - Colaba,Delivered
109797,2026-03-09,C4805,Chembur Spice House,Pizza,1164,15,2.9,Wallet,Mumbai - Thane,Delayed
109798,2026-03-31,C5966,Chembur Spice House,Desserts,1447,27,3.7,Cash,Mumbai - Chembur,Delivered
109799,2025-12-04,C9325,Borivali Bistro,Burger,1586,82,2.8,Wallet,Mumbai - Mulund,Delivered
109800,2026-03-07,C5455,Ghatkopar Grill,North Indian,101,71,4.3,Wallet,Mumbai - Mulund,Delivered
109801,2025-06-29,C7080,Ghatkopar Grill,Pizza,1744,81,4.2,UPI,Mumbai - Colaba,Delivered
109802,2026-06-11,C6860,Andheri Kitchen,Burger,1491,59,4.8,Credit Card,Mumbai - Ghatkopar,Delivered
109803,2026-03-18,C3450,Vashi Veg Corner,Desserts,490,52,3.4,Wallet,Mumbai - Ghatkopar,Delivered
109804,2025-12-05,C5165,Ghatkopar Grill,Desserts,1660,40,4.4,UPI,Mumbai - Mulund,Delivered
109805,2025-05-01,C1147,Marine Drive Meals,Beverages,633,16,2.7,UPI,Mumbai - Borivali,Delayed
109806,2026-05-16,C5946,Powai Plates,North Indian,115,50,2.7,Credit Card,Mumbai - Chembur,Delayed
109807,2026-06-10,C4378,Kurla Kitchen,South Indian,1715,77,2.7,Cash,Mumbai - Bandra,Delayed
109808,2026-01-20,C7628,Marine Drive Meals,South Indian,1362,66,3.5,Credit Card,Mumbai - Bandra,Delivered
109809,2025-03-02,C2226,Andheri Kitchen,Beverages,342,68,4.2,UPI,Mumbai - Ghatkopar,Delivered
109810,2025-10-28,C6298,Chembur Spice House,Desserts,759,76,4.2,Wallet,Mumbai - Bandra,Delivered
109811,2025-02-01,C1071,Colaba Cafe,Healthy Food,948,48,3.0,Cash,Mumbai - Borivali,Delivered
109812,2025-10-02,C7251,Ghatkopar Grill,Pizza,1342,33,4.8,Cash,Mumbai - Mulund,Delayed
109813,2025-10-18,C8098,Vashi Veg Corner,Healthy Food,1752,25,4.4,Wallet,Mumbai - Kurla,Delivered
109814,2025-12-01,C3531,Powai Plates,Beverages,1452,80,3.8,Cash,Mumbai - Dadar,Delivered
109815,2025-12-12,C3269,Colaba Cafe,Healthy Food,781,53,4.7,Wallet,Mumbai - Powai,Delivered
109816,2025-02-05,C2224,Vashi Veg Corner,Pizza,625,55,4.4,UPI,Mumbai - Chembur,Cancelled
109817,2026-04-09,C1301,Marine Drive Meals,Desserts,534,79,4.7,Credit Card,Mumbai - Dadar,Delivered
109818,2025-08-23,C2918,Vashi Veg Corner,Pizza,1280,42,3.1,Debit Card,Mumbai - Borivali,Cancelled
109819,2025-03-04,C7089,Dadar Darbar,Burger,918,31,4.2,Debit Card,Mumbai - Andheri,Delivered
109820,2025-03-25,C8674,Borivali Bistro,Biryani,370,26,4.6,Wallet,Mumbai - Andheri,Cancelled
109821,2026-02-14,C6588,Marine Drive Meals,North Indian,634,37,4.1,Wallet,Mumbai - Malad,Delivered
109822,2026-01-31,C1581,Bandra Bites,Healthy Food,419,24,4.2,Wallet,Mumbai - Thane,Delivered
109823,2026-04-08,C2257,Andheri Kitchen,Burger,615,61,4.2,UPI,Mumbai - Kurla,Delivered
109824,2025-10-03,C1653,Dadar Darbar,Healthy Food,1647,36,3.8,Debit Card,Mumbai - Andheri,Delivered
109825,2025-02-18,C2698,Colaba Cafe,Beverages,1380,20,3.1,Debit Card,Mumbai - Bandra,Delivered
109826,2025-08-18,C7584,Thane Treats,Healthy Food,563,68,4.5,Cash,Mumbai - Kurla,Delivered
109827,2025-09-08,C5978,Ghatkopar Grill,North Indian,152,25,4.9,Wallet,Mumbai - Malad,Delivered
109828,2025-12-27,C6250,Powai Plates,Healthy Food,634,41,4.3,Wallet,Mumbai - Malad,Cancelled
109829,2025-12-19,C6629,Borivali Bistro,Burger,1623,34,4.5,UPI,Mumbai - Chembur,Delivered
109830,2025-02-19,C2827,Kurla Kitchen,Burger,416,75,3.3,UPI,Mumbai - Kurla,Delivered
109831,2026-02-15,C4412,Bandra Bites,Desserts,435,81,4.6,UPI,Mumbai - Ghatkopar,Delivered
109832,2026-06-07,C8974,Chembur Spice House,South Indian,399,54,4.2,Debit Card,Mumbai - Andheri,Delayed
109833,2025-05-22,C1499,Thane Treats,Healthy Food,868,32,4.4,UPI,Mumbai - Andheri,Delayed
109834,2026-03-14,C7080,Marine Drive Meals,North Indian,1669,56,3.6,Cash,Mumbai - Chembur,Delivered
109835,2025-06-13,C3494,Mumbai Tadka,Desserts,1279,65,4.8,Credit Card,Mumbai - Mulund,Cancelled
109836,2025-09-11,C6499,Colaba Cafe,Healthy Food,240,60,2.9,Debit Card,Mumbai - Ghatkopar,Cancelled
109837,2026-05-04,C3487,Andheri Kitchen,Biryani,1552,54,3.5,Debit Card,Mumbai - Ghatkopar,Delivered
109838,2026-03-02,C2631,Borivali Bistro,Burger,1657,72,3.5,Credit Card,Mumbai - Dadar,Delivered
109839,2025-07-28,C6407,Colaba Cafe,Pizza,674,83,3.9,Wallet,Mumbai - Bandra,Delivered
109840,2025-09-17,C9801,Marine Drive Meals,North Indian,309,35,4.6,Cash,Mumbai - Kurla,Cancelled
109841,2025-04-14,C1771,Borivali Bistro,Beverages,333,51,2.8,Debit Card,Mumbai - Chembur,Cancelled
109842,2025-08-21,C5416,Ghatkopar Grill,Desserts,928,32,3.6,Wallet,Mumbai - Andheri,Delivered
109843,2026-04-23,C5290,Andheri Kitchen,Burger,605,23,3.2,Cash,Mumbai - Bandra,Delayed
109844,2025-09-30,C4578,Kurla Kitchen,Pizza,1263,57,2.6,Credit Card,Mumbai - Borivali,Cancelled
109845,2025-08-18,C9791,Malad Food Hub,Desserts,1570,55,3.9,Wallet,Mumbai - Dadar,Delayed
109846,2025-12-18,C1227,Thane Treats,Pizza,489,37,4.4,UPI,Mumbai - Bandra,Delivered
109847,2025-02-22,C4840,Vashi Veg Corner,Chinese,761,81,4.2,Wallet,Mumbai - Dadar,Delayed
109848,2026-03-29,C8812,Kurla Kitchen,Desserts,678,30,3.8,Debit Card,Mumbai - Ghatkopar,Delayed
109849,2025-09-20,C8385,Dadar Darbar,Pizza,1094,49,3.3,Debit Card,Mumbai - Kurla,Cancelled
109850,2025-07-05,C8496,Bandra Bites,Pizza,270,66,4.0,Credit Card,Mumbai - Borivali,Cancelled
109851,2026-05-16,C7685,Bandra Bites,Healthy Food,533,43,4.1,UPI,Mumbai - Dadar,Delayed
109852,2025-11-20,C1044,Vashi Veg Corner,Healthy Food,312,26,2.8,Cash,Mumbai - Kurla,Delivered
109853,2025-11-16,C4607,Bandra Bites,Healthy Food,391,24,4.9,Wallet,Mumbai - Vashi,Delivered
109854,2026-06-10,C4563,Thane Treats,Pizza,641,22,5.0,Credit Card,Mumbai - Dadar,Delayed
109855,2025-11-16,C2870,Malad Food Hub,Chinese,1527,30,3.9,Debit Card,Mumbai - Dadar,Delayed
109856,2025-09-30,C4591,Bandra Bites,Biryani,834,21,3.6,Debit Card,Mumbai - Dadar,Delivered
109857,2026-01-06,C3835,Kurla Kitchen,Pizza,1097,61,2.7,UPI,Mumbai - Colaba,Delayed
109858,2025-08-18,C7214,Vashi Veg Corner,Burger,1632,81,4.0,UPI,Mumbai - Mulund,Cancelled
109859,2026-02-10,C7804,Borivali Bistro,Biryani,1019,35,2.5,Cash,Mumbai - Kurla,Delivered
109860,2025-12-25,C2598,Thane Treats,Pizza,545,82,3.3,Cash,Mumbai - Borivali,Cancelled
109861,2025-12-23,C4766,Marine Drive Meals,Healthy Food,1457,58,3.2,Wallet,Mumbai - Dadar,Delivered
109862,2025-08-12,C8186,Chembur Spice House,Burger,532,15,4.3,Credit Card,Mumbai - Andheri,Delayed
109863,2025-03-04,C7856,Dadar Darbar,Healthy Food,497,62,2.7,UPI,Mumbai - Ghatkopar,Delivered
109864,2025-10-07,C4697,Colaba Cafe,North Indian,1550,66,3.9,Debit Card,Mumbai - Bandra,Delayed
109865,2025-11-18,C1810,Andheri Kitchen,Chinese,847,70,4.5,Debit Card,Mumbai - Mulund,Delivered
109866,2025-08-28,C3127,Kurla Kitchen,Chinese,1339,28,2.9,UPI,Mumbai - Andheri,Delivered
109867,2025-12-28,C2952,Andheri Kitchen,Healthy Food,1217,63,2.9,Debit Card,Mumbai - Dadar,Delayed
109868,2025-11-01,C7488,Vashi Veg Corner,Healthy Food,933,20,3.8,Debit Card,Mumbai - Chembur,Delayed
109869,2026-01-15,C9461,Vashi Veg Corner,Biryani,1369,38,3.8,Credit Card,Mumbai - Kurla,Delivered
109870,2025-05-02,C5406,Dadar Darbar,Chinese,361,54,3.6,Credit Card,Mumbai - Bandra,Delayed
109871,2025-10-20,C2273,Vashi Veg Corner,Burger,1152,75,4.3,Wallet,Mumbai - Mulund,Cancelled
109872,2025-07-23,C9586,Borivali Bistro,Desserts,680,69,4.1,Debit Card,Mumbai - Kurla,Delivered
109873,2025-08-06,C7493,Thane Treats,South Indian,1673,82,2.6,Credit Card,Mumbai - Malad,Delayed
109874,2025-08-01,C2308,Ghatkopar Grill,Biryani,486,79,2.9,Wallet,Mumbai - Mulund,Delivered
109875,2025-11-04,C7156,Colaba Cafe,Healthy Food,604,77,2.6,UPI,Mumbai - Chembur,Delivered
109876,2025-07-11,C9799,Bandra Bites,Beverages,107,26,4.6,Cash,Mumbai - Ghatkopar,Delivered
109877,2025-01-26,C7288,Mumbai Tadka,South Indian,219,63,4.1,Debit Card,Mumbai - Borivali,Delayed
109878,2025-05-21,C1201,Andheri Kitchen,Beverages,1683,81,3.2,Debit Card,Mumbai - Mulund,Delayed
109879,2025-12-22,C4239,Vashi Veg Corner,Desserts,1356,79,3.7,Debit Card,Mumbai - Chembur,Cancelled
109880,2025-04-23,C1785,Dadar Darbar,Burger,1376,26,5.0,Wallet,Mumbai - Andheri,Delayed
109881,2025-11-22,C3117,Mumbai Tadka,Burger,1546,67,4.3,Wallet,Mumbai - Borivali,Delayed
109882,2025-03-01,C3772,Bandra Bites,Biryani,904,20,3.6,Credit Card,Mumbai - Vashi,Delivered
109883,2025-05-26,C4548,Marine Drive Meals,Pizza,1004,81,4.5,Credit Card,Mumbai - Bandra,Delivered
109884,2026-01-14,C7582,Mumbai Tadka,South Indian,354,60,3.5,UPI,Mumbai - Kurla,Delivered
109885,2025-12-24,C2063,Ghatkopar Grill,Burger,292,80,3.6,UPI,Mumbai - Borivali,Delayed
109886,2026-04-14,C8445,Borivali Bistro,Beverages,1067,33,4.2,UPI,Mumbai - Colaba,Delivered
109887,2025-10-31,C6475,Vashi Veg Corner,Biryani,1120,24,4.4,Cash,Mumbai - Dadar,Delayed
109888,2025-07-25,C3490,Bandra Bites,Pizza,1424,72,4.9,Debit Card,Mumbai - Colaba,Cancelled
109889,2026-01-26,C5580,Dadar Darbar,Pizza,197,47,4.3,UPI,Mumbai - Mulund,Delivered
109890,2025-10-13,C8946,Mumbai Tadka,Chinese,296,81,4.4,UPI,Mumbai - Vashi,Delivered
109891,2026-04-20,C6214,Marine Drive Meals,Beverages,589,68,2.6,UPI,Mumbai - Dadar,Delivered
109892,2026-06-01,C4298,Borivali Bistro,Pizza,930,32,4.8,Debit Card,Mumbai - Thane,Delivered
109893,2026-04-12,C5777,Vashi Veg Corner,South Indian,916,81,3.1,Cash,Mumbai - Vashi,Delivered
109894,2025-08-09,C1139,Kurla Kitchen,Beverages,1354,18,2.8,Cash,Mumbai - Bandra,Delayed
109895,2025-06-20,C6420,Kurla Kitchen,Chinese,316,57,4.9,UPI,Mumbai - Andheri,Delivered
109896,2026-02-25,C9740,Andheri Kitchen,Beverages,898,69,4.7,Debit Card,Mumbai - Kurla,Delayed
109897,2025-11-22,C4509,Ghatkopar Grill,Burger,1195,18,2.6,Cash,Mumbai - Colaba,Delivered
109898,2026-05-09,C4279,Ghatkopar Grill,Biryani,264,34,3.4,Cash,Mumbai - Kurla,Delivered
109899,2025-09-04,C3787,Ghatkopar Grill,Burger,293,32,4.3,Credit Card,Mumbai - Colaba,Delivered
109900,2026-03-07,C9605,Bandra Bites,Burger,178,55,4.5,Debit Card,Mumbai - Ghatkopar,Delivered
109901,2025-03-31,C7990,Colaba Cafe,Chinese,1663,34,4.6,Cash,Mumbai - Borivali,Delivered
109902,2025-07-04,C8687,Vashi Veg Corner,Biryani,676,82,4.0,UPI,Mumbai - Mulund,Delivered
109903,2026-02-24,C6323,Powai Plates,Beverages,1332,85,4.5,UPI,Mumbai - Ghatkopar,Delayed
109904,2025-09-25,C9605,Thane Treats,Desserts,656,57,4.4,Cash,Mumbai - Bandra,Delivered
109905,2025-08-07,C9853,Marine Drive Meals,Biryani,792,39,3.7,Debit Card,Mumbai - Dadar,Cancelled
109906,2026-03-16,C9487,Ghatkopar Grill,Burger,1185,46,3.4,UPI,Mumbai - Colaba,Delivered
109907,2026-02-19,C4105,Kurla Kitchen,North Indian,1000,45,3.7,Wallet,Mumbai - Chembur,Delivered
109908,2025-02-03,C8338,Marine Drive Meals,Pizza,1441,75,5.0,Credit Card,Mumbai - Mulund,Delayed
109909,2025-11-08,C9767,Powai Plates,South Indian,963,75,3.5,Credit Card,Mumbai - Powai,Delivered
109910,2025-05-03,C6192,Andheri Kitchen,Pizza,343,30,4.5,Debit Card,Mumbai - Thane,Delivered
109911,2026-05-13,C9234,Kurla Kitchen,Desserts,888,28,4.9,Wallet,Mumbai - Borivali,Delivered
109912,2025-07-28,C3039,Thane Treats,Beverages,538,53,4.7,UPI,Mumbai - Malad,Delivered
109913,2025-08-23,C4830,Bandra Bites,Pizza,1785,77,3.9,Debit Card,Mumbai - Borivali,Delayed
109914,2025-01-18,C3227,Borivali Bistro,Pizza,1040,56,4.5,Wallet,Mumbai - Malad,Delivered
109915,2025-06-08,C3904,Marine Drive Meals,Beverages,277,38,2.6,Credit Card,Mumbai - Malad,Delivered
109916,2025-11-30,C2297,Kurla Kitchen,Desserts,1463,73,3.0,UPI,Mumbai - Colaba,Cancelled
109917,2025-01-05,C1968,Borivali Bistro,Healthy Food,625,25,4.3,Debit Card,Mumbai - Powai,Delayed
109918,2025-08-12,C9507,Powai Plates,Biryani,361,25,5.0,UPI,Mumbai - Borivali,Delivered
109919,2025-01-05,C3335,Marine Drive Meals,Burger,271,82,4.9,Cash,Mumbai - Bandra,Delayed
109920,2025-01-20,C7349,Thane Treats,Beverages,1793,50,4.4,Wallet,Mumbai - Chembur,Delayed
109921,2025-09-25,C7795,Dadar Darbar,Chinese,1073,34,4.7,Wallet,Mumbai - Thane,Delivered
109922,2026-06-08,C8887,Ghatkopar Grill,Healthy Food,1012,67,3.5,Cash,Mumbai - Kurla,Delivered
109923,2025-01-10,C9657,Thane Treats,Beverages,352,66,3.7,Debit Card,Mumbai - Ghatkopar,Delivered
109924,2025-03-12,C9034,Dadar Darbar,Biryani,316,37,4.0,Cash,Mumbai - Colaba,Delivered
109925,2025-02-23,C8434,Powai Plates,Pizza,179,29,4.3,Wallet,Mumbai - Borivali,Delivered
109926,2025-06-02,C3297,Powai Plates,Burger,572,56,4.6,Wallet,Mumbai - Ghatkopar,Delivered
109927,2025-11-15,C6606,Borivali Bistro,Beverages,877,55,4.0,Debit Card,Mumbai - Mulund,Delivered
109928,2025-03-30,C2315,Dadar Darbar,Healthy Food,209,79,2.6,UPI,Mumbai - Bandra,Delivered
109929,2025-05-23,C2545,Bandra Bites,North Indian,1273,80,2.8,Credit Card,Mumbai - Ghatkopar,Delivered
109930,2025-11-30,C9699,Malad Food Hub,Healthy Food,914,44,4.9,UPI,Mumbai - Chembur,Delivered
109931,2025-01-22,C8679,Vashi Veg Corner,Desserts,1265,40,3.8,Credit Card,Mumbai - Thane,Cancelled
109932,2025-05-28,C2611,Ghatkopar Grill,Desserts,565,21,3.0,Credit Card,Mumbai - Vashi,Delayed
109933,2025-05-08,C5638,Vashi Veg Corner,Chinese,1398,40,3.5,Credit Card,Mumbai - Thane,Delivered
109934,2025-03-30,C7375,Borivali Bistro,Beverages,1443,24,4.0,Cash,Mumbai - Ghatkopar,Delivered
109935,2026-01-05,C1531,Powai Plates,North Indian,101,73,2.5,Credit Card,Mumbai - Mulund,Delivered
109936,2025-02-12,C1084,Bandra Bites,North Indian,875,25,4.6,Debit Card,Mumbai - Borivali,Delivered
109937,2025-12-07,C6475,Chembur Spice House,North Indian,1149,54,2.8,UPI,Mumbai - Mulund,Delivered
109938,2025-04-29,C3651,Bandra Bites,Desserts,1775,76,4.3,Credit Card,Mumbai - Mulund,Cancelled
109939,2026-06-14,C2422,Colaba Cafe,Biryani,798,57,3.8,Credit Card,Mumbai - Borivali,Delivered
109940,2025-12-15,C9557,Thane Treats,Biryani,669,25,4.0,Cash,Mumbai - Dadar,Delivered
109941,2026-05-31,C5587,Vashi Veg Corner,Pizza,1084,32,3.3,Credit Card,Mumbai - Colaba,Delivered
109942,2025-06-18,C4501,Vashi Veg Corner,Biryani,1410,23,3.8,Credit Card,Mumbai - Bandra,Delayed
109943,2025-09-27,C6753,Ghatkopar Grill,Burger,774,51,4.9,Debit Card,Mumbai - Mulund,Delayed
109944,2025-03-12,C9477,Andheri Kitchen,Healthy Food,1404,41,2.6,Wallet,Mumbai - Malad,Delayed
109945,2025-01-16,C1730,Colaba Cafe,Biryani,731,68,4.9,Credit Card,Mumbai - Malad,Cancelled
109946,2025-02-03,C6543,Marine Drive Meals,Healthy Food,415,16,3.5,UPI,Mumbai - Borivali,Delivered
109947,2026-04-20,C7449,Andheri Kitchen,Beverages,1757,47,3.1,Cash,Mumbai - Thane,Delayed
109948,2025-06-14,C9720,Marine Drive Meals,Beverages,809,34,2.6,Credit Card,Mumbai - Vashi,Delivered
109949,2025-06-30,C5296,Chembur Spice House,Burger,789,52,2.7,UPI,Mumbai - Malad,Delivered
109950,2026-01-18,C4457,Malad Food Hub,Biryani,693,57,4.1,Credit Card,Mumbai - Chembur,Delivered
109951,2026-01-25,C2766,Vashi Veg Corner,Healthy Food,1218,21,3.1,Wallet,Mumbai - Thane,Delivered
109952,2025-11-16,C5088,Kurla Kitchen,Biryani,1107,63,3.4,Credit Card,Mumbai - Andheri,Cancelled
109953,2025-03-30,C3936,Chembur Spice House,Beverages,1762,43,4.1,UPI,Mumbai - Malad,Delivered
109954,2025-10-30,C9457,Andheri Kitchen,South Indian,308,57,4.8,Debit Card,Mumbai - Andheri,Delivered
109955,2026-04-04,C7644,Marine Drive Meals,Biryani,1290,85,4.6,Cash,Mumbai - Powai,Delivered
109956,2026-01-29,C3639,Colaba Cafe,Healthy Food,1267,38,3.0,Debit Card,Mumbai - Chembur,Delivered
109957,2025-05-05,C7228,Marine Drive Meals,Chinese,918,64,3.6,Cash,Mumbai - Vashi,Delivered
109958,2025-12-04,C6177,Mumbai Tadka,Healthy Food,1022,68,2.9,UPI,Mumbai - Bandra,Cancelled
109959,2026-01-13,C1449,Powai Plates,Pizza,794,83,3.5,Debit Card,Mumbai - Kurla,Cancelled
109960,2026-06-13,C9937,Marine Drive Meals,Burger,339,83,3.3,UPI,Mumbai - Andheri,Delivered
109961,2025-12-11,C3017,Colaba Cafe,Chinese,1787,42,3.6,Credit Card,Mumbai - Chembur,Delivered
109962,2025-01-30,C4073,Andheri Kitchen,Desserts,384,79,4.3,Wallet,Mumbai - Vashi,Delivered
109963,2026-06-03,C9826,Kurla Kitchen,North Indian,1716,76,4.0,Cash,Mumbai - Dadar,Delivered
109964,2025-05-08,C1925,Ghatkopar Grill,Burger,1420,76,3.3,Wallet,Mumbai - Vashi,Delivered
109965,2025-01-01,C4198,Vashi Veg Corner,Chinese,763,66,3.3,UPI,Mumbai - Bandra,Delivered
109966,2026-05-19,C3733,Chembur Spice House,Beverages,1423,34,3.9,UPI,Mumbai - Andheri,Delivered
109967,2025-09-08,C3378,Marine Drive Meals,Desserts,578,46,3.9,Debit Card,Mumbai - Powai,Delayed
109968,2026-06-04,C4022,Bandra Bites,Healthy Food,1550,54,4.9,Credit Card,Mumbai - Kurla,Cancelled
109969,2025-09-05,C1330,Bandra Bites,Pizza,1310,77,2.7,UPI,Mumbai - Andheri,Delivered
109970,2025-07-03,C4851,Powai Plates,Desserts,286,53,2.8,Credit Card,Mumbai - Chembur,Delivered
109971,2025-09-01,C2377,Malad Food Hub,Desserts,1268,44,2.8,Credit Card,Mumbai - Vashi,Cancelled
109972,2025-07-03,C2967,Mumbai Tadka,Pizza,155,48,2.7,Cash,Mumbai - Colaba,Delayed
109973,2025-11-15,C6915,Malad Food Hub,South Indian,1772,42,3.0,Debit Card,Mumbai - Kurla,Cancelled
109974,2025-11-30,C1274,Colaba Cafe,Healthy Food,1170,63,4.0,Wallet,Mumbai - Bandra,Delivered
109975,2025-11-26,C8017,Marine Drive Meals,Burger,1032,54,3.3,Wallet,Mumbai - Thane,Delivered
109976,2025-01-28,C1712,Thane Treats,Chinese,1786,79,4.1,Wallet,Mumbai - Andheri,Cancelled
109977,2026-03-01,C6511,Bandra Bites,Pizza,1311,37,2.7,Debit Card,Mumbai - Vashi,Cancelled
109978,2026-06-11,C7506,Kurla Kitchen,Healthy Food,215,67,4.2,UPI,Mumbai - Andheri,Delivered
109979,2025-04-06,C1450,Malad Food Hub,Burger,1464,70,3.2,Debit Card,Mumbai - Andheri,Delivered
109980,2025-04-11,C3550,Borivali Bistro,Beverages,1062,19,4.8,Wallet,Mumbai - Borivali,Delayed
109981,2025-03-02,C7936,Marine Drive Meals,North Indian,682,59,4.8,Cash,Mumbai - Ghatkopar,Delivered
109982,2025-03-12,C5293,Bandra Bites,Burger,478,15,2.8,Wallet,Mumbai - Chembur,Delivered
109983,2025-09-26,C3054,Borivali Bistro,South Indian,1712,78,3.2,UPI,Mumbai - Borivali,Delayed
109984,2025-10-05,C4066,Chembur Spice House,Healthy Food,857,32,4.5,Wallet,Mumbai - Ghatkopar,Delivered
109985,2025-10-22,C8932,Dadar Darbar,Chinese,754,36,3.9,UPI,Mumbai - Vashi,Delivered
109986,2026-04-24,C2797,Mumbai Tadka,Desserts,618,56,2.6,UPI,Mumbai - Bandra,Cancelled
109987,2025-12-18,C1041,Bandra Bites,Desserts,241,74,3.4,UPI,Mumbai - Bandra,Delivered
109988,2025-03-08,C3408,Marine Drive Meals,Pizza,578,33,4.6,Wallet,Mumbai - Chembur,Delivered
109989,2026-03-10,C2554,Andheri Kitchen,Desserts,1734,75,3.8,UPI,Mumbai - Bandra,Delivered
109990,2025-06-15,C4768,Malad Food Hub,Pizza,249,27,3.3,UPI,Mumbai - Kurla,Cancelled
109991,2026-04-05,C8148,Chembur Spice House,Healthy Food,256,84,5.0,Credit Card,Mumbai - Borivali,Delayed
109992,2026-03-08,C8926,Marine Drive Meals,Healthy Food,613,57,4.3,Credit Card,Mumbai - Vashi,Delivered
109993,2026-03-23,C1815,Marine Drive Meals,Desserts,734,21,3.9,Wallet,Mumbai - Mulund,Delivered
109994,2026-03-09,C7261,Dadar Darbar,Burger,486,32,4.7,Debit Card,Mumbai - Kurla,Delivered
109995,2025-11-03,C3361,Borivali Bistro,Chinese,123,53,3.9,Debit Card,Mumbai - Thane,Cancelled
109996,2025-05-01,C1980,Kurla Kitchen,Biryani,1572,25,2.6,Debit Card,Mumbai - Bandra,Cancelled
109997,2025-05-02,C6911,Andheri Kitchen,Biryani,645,57,2.7,Wallet,Mumbai - Vashi,Cancelled
109998,2025-03-04,C9289,Thane Treats,North Indian,596,65,2.6,UPI,Mumbai - Chembur,Delivered
109999,2025-07-11,C9106,Colaba Cafe,Biryani,1360,59,4.9,UPI,Mumbai - Chembur,Delivered
110000,2026-03-28,C1504,Kurla Kitchen,South Indian,1443,72,4.9,Wallet,Mumbai - Borivali,Delayed
